Bootstrapping set 1/9
Bootstrapping set 2/9
Bootstrapping set 3/9
Bootstrapped 0 full traces after 0 examples for up to 1 rounds, amounting to 0 attempts.
Bootstrapping set 4/9
Bootstrapping set 5/9
Bootstrapping set 6/9
Bootstrapping set 7/9
Bootstrapping set 8/9
Bootstrapping set 9/9
SOURCE CODE: 

class UniversalExtractor(BaseAgent, dspy.Module, metaclass=UniversalExtractorMeta):
    """Task-agnostic extraction agent.

    Wraps a specific task signature with Chain-of-Thought reasoning.
    """

    def __init__(self, signature_class: Type[dspy.Signature]):
        """Initialize the UniversalExtractor."""
        BaseAgent.__init__(self)
        dspy.Module.__init__(self)
        self.prog = dspy.ChainOfThought(signature_class)

    def forward(self, document_text: str) -> dspy.Prediction:
        """Execute the extraction pipeline."""
        return self.prog(document_text=document_text)

    def save(self, path: str) -> None:
        """Save the agent to a file."""
        dspy.Module.save(self, path)

    def load(self, path: str) -> None:
        """Load the agent from a file."""
        dspy.Module.load(self, path)

DATA SUMMARY: This dataset pairs full-text scientific articles on nanozymes with structured experimental metadata, prioritizing fundamental kinetic parameters and material properties over application-specific performance metrics. The extraction schema normalizes diverse scientific notation and aggregates distributed information across document sections, including Supporting Information, to create standardized records of catalytic activity. Consequently, the data is optimized for Information Extraction tasks aimed at building comprehensive databases of nanomaterial properties.
Using a randomly generated configuration for our grounded proposer.
Selected tip: high_stakes
PROGRAM DESCRIPTION: The program is designed to solve **information extraction tasks** from unstructured text documents in a task-agnostic manner. It leverages a language model with **Chain-of-Thought (CoT) reasoning** to dynamically adapt to different extraction signatures (e.g., entity recognition, relation extraction, key-value parsing). 

**How it works:**
1. **Initialization**: The `UniversalExtractor` is configured with a task-specific `signature_class` (defining input/output fields for the extraction task).
2. **Processing**: When given `document_text`, it invokes a CoT-based language model pipeline (`dspy.ChainOfThought`) to reason step-by-step about the text and produce structured predictions aligned with the signature.
3. **Persistence**: The agent can be saved/loaded to disk, enabling reuse across sessions without retraining.

This design allows flexible deployment for diverse extraction tasks (e.g., pulling dates, names, or custom fields) by swapping the `signature_class`, while the CoT mechanism improves accuracy through explicit reasoning traces.
task_demos No task demos provided.




[34m[Unknown time][0m

[31mSystem message:[0m

Your input fields are:
1. `dataset_description` (str): A description of the dataset that we are using.
2. `program_code` (str): Language model program designed to solve a particular task.
3. `program_description` (str): Summary of the task the program is designed to solve, and how it goes about solving it.
4. `module` (str): The module to create an instruction for.
5. `module_description` (str): Description of the module to create an instruction for.
6. `task_demos` (str): Example inputs/outputs of our module.
7. `basic_instruction` (str): Basic instruction.
8. `tip` (str): A suggestion for how to go about generating the new instruction.
Your output fields are:
1. `proposed_instruction` (str): Propose an instruction that will be used to prompt a Language Model to perform this task.
All interactions will be structured in the following way, with the appropriate values filled in.

[[ ## dataset_description ## ]]
{dataset_description}

[[ ## program_code ## ]]
{program_code}

[[ ## program_description ## ]]
{program_description}

[[ ## module ## ]]
{module}

[[ ## module_description ## ]]
{module_description}

[[ ## task_demos ## ]]
{task_demos}

[[ ## basic_instruction ## ]]
{basic_instruction}

[[ ## tip ## ]]
{tip}

[[ ## proposed_instruction ## ]]
{proposed_instruction}

[[ ## completed ## ]]
In adhering to this structure, your objective is: 
        Use the information below to learn about a task that we are trying to solve using calls to an LM, then generate a new instruction that will be used to prompt a Language Model to better solve the task.


[31mUser message:[0m

[[ ## dataset_description ## ]]
This dataset pairs full-text scientific articles on nanozymes with structured experimental metadata, prioritizing fundamental kinetic parameters and material properties over application-specific performance metrics. The extraction schema normalizes diverse scientific notation and aggregates distributed information across document sections, including Supporting Information, to create standardized records of catalytic activity. Consequently, the data is optimized for Information Extraction tasks aimed at building comprehensive databases of nanomaterial properties.

[[ ## program_code ## ]]


class UniversalExtractor(BaseAgent, dspy.Module, metaclass=UniversalExtractorMeta):
    """Task-agnostic extraction agent.

    Wraps a specific task signature with Chain-of-Thought reasoning.
    """

    def __init__(self, signature_class: Type[dspy.Signature]):
        """Initialize the UniversalExtractor."""
        BaseAgent.__init__(self)
        dspy.Module.__init__(self)
        self.prog = dspy.ChainOfThought(signature_class)

    def forward(self, document_text: str) -> dspy.Prediction:
        """Execute the extraction pipeline."""
        return self.prog(document_text=document_text)

    def save(self, path: str) -> None:
        """Save the agent to a file."""
        dspy.Module.save(self, path)

    def load(self, path: str) -> None:
        """Load the agent from a file."""
        dspy.Module.load(self, path)


[[ ## program_description ## ]]
The program is designed to solve **information extraction tasks** from unstructured text documents in a task-agnostic manner. It leverages a language model with **Chain-of-Thought (CoT) reasoning** to dynamically adapt to different extraction signatures (e.g., entity recognition, relation extraction, key-value parsing). 

**How it works:**
1. **Initialization**: The `UniversalExtractor` is configured with a task-specific `signature_class` (defining input/output fields for the extraction task).
2. **Processing**: When given `document_text`, it invokes a CoT-based language model pipeline (`dspy.ChainOfThought`) to reason step-by-step about the text and produce structured predictions aligned with the signature.
3. **Persistence**: The agent can be saved/loaded to disk, enabling reuse across sessions without retraining.

This design allows flexible deployment for diverse extraction tasks (e.g., pulling dates, names, or custom fields) by swapping the `signature_class`, while the CoT mechanism improves accuracy through explicit reasoning traces.

[[ ## module ## ]]
Predict(document_text) -> reasoning, extracted_data

[[ ## module_description ## ]]
This module represents the core inference operation executed within the `UniversalExtractor`'s `forward` method. It accepts the raw `document_text` and processes it through the initialized `ChainOfThought` pipeline. The module is responsible for generating intermediate `reasoning` traces that guide the language model's logic, ultimately producing the structured `extracted_data` compliant with the task-specific signature provided during initialization.

[[ ## task_demos ## ]]
No task demos provided.

[[ ## basic_instruction ## ]]
# Data Extraction Instruction

You are an AI assistant specializing in the accurate extraction of structured data from scientific texts. Your task is to read the text and generate a JSON array of objects (records), strictly following the filtering and processing rules below.

## 1. Rules for Creating Records

Determine which objects deserve a separate record in the final array. Create a new record (row) only if the following conditions are met:

* Create a record for each unique artificial nanomaterial (nanozyme) synthesized or primarily characterized within the current study.
* Create a record for each unique type of enzyme-like activity.
* Create a record for each specific varied substrate.
* Create a record for each specific environmental condition or modulator.
* Extract only those combinations for which the authors have calculated detailed steady-state kinetic parameters (Km, Vmax).

**Strictly ignore and do not create records in the following cases:**
* Ignore natural enzymes (e.g., HRP, native catalase).
* Ignore literature data (Literature References) and catalysts whose kinetic parameters are transferred from previous publications.
* Ignore alternative catalytic modalities and processes not related to Michaelis-Menten enzyme-like kinetics.
* Ignore intermediate states, physical mixtures without detailed kinetics, and highly specialized applied probes if fundamental calculation of Km and Vmax constants is not performed for them.

---

## 2. Rules for Populating Fields

For each created record, find and extract the following fields. Apply the described processing steps. If a valid value for a field is missing in the text, return `null`.

### Field: `activity`
**Parameter essence:** The type of enzyme-like catalytic activity (e.g., peroxidase, catalase, oxidase) mimicked by the investigated nanomaterial (nanozyme).
**Search condition:** Extract the value strictly in relation to the local experimental context (substrate, reaction conditions, or a specific table row). If multiple types of activity are listed in the text (multiple instances), capture only the type that is physically realized in the currently described process (e.g., oxidation of TMB in the presence of H2O2 determines the choice of 'peroxidase', O2 evolution — 'catalase').

**Processing steps:**
* Find mentions of catalytic activity in the text (terms with enzyme names, abbreviations POD, HRP, CAT, OXD, as well as descriptive phrases like 'enzyme-catalysis capability', 'artificial peroxidase').
* Convert abbreviations and specific biological analogies into standardized basic enzyme names (e.g., 'POD' -> 'peroxidase', 'HRP-like' -> 'peroxidase', 'CAT' -> 'catalase', 'OXD' -> 'oxidase').
* Cut off similarity suffixes ('-like', '-mimic'), as well as dependent words denoting a process or property ('activity', 'properties', 'catalysis', 'artificial').
* Convert the final cleaned enzyme name strictly to lowercase (e.g., 'Peroxidase' -> 'peroxidase').


### Field: `ccat_unit`
**Parameter essence:** The unit of measurement of a physical quantity (mass, mass or molar concentration) describing the quantitative content of the main catalyst (nanozyme) in the reaction system during kinetic assays.
**Search condition:** Triggers only when there is a direct syntactic or contextual connection of the unit of measurement with the quantitative parameter of the investigated nanozyme added to the reaction medium.

**Processing steps:**
* Localize a numerical value in the text denoting the amount or concentration of the target catalyst, and capture the unit of measurement following it.
* If the unit of measurement is expressed as a relative value 'ppm' (parts per million), conceptually convert it to the equivalent mass-volume concentration 'μg mL−1' (according to the document context).
* Perform a strict replacement of the micro sign 'µ' (U+00B5) with the standard Greek letter 'μ' (U+03BC).
* Restore missing spaces between components of a complex dimension (e.g., 'μgmL−1' -> 'μg mL−1').
* Preserve original separators and operators present in the text (e.g., interpuncts 'μg · mL−1' or slashes 'μg/mL'), without standardizing them to a single style, unless it violates the physical meaning.

**Ignore (False positives):**
* Ignore units of measurement of linear dimensions or area (e.g., 'cm') describing the macroscopic physical dimensions of a solid catalyst (e.g., a film), as they do not reflect the concentration or mass of the substance in the reaction volume.
* Ignore units of measurement related to the mass of individual microcomponents of a composite (e.g., 'ng' strictly for a platinum core) or to the mass of reference natural enzymes (e.g., 'ng HRP'), extracting only the dimension for the target nanozyme as a whole.
* Ignore units of measurement of molar concentration (e.g., 'M') if they are syntactically tied exclusively to the calculated concentration of active sites '[E]' used as an intermediate parameter to calculate Kcat, provided the basic mass concentration of the catalyst itself is present in the description.


### Field: `ccat_value`
**Parameter essence:** The absolute practical mass or concentration of the catalyst (nanozyme) introduced into the reaction system to conduct steady-state kinetic measurements. The attribute determines the macroscopic amount of the entire synthesized composite material acting as a catalyst and is a fundamental parameter of the external experimental environment.
**Search condition:** Triggers strictly when there is a fixed value of the mass or concentration of the catalyst tied to the conditions of the steady-state kinetic experiment (plotting Michaelis-Menten curves).

**Processing steps:**
* Localize a numerical value in the text or tabular metadata describing the mass (µg, mg) or concentration (mg/mL, µg/mL, ppm, μM) of the catalyst fixed for conducting the kinetic analysis.
* In case of using different catalyst masses for different varied substrates (e.g., 35 µg for H2O2 and 55 µg for TMB within the same sentence), deterministically extract the value corresponding to the substrate of the current reaction.
* Extract exclusively the numerical value (integer or decimal fraction).
* Unconditionally cut off any units of measurement, chemical formulas, brackets, and text markers (e.g., '47.8 μg · mL−1' -> '47.8', '50 ppm' -> '50').

**Ignore (False positives):**
* Strictly ignore calculated molar concentrations of the catalyst (usually expressed in M and denoted as [E]) presented in summary tables of kinetic parameters for calculating the k_cat constant. Extract the primary mass or working concentration from the protocol description.
* Ignore the mass or fraction of an individual active metal/element within a complex composite (e.g., 'containing 250 ng Pt'). Extract the mass of the entire assembled composite material.
* Ignore physical dimensions, area, or volume of solid samples (e.g., '0.5 cm × 1 cm' for films). The attribute must be expressed in terms of mass or concentration.
* Ignore enumerations of concentrations used at the stage of selecting optimal conditions (e.g., '5, 15, 25... µg'). Extract the single fixed value applied when varying the substrate.
* Ignore catalyst amounts applied to investigate side activities (e.g., catalase) if the target profile is built for another activity (e.g., peroxidase).


### Field: `c_const`
**Parameter essence:** The fixed (constant) molar concentration of the co-substrate in the final reaction mixture during steady-state kinetic measurements (determination of Michaelis-Menten parameters), acting as a background condition when varying the concentration of the main investigated substrate.
**Search condition:** The presence of a steady-state kinetics (Michaelis-Menten) context where the 'varied substrate — fixed co-substrate' pair is explicitly specified.

**Processing steps:**
* Find the description of the kinetic experiment in the text and identify the co-substrate whose concentration is fixed (markers: 'fixed', 'was [X]', 'in the presence of') against the background of varying another component ('varying', 'different amounts').
* Capture the numerical value and its original unit of measurement (M, mM, μM).
* Convert all values to a single standard dimension — millimoles (mM). If the original value is in 'M' — multiply by 1000. If in 'μM' — divide by 1000.
* Discard units of measurement and text noise, returning strictly the final number (e.g., '210 μM' -> 0.21; '1 M' -> 1000).

**Ignore (False positives):**
* Ignore physical parameters of stock (initial) solutions: concentrations, mass fractions, or volumes of reagents prior to their dilution in the reaction mixture (e.g., '20 mg mL−1 in DMSO', '30% H2O2', '10 μL'). These are fundamentally different physical objects (precursors), not properties of the final environment.


### Field: `c_const_unit`
**Parameter essence:** The unit of measurement of the fixed (constant) molar concentration of the co-substrate (e.g., H2O2 or TMB) in the reaction mixture during kinetic assays. Denotes the dimension of the value that remains unchanged while the concentration of another substrate is varied.
**Search condition:** Extract only if the unit of measurement refers to the molar concentration of the fixed co-substrate in the final reaction mixture.

**Processing steps:**
* Find the value of the fixed co-substrate concentration in the text (often accompanied by the words 'fixed', 'constant' or indicated as an exact single value against the background of a varied range of another substrate).
* Capture the unit of measurement (M, mM, μM) syntactically tied to this numerical value.
* Clean the extracted string from brackets, spaces, and punctuation.
* Preserve the original case and prefix (M, mM, μM) without mathematical conversion to other orders of magnitude (unless otherwise dictated by a strict external standard).

**Ignore (False positives):**
* Ignore units of measurement of mass concentration (e.g., mg mL-1). The target attribute is always expressed in units of molarity (M, mM, μM).
* Ignore units of measurement of the concentration of intermediate or initial (stock) solutions (e.g., 'in DMSO'). Extract strictly the dimension of the final working concentration in the reaction medium.


### Field: `c_max`
**Parameter essence:** The exact numerical value of the maximum concentration of the varied substrate (e.g., H2O2, TMB) applied in a series of kinetic experiments to calculate enzyme activity parameters (according to the Michaelis-Menten model). The value represents the upper limit of the investigated concentration range or the maximum element of the array of specified concentrations, strictly normalized to the unit of measurement millimoles per liter (mM).
**Search condition:** The text must describe a kinetic experiment with an explicit indication of varying the concentration of the target substrate (markers: 'varying concentration', 'different amounts', 'ranging from', 'final working concentrations').

**Processing steps:**
* Find syntactic structures describing the change in substrate concentration (enumeration of an array of values 'X, Y, ..., Z mM' or indication of a continuous range 'from X to Z M').
* Isolate the maximum numerical value from the found array or extract the upper boundary of the specified range.
* Mandatorily convert the extracted value to a single dimension — millimolarity (mM). If the original value is specified in M (molarity) — multiply by 1000; if in μM (micromolarity) — divide by 1000; if in mM — leave unchanged.
* Write the final value as a decimal number (mathematical rounding to significant digits is allowed, e.g., recalculation of 832.2 μM -> 0.8322 mM with rounding to 0.832).

**Ignore (False positives):**
* Ignore inaccurate or vague concentration limits (e.g., with the '<' operator, such as '<2 M') that describe general background conditions for conducting the reaction or parameters for reference enzymes (native catalase), and not the specific upper boundary of the tested range for the target catalyst.


### Field: `c_max_unit`
**Parameter essence:** The unit of measurement of the maximum (or boundary) substrate concentration used in kinetic experiments. Reflects the physical dimension of the upper limit of the tested range or the maximum value from the array of concentrations.
**Search condition:** Extract and normalize the unit of measurement only if there is a valid numerical value of the maximum substrate concentration within the description of the kinetic analysis.

**Processing steps:**
* Find the physical dimension in the text (e.g., M, mM, μM) syntactically or contextually tied to the maximum numerical value in the array or range of concentrations of the target substrate (H2O2, TMB, etc.).
* Recognize the extracted string marker as a measure of the molar concentration of the substance in the reaction medium.
* If the original unit of measurement differs from millimolar (e.g., specified in moles 'M' or micromoles 'μM'), initiate conversion to 'mM'. This action must be strictly synchronized with the mathematical recalculation of the numerical value of the maximum concentration itself.
* Convert the final value to a single standard and write it strictly as 'mM'.


### Field: `c_min`
**Parameter essence:** The minimum concentration of the varied substrate in the kinetic experiment.
**Search condition:** Extract the value only for the substrate whose concentration is varied in the described kinetic experiment.

**Processing steps:**
* Identify the range or array of concentrations of the varied substrate.
* Extract the minimum value from the specified range or array.
* If necessary, recalculate the value into the target units of measurement (e.g., from M to mM by multiplying by 1000).
* Normalize the recording format (e.g., conversion to exponential format if required).

**Ignore (False positives):**
* Ignore minimum non-zero values from the array of concentrations if absolute zero (0) is present in the array. Zero is the true minimum of the variation range.


### Field: `c_min_unit`
**Parameter essence:** The physical unit of measurement of the minimum concentration of the target substrate in the reaction mixture, used to plot kinetic curves and calculate catalytic parameters. Absolute invariant: dimension of molar concentration.
**Search condition:** Extraction and normalization of the unit of measurement are performed only if there is a valid numerical value of the minimum substrate concentration within the kinetic experiment.

**Processing steps:**
* Localize the unit of measurement in the text (e.g., M, mM, μM) that is syntactically (at the end of the array/range) or contextually tied to the values of the varied substrate concentration.
* Identify the original scale of molar concentration.
* Forcibly standardize any extracted unit of measurement (M, μM) to millimolarity (mM). This transformation implies a synchronous mathematical recalculation of the numerical value of the concentration itself in the adjacent field.
* Regardless of the source text, always return the strictly formatted string constant 'mM'.


### Field: `depth`
**Parameter essence:** The third spatial (linear) dimension of the primary target nanoparticle as a single physical macro-object (depth/thickness). For isotropic particles (spherical, cubic), it is geometrically equivalent to their diameter or overall size. For anisotropic particles (e.g., nanorods), it is equivalent to the width of the cross-section. Describes the physical dimensions of the dry core of the particle (according to electron microscopy data).
**Search condition:** Extract the value strictly if there is a geometric connection (direct or contextual) between the specified parameter (diameter, size, width) and the third dimension of the target nanoparticle, confirmed by electron microscopy data (TEM, SEM, FESEM).

**Processing steps:**
* Find mentions of linear dimensions (diameter, size, width) related to the target nanoparticle.
* If the particle shape is isotropic (spherical, cube-like), translate the diameter or overall size value into the depth field. If the shape is anisotropic (nanorods), translate the width value into the depth field.
* If the text simultaneously indicates a wide distribution range (scattered from X to Y) or a general description (1-2 nm) and an exact average value (average diameter/size), prioritize extracting the exact average value.
* Clean the numerical value from text markers of approximation ('~', 'about', 'ca.', 'around'), units of measurement ('nm'), and statistical errors (cut off '± X').
* If an exact average value is missing, preserve the range in the format 'X-Y' or 'X−Y'.

**Ignore (False positives):**
* Ignore crystallite or grain size calculated by the Debye-Scherrer equation (XRD), as it describes the internal microstructure of the material, not the external dimensions of the entire particle.
* Ignore the thickness of macroscopic films (film thickness) formed on a substrate, as this is a characteristic of a continuous coating, not an individual nanoparticle.
* Ignore the sizes of secondary structures or agglomerates (e.g., micro-flowers) assembled from primary nanoparticles.
* Ignore the sizes of small surface subparticles or domains distributed on the surface of the main (target) nanoparticle.
* Ignore the hydrodynamic diameter measured by the DLS method, as it includes the solvation shell and conceptually differs from the physical size of the dry core.


### Field: `depth_unit`
**Parameter essence:** The unit of measurement of the spatial extent (depth/thickness) of the target nanostructure. In the context of isotropic (spherical) or complex particles, it is semantically and syntactically equivalent to the unit of measurement of the overall size, diameter, or width characterizing the physical dimensions of the investigated object.
**Search condition:** The presence in the text of an explicit numerical value of a linear dimension attributed to the target nanoparticle.

**Processing steps:**
* Identify a numerical value or range in the text describing the linear dimension (depth, thickness, diameter, width, or overall size) of the target nanoparticle.
* Extract the string token of the unit of measurement (e.g., 'nm') immediately adjacent to the found numerical value.
* If only 'diameter', 'width', or 'overall size' is specified in the text, conceptually inherit (copy) this unit of measurement for the 'depth_unit' field, since these metrics use a single dimension for nanoparticles.
* Normalize format: clean the extracted string from the surrounding context, brackets, and punctuation, returning strictly the letter designation (e.g., 'nm').

**Ignore (False positives):**
* Ignore units of measurement of linear dimensions related to secondary, auxiliary, or attached microcomponents (e.g., decorating nanoparticles) if the main/carrier nanostructure acts as the target object (Macro_System) within the current profile.


### Field: `formula`
**Parameter essence:** The standardized basic chemical formula or generally accepted structural abbreviation (e.g., MMT) of the target catalytically active nanomaterial (nanozyme). Describes the fundamental macro-composition of the object, completely abstracting from its physical morphology, structural epithets, and functional roles in the text.
**Search condition:** Extract the value only for those materials that act as the main investigated catalyst (nanozyme) or a direct control sample within the described experiment.

**Processing steps:**
* Find the mention of the target nanomaterial in the text (in the form of a verbal name, raw abbreviation, or composite formula).
* Convert full trivial or nomenclature names of chemical substances into their strict chemical symbols or standardized abbreviations (e.g., 'gold' -> 'Au', 'platinum' -> 'Pt', 'Iron selenide' -> 'FeSe', 'Montmorillonite' -> 'MMT').
* Cut off any words denoting shape, size, or state of aggregation from the formula (e.g., 'NPs', 'NRs', 'nanobelts', 'nanocrystals', 'thin film').
* Remove text descriptions of architecture or role (e.g., 'core-shell', 'alloy', 'seeds').
* Remove irrelevant synthesis prefixes (e.g., 'NH-' from 'NH-MoO3−x') and redundant exact stoichiometric indices of specific batches if the basic formula of the class is required (e.g., 'Au@Pt3.15' -> 'Au@Pt').
* Preserve structural separators of composites and core-shell structures ('-', '@').

**Ignore (False positives):**
* Ignore micro-states of components: do not extract formulas describing specific valence states or ions of individual elements (e.g., 'Pt0', 'Pt2+') if the goal is the general formula of the macro-material.
* Ignore intermediate phases and precursors: do not extract complex crystallographic formulas of intercalates or hydrated complexes (e.g., '[Na(H2O)2]0.25MoO3') describing intermediate structural states instead of the final basic formula of the target nanozyme.


### Field: `km_unit`
**Parameter essence:** The unit of measurement of the Michaelis constant (Km). Denotes the dimension of the substrate concentration at which the rate of the catalytic (enzymatic or pseudo-enzymatic) reaction reaches half of the maximum (Vmax).
**Search condition:** The presence of an explicit mention of the Michaelis constant (Km, KM, Kappm) in conjunction with a numerical value or in the structure of a table header.

**Processing steps:**
* Find the Michaelis constant marker (Km, KM, Kappm) in the text or table header and localize the dimension associated with it (following the number or indicated in brackets in the header).
* Capture the raw dimension string.
* Remove any framing syntactic elements, such as round '()' or square '[]' brackets.
* Replace non-standard typographical symbols (e.g., em dash or minus '−') with a standard hyphen ('-').
* Separate compound units of measurement written together with a space to standardize them (e.g., transform 'mmolL-1' to 'mmol L-1').


### Field: `km_value`
**Parameter essence:** The numerical value of the Michaelis constant (Km), reflecting the catalyst affinity (enzyme or nanozyme) for a specific substrate. Represents the substrate concentration at which the rate of the catalytic reaction reaches half of the maximum (Vmax).
**Search condition:** The presence of an explicit syntactic or tabular connection of the extracted number with the Km parameter (Michaelis constant) for the investigated catalytic system.

**Processing steps:**
* Find a numerical value in the text or table explicitly associated with the Michaelis constant parameter (denoted as Km, K_M, K_m^app) for the target catalyst and specific substrate.
* When enumerating several kinetic parameters (e.g., 'Km and Vmax values... were X and Y respectively'), strictly match the order of numerical values with the order of parameter names.
* When parameters are written together (e.g., 'Km/Vmax = X/Y'), isolate only the value related to Km.
* Extract strictly the numerical value.
* Cut off any units of measurement (mM, mmol L−1, etc.).
* Mandatorily remove trailing non-significant zeros in decimal fractions (e.g., '120.0' -> '120', '546.60' -> '546.6', '92.30' -> '92.3', '1.90' -> '1.9').


### Field: `length`
**Parameter essence:** The physical linear dimension (diameter, length, or averaged dimension) of the primary target nanoparticle as a whole (solid core), usually determined by electron microscopy methods (TEM, SEM).
**Search condition:** Extract the value only for the physical core of the primary nanoparticle, confirmed by direct visualization methods (TEM/SEM), ignoring indirect hydrodynamic and crystallographic metrics.

**Processing steps:**
* Find a numerical value or range describing the geometric dimension (size, diameter, length) of the target nanoparticle.
* Project specific geometric terms ('diameter' for spherical particles, 'size' for cubic ones) onto the universal 'length' attribute.
* Remove text and symbol markers of approximation ('~', 'about', 'ca.', 'mainly').
* Discard units of measurement ('nm') and values of statistical error/standard deviation ('± X.XX'), leaving only the basic average.
* If an exact average value is missing, extract the range entirely, normalizing the separator (replace dash, em dash, or the word 'to' with a hyphen '-').
* When enumerating an array of sizes for different synthesized fractions, extract only the value that relates to the fraction used in the target (e.g., kinetic) assays.

**Ignore (False positives):**
* Crystallite/grain size calculated by XRD methods (e.g., by the Debye-Scherrer equation). Describes the size of the internal crystal lattice/domain, not the physical boundaries of the particle itself.
* Hydrodynamic diameter measured by the DLS method. Includes the solvation shell or protein corona, which ontologically differs from the size of the solid metal/oxide core.
* Size of macrostructures and agglomerates (e.g., micro-flowers, clusters). Characterizes secondary assemblies, not primary nanoparticles.
* Size of surface domains or small subparticles (smaller particles distributed on the surface) that are merely a microcomponent of the shell, not the target anchor particle.
* Wide population distribution range (scattered from X to Y) if a representative average value (average size) for the same population is explicitly calculated and presented in the context.


### Field: `length_unit`
**Parameter essence:** A strict metric unit of measurement (e.g., nanometers - nm) used to quantitatively express the linear geometric parameters (diameter, length, width, average size) of the target nanoparticle or investigated macro-system.
**Search condition:** The presence in the text of a quantitative assessment of the linear dimension of the target object, accompanied by an explicit indication of the metric dimension.

**Processing steps:**
* Localize the unit of measurement token immediately following the numerical value, range (e.g., '5−20'), or enumeration of numbers describing the dimensions (size, diameter, length, width) of the target object.
* Verify that the extracted token belongs to the class of standard metric units of length.
* Isolate the unit of measurement from numerical values, spaces, brackets, punctuation marks, and approximation symbols (~, ca., ±).
* Return a strictly normalized string literal (e.g., 'nm').

**Ignore (False positives):**
* Isolation of secondary objects: Ignore units of measurement if they are syntactically tied to the sizes of secondary structural elements (e.g., decorating particles, substrates, internal microcomponents of a composite, such as PtFe NRs or MMT layers), and not to the main target system.
* Isolation of other physical metrics: Ignore units of measurement describing internal structural characteristics that are not external dimensions of the object (e.g., interplanar spacing of the crystal lattice - lattice spacing).


### Field: `ph`
**Parameter essence:** The exact value of the hydrogen ion exponent (pH) of the external reaction medium (buffer solution) fixed for conducting steady-state kinetic assays or approved as optimal for the target catalytic reaction.
**Search condition:** The value must be exact (Exact_Value) and unambiguously characterize the environment of the final kinetic experiment or the recognized optimum. Capture triggers only on specific numbers, excluding intervals.

**Processing steps:**
* Identify the numerical value associated with the lexical markers 'pH', 'pH =' or 'pH of', located in the context of describing the reaction buffer or optimal conditions.
* Isolate the number from syntactic wrapping (brackets, text prefixes).
* Perform mathematical format normalization: discard non-significant zeros in the fractional part, reducing it to an integer (e.g., strictly convert '4.0' to '4', '5.0' to '5').
* Preserve values with true significant fractional parts without rounding (e.g., '3.8', '4.5', '7.4' remain unchanged).

**Ignore (False positives):**
* Ignore screening ranges (Fuzzy_Or_Range, e.g., '3 to 12', '2.0–8.0', '4 to 6'): these are broad research intervals used to find the optimum, not the target fixed conditions of the final kinetic analysis.
* Ignore extreme or boundary values (e.g., 'up to pH 12') describing limits of stability, endurance, or side activity trends if they are not the approved working parameter for calculating kinetics.


### Field: `reaction_type`
**Parameter essence:** The type of catalytic reaction, strictly determined by the combination of participating substrates and co-substrates (e.g., electron donor and oxidant), standardized as a formula of their joint presence in the reaction medium.
**Search condition:** The presence in the text of a description of a catalytic (kinetic) experiment indicating the participating substrates, regardless of whether they are presented as an enumeration of reagents, the name of an oxidation process, or an abbreviation of the reaction system.

**Processing steps:**
* Find all mentions of chemical substrates and co-substrates participating in the reaction in the text. Extract them even if they are presented as process names (e.g., 'oxidation of TMB', 'TMB oxidations') or system names ('H2O2-TMB system', 'TMB/H2O2').
* Convert full verbal names of chemical substances (e.g., 'hydrogen peroxide', '3,3′,5,5′-tetramethylbenzidine') into their generally accepted short chemical formulas or abbreviations ('H2O2', 'TMB').
* If only one substrate (e.g., the varied one) is specified in a local sentence or table cell, but the mandatory presence of a co-substrate (H2O2) unambiguously follows from the general context of the experiment (e.g., 'peroxidase-like activity'), restore the missing element.
* Analyze the roles of reagents in the experiment. The substrate whose concentration is varied (varying concentration) must be placed first. The substrate whose concentration is fixed (fixed concentration) is placed second.
* Combine the standardized reagent names into a single string using the separator ' + ' (e.g., 'H2O2 + TMB' or 'TMB + H2O2'). If the reaction involves only one substrate (e.g., catalase activity), leave it without concatenation (e.g., 'H2O2').


### Field: `surface`
**Parameter essence:** A purposefully used chemical compound, polymer, or biological macromolecule forming the external coating (shell), stabilizing layer, or matrix for the synthesis of an individual nanoparticle. Acts as a surface modifier that prevents agglomeration and determines the physicochemical properties of the nanozyme interface.
**Search condition:** Triggers when there is a contextual or syntactic indication that the molecule forms a surface layer, stabilizes the nanoparticle in solution, or serves as a matrix for its nucleation.

**Processing steps:**
* Find chemical or biological agents in the text syntactically associated with processes of coating ('coated with'), modification ('modified with'), stabilization ('capped'), or acting as a matrix ('nucleation substrate').
* If the text provides the full name and its abbreviation/synonym, convert the value to the canonical form used in the study (e.g., 'polyethylene glycol' -> 'PEG', 'bovine serum albumin' -> 'BSA', 'apoFt' -> 'apoferritin').
* Cut off specifications of molecular weight (e.g., 'PEG 6000' -> 'PEG'), degree of hydration (e.g., 'trisodium citrate dihydrate' -> 'trisodium citrate'), and indications of ionic state (e.g., 'citrate anions' -> 'citrate').
* Replace non-standard symbols (e.g., en dash '–' with a hyphen '-') in complex polymer names ('PEG–VE' -> 'PEG-VE'). Return the cleaned string.

**Ignore (False positives):**
* Ignore macroscopic carriers and substrates (e.g., Montmorillonite/MMT) used as an external medium for dispersing finished nanoparticles; extract strictly molecular ligands and polymers forming the micro-particle's own shell.
* Ignore residual reagents (e.g., ascorbic acid) accidentally present on the surface as a byproduct of the reduction reaction if they were not purposefully applied as a stabilizing coating.
* Ignore primary/intermediate ligands (e.g., oleylamine, oleic acid) if the description of the multi-stage synthesis explicitly states that they are washed away, replaced, or covered by the final target modifier (e.g., PEG-VE).


### Field: `syngony`
**Parameter essence:** The fundamental geometric symmetry of the crystal lattice (basic syngony/crystal system) of the target nanomaterial or its isolated phases, determining the macroscopic spatial organization of atoms.
**Search condition:** Extract the value if there is a direct indication of the type of crystal lattice of the material, usually in the context of interpreting structural analysis data (XRD, HRTEM).

**Processing steps:**
* Find terms in the text describing the crystal structure, phase, Bravais lattice type, or structural motif (e.g., cubic, tetragonal, orthorhombic, face-centered cubic, fcc, fluorite).
* Translate specific subtypes of Bravais lattices (e.g., 'face-centered cubic', 'fcc') and names of mineralogical structural types (e.g., 'fluorite') into their fundamental syngony class (in these cases -> 'cubic').
* Isolate the target value from contextual noise (remove the words 'phase', 'structure', 'crystal') and return strictly one word in lowercase denoting the basic syngony (e.g., 'cubic', 'tetragonal', 'orthorhombic').


### Field: `temperature`
**Parameter essence:** The exact numerical value of the temperature (in degrees Celsius) at which the main kinetic or catalytic measurements were conducted.
**Search condition:** The presence of a direct syntactic or contextual connection of the value with conducting the kinetic analysis (e.g., 'carried out at', 'completed at') or an explicit statement of the value as optimal/standard for subsequent measurements.

**Processing steps:**
* Identify the numerical value of the temperature related to the kinetic experiment.
* Extract only numbers.
* Remove all units of measurement and symbols (e.g., '°C', 'C', spaces).

**Ignore (False positives):**
* Ignore temperature ranges (e.g., '10–70 °C', '4 to 85 °C') used to find the optimum or check stability.
* Ignore inaccurate qualitative descriptions (e.g., 'room temperature') if they are not accompanied by an exact numerical equivalent that can be extracted.
* Ignore extremes (e.g., degradation temperature or maximum activity) if they are not the selected standard temperature for the kinetic analysis.


### Field: `vmax_unit`
**Parameter essence:** The physical unit of measurement of the maximum rate of the catalytic or enzymatic reaction (Vmax), reflecting the change in the concentration of a substance (substrate or product) per unit of time.
**Search condition:** Extract strictly in the context of describing the kinetic parameter Vmax (maximum reaction rate), ignoring units of measurement of other parameters (e.g., Km, Kcat).

**Processing steps:**
* Extract the text block denoting the dimension of the Vmax parameter. Look in table column headers (usually inside round or square brackets) or in continuous text immediately after the numerical value of Vmax.
* If the dimension is specified together with a scale multiplier (e.g., '10−8', '×10−7'), extract it as an integral part of the unit of measurement string.
* Remove HTML tags (e.g., <sup>, <sub>, <th>, <tr>).
* Convert superscripts written via curly braces or tags into linear text (e.g., 's^{−1}' -> 's−1').
* Replace typographical multiplication signs ('×') with the Latin letter 'x'.
* Replace typographical minus signs ('−') with standard hyphens ('-').
* Convert the string to a single concatenation format (attention: external standardization is required, as the current markup chaotically adds or removes spaces between concentration and time).


### Field: `vmax_value`
**Parameter essence:** The maximum rate of the enzymatic or catalytic reaction (Vmax). A quantitative kinetic characteristic reflecting the limit rate of product formation (or substrate consumption) by the catalytic system under the condition of complete saturation of the catalyst with the substrate.
**Search condition:** The presence of an explicit marker of the maximum rate kinetic parameter (Vmax, Vm) in the local syntactic context or table header hierarchy.

**Processing steps:**
* Find the base numerical value syntactically or structurally (in a table) tied to the maximum rate parameter (denoted as Vmax, Vm, vmax) for a specific 'catalyst-substrate' pair.
* Mandatorily check table column/row headers or preceding text for the presence of factored-out common dimension multipliers (e.g., '10^−8', '×10^−7').
* If the number is written in exponential form (e.g., '8.32 × 10^−8') or has a multiplier factored out in the header, perform strict mathematical multiplication of the base number by the order of magnitude (mantissa).
* Convert the final calculated value into a standardized machine-readable format: either an exact decimal fraction (e.g., '0.0000000832') or scientific E-notation (e.g., '8.32E-08'). Arbitrary rounding of significant digits of the original value is categorically prohibited.


### Field: `width`
**Parameter essence:** The transverse linear dimension (width) of the primary nanoparticle. For isotropic morphologies (spherical, cubic particles), the width is geometrically equivalent to the diameter or basic 'size'. For anisotropic structures (nanorods, nanobelts), the width represents the transverse dimension perpendicular to the length. Characterizes the physical dimensions of the solid inorganic core.
**Search condition:** Capture the value only if there is a direct syntactic or contextual connection of the size to the target primary nanoparticle, confirmed by direct visualization methods (TEM, SEM), strictly excluding indirect (XRD) and liquid-phase (DLS) metrics.

**Processing steps:**
* Find numerical values describing the width, diameter, or overall size of the target nanoparticle.
* Based on morphology data, translate the diameter (for spherical particles) or overall size (for cubic particles) into the target width parameter.
* If the text simultaneously provides a wide size distribution range and an exact average size, prioritize extracting the average size.
* If an array of sizes for a series of syntheses is presented, extract the value corresponding to the specific target experiment.
* In the presence of a value indicating statistical error (e.g., '1.87 ± 0.40'), cut off the error and extract exclusively the basic average value.
* Remove text markers of approximation ('~', 'about', 'ca.', 'mainly') and units of measurement ('nm').
* Preserve the exact numerical value or range (in the format 'X-Y' or 'X-Y') if an exact average value is missing.

**Ignore (False positives):**
* Ignore crystallite/grain size, often calculated by X-ray diffraction methods (e.g., by the Debye-Scherrer formula). The target is the physical size of the entire nanoparticle.
* Ignore the sizes of secondary superstructures and macro-aggregates (e.g., micro-flowers) assembled from multiple primary nanoparticles. Extract the size strictly of the primary structural unit.
* Ignore the sizes of small surface domains or subparticles distributed on the surface of the main nanoparticle or forming its porous shell.
* Ignore the hydrodynamic diameter measured by the DLS method, as it includes the solvation shell and possible organic capsules (e.g., protein cages). The target is the size of the solid core (usually according to TEM/SEM data).


### Field: `width_unit`
**Parameter essence:** The unit of measurement of the transverse linear dimension (width, diameter, or equivalent dimension) of the investigated nanoparticle or its structural component.
**Search condition:** The presence in the text of a quantitative value explicitly describing the transverse dimension (width, diameter, size) of the target object, accompanied by a physical unit of measurement.

**Processing steps:**
* Search the text for numerical values or ranges semantically describing the width, diameter, or average size of nanoparticles.
* Tie the found unit of measurement to the corresponding physical parameter, even if it is specified once for a range (e.g., '5-20 nm') or inherited from the context.
* Exact extraction of the symbolic designation of the unit of measurement (e.g., 'nm') with the cutting off of numerical values, spaces, brackets, and punctuation marks.

[[ ## tip ## ]]
The instruction should include a high stakes scenario in which the LM must solve the task!

Respond with the corresponding output fields, starting with the field `[[ ## proposed_instruction ## ]]`, and then ending with the marker for `[[ ## completed ## ]]`.


[31mResponse:[0m

[32m[[ ## proposed_instruction ## ]]
# Critical Scientific Data Extraction Protocol

## ⚠️ HIGH-STAKES CONTEXT

You are operating as a **Critical Scientific Data Validator** for a global nanozyme research consortium. The extracted data will populate a **authoritative database** used by hundreds of research teams worldwide to:
- Design follow-up experiments worth millions in research funding
- Make decisions about clinical translation pathways
- Establish benchmark standards for nanomaterial catalytic performance
- Guide policy decisions on nanomaterial safety and regulation

**Consequences of Errors:**
- **False positives** (extracting data that doesn't exist) → Wasted research resources, failed replication studies, damaged scientific credibility
- **False negatives** (missing valid data) → Lost research opportunities, incomplete meta-analyses, skewed scientific understanding
- **Incorrect values** → Misleading structure-activity relationships, flawed computational models, erroneous conclusions about catalyst performance

**Your extraction accuracy directly impacts the integrity of published scientific knowledge.** Treat every field with maximum precision and verify each extraction against the source text.

---

## 1. RECORD CREATION RULES

Create a new record (row) in the JSON array **ONLY** when ALL conditions are met:

### ✅ CREATE Records For:
- Each **unique artificial nanomaterial (nanozyme)** synthesized or primarily characterized in the current study
- Each **unique type of enzyme-like activity** demonstrated
- Each **specific varied substrate** used in kinetic experiments
- Each **specific environmental condition or modulator** tested
- **ONLY** combinations where authors calculated **detailed steady-state kinetic parameters (Km, Vmax)**

### ❌ STRICTLY IGNORE (Do NOT Create Records):
- Natural enzymes (e.g., HRP, native catalase, horseradish peroxidase)
- Literature data transferred from previous publications (Literature References)
- Alternative catalytic modalities unrelated to Michaelis-Menten enzyme-like kinetics
- Intermediate states, physical mixtures without detailed kinetics
- Highly specialized applied probes without fundamental Km/Vmax calculations

---

## 2. FIELD EXTRACTION PROTOCOL

For each valid record, extract the following fields. **If a valid value is missing, return `null`** — do NOT hallucinate or infer values.

### Field: `activity`
**Essence:** Type of enzyme-like catalytic activity mimicked by the nanozyme
**Extraction:** 
- Find activity mentions (POD, HRP, CAT, OXD, 'peroxidase-like', etc.)
- Convert abbreviations to standardized names (POD→peroxidase, CAT→catalase, OXD→oxidase)
- Remove suffixes ('-like', '-mimic', 'activity', 'properties')
- Convert to lowercase (e.g., 'Peroxidase'→'peroxidase')
- Match to local experimental context (substrate + conditions)

### Field: `ccat_unit`
**Essence:** Unit measuring nanozyme concentration/mass in reaction system
**Extraction:**
- Capture unit following catalyst amount (μg mL⁻¹, ppm, mg/mL, etc.)
- Convert 'ppm' to 'μg mL⁻¹' contextually
- Replace micro sign 'µ' (U+00B5) with 'μ' (U+03BC)
- Restore missing spaces ('μgmL−1'→'μg mL⁻¹')
- **IGNORE:** Linear dimensions (cm), individual microcomponent mass (ng Pt), molar [E] for kcat calculation

### Field: `ccat_value`
**Essence:** Absolute mass/concentration of catalyst in kinetic measurements
**Extraction:**
- Extract numerical value only (remove units, formulas, brackets)
- Match to substrate of current reaction if multiple values exist
- **IGNORE:** Calculated [E] molar concentrations, individual element mass, physical dimensions, concentration optimization ranges, side activity amounts

### Field: `c_const`
**Essence:** Fixed molar concentration of co-substrate (mM)
**Extraction:**
- Identify co-substrate with fixed concentration during substrate variation
- Convert ALL to mM (M×1000, μM÷1000)
- Return number only (e.g., '210 μM'→0.21)
- **IGNORE:** Stock solution concentrations, pre-dilution values

### Field: `c_const_unit`
**Essence:** Unit of fixed co-substrate concentration
**Extraction:**
- Capture M, mM, or μM tied to fixed concentration
- Clean from brackets/spaces/punctuation
- Preserve original case and prefix
- **IGNORE:** Mass concentration units (mg mL⁻¹), stock solution units

### Field: `c_max`
**Essence:** Maximum varied substrate concentration (mM)
**Extraction:**
- Find concentration range/array ('from X to Z', 'X, Y, ..., Z mM')
- Extract maximum value
- Convert to mM (M×1000, μM÷1000)
- **IGNORE:** Vague limits ('<2 M'), reference enzyme parameters

### Field: `c_max_unit`
**Essence:** Unit of maximum substrate concentration
**Extraction:**
- Always return 'mM' (standardize M, μM to mM)
- Synchronize with numerical conversion in c_max

### Field: `c_min`
**Essence:** Minimum varied substrate concentration
**Extraction:**
- Extract minimum from range/array
- Convert to mM if needed
- **IGNORE:** Zero if present in array (0 is true minimum)

### Field: `c_min_unit`
**Essence:** Unit of minimum substrate concentration
**Extraction:**
- Always return 'mM' (strict standard)

### Field: `depth`
**Essence:** Third spatial dimension of nanoparticle (nm)
**Extraction:**
- Extract from TEM/SEM data (diameter for spheres, width for rods)
- Prioritize exact average over ranges
- Remove '~', 'about', '±', units
- Preserve range format 'X-Y' if no average exists
- **IGNORE:** XRD crystallite size, film thickness, agglomerate sizes, DLS hydrodynamic diameter, surface subparticles

### Field: `depth_unit`
**Essence:** Unit of nanoparticle depth dimension
**Extraction:**
- Extract 'nm' from dimension description
- Clean from context/brackets/punctuation
- **IGNORE:** Units for secondary/auxiliary components

### Field: `formula`
**Essence:** Standardized chemical formula of nanozyme
**Extraction:**
- Convert names to symbols (gold→Au, platinum→Pt)
- Remove morphology terms (NPs, NRs, nanocrystals)
- Remove architecture descriptors (core-shell, alloy)
- Preserve composite separators ('-', '@')
- **IGNORE:** Valence states (Pt⁰, Pt²⁺), intermediate phases, hydrated complexes

### Field: `km_unit`
**Essence:** Unit of Michaelis constant (Km)
**Extraction:**
- Find dimension in text/table headers
- Remove brackets
- Replace '−' with '-'
- Separate compound units ('mmolL-1'→'mmol L-1')

### Field: `km_value`
**Essence:** Numerical Km value (substrate affinity)
**Extraction:**
- Match number to Km parameter explicitly
- Remove units
- Remove trailing zeros ('120.0'→'120', '92.30'→'92.3')
- **VERIFY:** Order matches parameter names in text

### Field: `length`
**Essence:** Primary nanoparticle linear dimension (nm)
**Extraction:**
- Extract from TEM/SEM (diameter, size, length)
- Remove approximation markers, units, '±' errors
- Prioritize average over ranges
- **IGNORE:** XRD crystallite size, DLS hydrodynamic diameter, agglomerates, surface domains

### Field: `length_unit`
**Essence:** Unit of nanoparticle length
**Extraction:**
- Extract 'nm' from dimension description
- Isolate from values/brackets/punctuation
- **IGNORE:** Units for secondary structures, lattice spacing

### Field: `ph`
**Essence:** Exact pH of kinetic experiment buffer
**Extraction:**
- Find exact value with 'pH', 'pH =' markers
- Normalize format ('4.0'→'4', '3.8'→'3.8')
- **IGNORE:** Ranges ('3 to 12'), boundary values, stability limits

### Field: `reaction_type`
**Essence:** Substrate combination formula
**Extraction:**
- Identify all substrates/co-substrates
- Convert to formulas (hydrogen peroxide→H₂O₂, TMB→TMB)
- Order: varied substrate first, fixed substrate second
- Format: 'H₂O₂ + TMB' or single substrate for catalase
- Restore missing co-substrate from context if implied

### Field: `surface`
**Essence:** Surface coating/stabilizing molecule
**Extraction:**
- Find coating/modification/stabilization mentions
- Convert to canonical forms (polyethylene glycol→PEG, BSA)
- Remove MW, hydration, ionic state specifications
- **IGNORE:** Macroscopic carriers, residual reagents, washed-away ligands

### Field: `syngony`
**Essence:** Crystal system symmetry
**Extraction:**
- Find crystal structure terms (cubic, tetragonal, fcc, fluorite)
- Translate subtypes to basic class (fcc→cubic, fluorite→cubic)
- Return single lowercase word
- Remove 'phase', 'structure', 'crystal' context words

### Field: `temperature`
**Essence:** Kinetic experiment temperature (°C)
**Extraction:**
- Extract number from kinetic context ('carried out at')
- Remove '°C', 'C', spaces
- **IGNORE:** Ranges, 'room temperature' without number, extremes

### Field: `vmax_unit`
**Essence:** Unit of maximum reaction rate (Vmax)
**Extraction:**
- Find from table headers or after Vmax value
- Include scale multipliers ('×10⁻⁸')
- Remove HTML tags
- Linearize superscripts ('s^{−1}'→'s−1')
- Replace '×' with 'x', '−' with '-'

### Field: `vmax_value`
**Essence:** Maximum reaction rate value
**Extraction:**
- Match number to Vmax/Vm parameter
- Apply factored multipliers from headers (8.32 × 10⁻⁸ → calculate)
- Return decimal or E-notation ('8.32E-08')
- **NO arbitrary rounding** of significant digits

### Field: `width`
**Essence:** Transverse nanoparticle dimension (nm)
**Extraction:**
- Extract width/diameter/size from TEM/SEM
- Translate diameter→width for spheres
- Prioritize average over ranges
- Remove approximation markers, units, '±' errors
- **IGNORE:** XRD crystallite size, agglomerates, surface domains, DLS diameter

### Field: `width_unit`
**Essence:** Unit of nanoparticle width
**Extraction:**
- Extract 'nm' from dimension description
- Isolate from values/brackets/punctuation

---

## 3. VERIFICATION CHECKLIST

Before finalizing extraction, verify:
- [ ] Each record represents a unique nanozyme + activity + substrate combination from THIS study
- [ ] All Km/Vmax values are from steady-state kinetic experiments (not literature)
- [ ] Physical dimensions are from direct imaging (TEM/SEM), not XRD/DLS
- [ ] Concentration units are properly converted to standard forms (mM)
- [ ] No values are hallucinated — return `null` for missing data
- [ ] Numerical precision is preserved (no unauthorized rounding)

---

## 4. OUTPUT FORMAT

Return a **JSON array** of record objects. Each object must contain all fields listed above, with `null` for unavailable data.

```json
[
  {
    "activity": "peroxidase",
    "ccat_unit": "μg mL⁻¹",
    "ccat_value": "47.8",
    ...
  }
]
```

**Remember:** Your extraction becomes part of the permanent scientific record. Accuracy is non-negotiable.

[[ ## completed ## ]][0m





PROPOSED INSTRUCTION: # Critical Scientific Data Extraction Protocol

## ⚠️ HIGH-STAKES CONTEXT

You are operating as a **Critical Scientific Data Validator** for a global nanozyme research consortium. The extracted data will populate a **authoritative database** used by hundreds of research teams worldwide to:
- Design follow-up experiments worth millions in research funding
- Make decisions about clinical translation pathways
- Establish benchmark standards for nanomaterial catalytic performance
- Guide policy decisions on nanomaterial safety and regulation

**Consequences of Errors:**
- **False positives** (extracting data that doesn't exist) → Wasted research resources, failed replication studies, damaged scientific credibility
- **False negatives** (missing valid data) → Lost research opportunities, incomplete meta-analyses, skewed scientific understanding
- **Incorrect values** → Misleading structure-activity relationships, flawed computational models, erroneous conclusions about catalyst performance

**Your extraction accuracy directly impacts the integrity of published scientific knowledge.** Treat every field with maximum precision and verify each extraction against the source text.

---

## 1. RECORD CREATION RULES

Create a new record (row) in the JSON array **ONLY** when ALL conditions are met:

### ✅ CREATE Records For:
- Each **unique artificial nanomaterial (nanozyme)** synthesized or primarily characterized in the current study
- Each **unique type of enzyme-like activity** demonstrated
- Each **specific varied substrate** used in kinetic experiments
- Each **specific environmental condition or modulator** tested
- **ONLY** combinations where authors calculated **detailed steady-state kinetic parameters (Km, Vmax)**

### ❌ STRICTLY IGNORE (Do NOT Create Records):
- Natural enzymes (e.g., HRP, native catalase, horseradish peroxidase)
- Literature data transferred from previous publications (Literature References)
- Alternative catalytic modalities unrelated to Michaelis-Menten enzyme-like kinetics
- Intermediate states, physical mixtures without detailed kinetics
- Highly specialized applied probes without fundamental Km/Vmax calculations

---

## 2. FIELD EXTRACTION PROTOCOL

For each valid record, extract the following fields. **If a valid value is missing, return `null`** — do NOT hallucinate or infer values.

### Field: `activity`
**Essence:** Type of enzyme-like catalytic activity mimicked by the nanozyme
**Extraction:** 
- Find activity mentions (POD, HRP, CAT, OXD, 'peroxidase-like', etc.)
- Convert abbreviations to standardized names (POD→peroxidase, CAT→catalase, OXD→oxidase)
- Remove suffixes ('-like', '-mimic', 'activity', 'properties')
- Convert to lowercase (e.g., 'Peroxidase'→'peroxidase')
- Match to local experimental context (substrate + conditions)

### Field: `ccat_unit`
**Essence:** Unit measuring nanozyme concentration/mass in reaction system
**Extraction:**
- Capture unit following catalyst amount (μg mL⁻¹, ppm, mg/mL, etc.)
- Convert 'ppm' to 'μg mL⁻¹' contextually
- Replace micro sign 'µ' (U+00B5) with 'μ' (U+03BC)
- Restore missing spaces ('μgmL−1'→'μg mL⁻¹')
- **IGNORE:** Linear dimensions (cm), individual microcomponent mass (ng Pt), molar [E] for kcat calculation

### Field: `ccat_value`
**Essence:** Absolute mass/concentration of catalyst in kinetic measurements
**Extraction:**
- Extract numerical value only (remove units, formulas, brackets)
- Match to substrate of current reaction if multiple values exist
- **IGNORE:** Calculated [E] molar concentrations, individual element mass, physical dimensions, concentration optimization ranges, side activity amounts

### Field: `c_const`
**Essence:** Fixed molar concentration of co-substrate (mM)
**Extraction:**
- Identify co-substrate with fixed concentration during substrate variation
- Convert ALL to mM (M×1000, μM÷1000)
- Return number only (e.g., '210 μM'→0.21)
- **IGNORE:** Stock solution concentrations, pre-dilution values

### Field: `c_const_unit`
**Essence:** Unit of fixed co-substrate concentration
**Extraction:**
- Capture M, mM, or μM tied to fixed concentration
- Clean from brackets/spaces/punctuation
- Preserve original case and prefix
- **IGNORE:** Mass concentration units (mg mL⁻¹), stock solution units

### Field: `c_max`
**Essence:** Maximum varied substrate concentration (mM)
**Extraction:**
- Find concentration range/array ('from X to Z', 'X, Y, ..., Z mM')
- Extract maximum value
- Convert to mM (M×1000, μM÷1000)
- **IGNORE:** Vague limits ('<2 M'), reference enzyme parameters

### Field: `c_max_unit`
**Essence:** Unit of maximum substrate concentration
**Extraction:**
- Always return 'mM' (standardize M, μM to mM)
- Synchronize with numerical conversion in c_max

### Field: `c_min`
**Essence:** Minimum varied substrate concentration
**Extraction:**
- Extract minimum from range/array
- Convert to mM if needed
- **IGNORE:** Zero if present in array (0 is true minimum)

### Field: `c_min_unit`
**Essence:** Unit of minimum substrate concentration
**Extraction:**
- Always return 'mM' (strict standard)

### Field: `depth`
**Essence:** Third spatial dimension of nanoparticle (nm)
**Extraction:**
- Extract from TEM/SEM data (diameter for spheres, width for rods)
- Prioritize exact average over ranges
- Remove '~', 'about', '±', units
- Preserve range format 'X-Y' if no average exists
- **IGNORE:** XRD crystallite size, film thickness, agglomerate sizes, DLS hydrodynamic diameter, surface subparticles

### Field: `depth_unit`
**Essence:** Unit of nanoparticle depth dimension
**Extraction:**
- Extract 'nm' from dimension description
- Clean from context/brackets/punctuation
- **IGNORE:** Units for secondary/auxiliary components

### Field: `formula`
**Essence:** Standardized chemical formula of nanozyme
**Extraction:**
- Convert names to symbols (gold→Au, platinum→Pt)
- Remove morphology terms (NPs, NRs, nanocrystals)
- Remove architecture descriptors (core-shell, alloy)
- Preserve composite separators ('-', '@')
- **IGNORE:** Valence states (Pt⁰, Pt²⁺), intermediate phases, hydrated complexes

### Field: `km_unit`
**Essence:** Unit of Michaelis constant (Km)
**Extraction:**
- Find dimension in text/table headers
- Remove brackets
- Replace '−' with '-'
- Separate compound units ('mmolL-1'→'mmol L-1')

### Field: `km_value`
**Essence:** Numerical Km value (substrate affinity)
**Extraction:**
- Match number to Km parameter explicitly
- Remove units
- Remove trailing zeros ('120.0'→'120', '92.30'→'92.3')
- **VERIFY:** Order matches parameter names in text

### Field: `length`
**Essence:** Primary nanoparticle linear dimension (nm)
**Extraction:**
- Extract from TEM/SEM (diameter, size, length)
- Remove approximation markers, units, '±' errors
- Prioritize average over ranges
- **IGNORE:** XRD crystallite size, DLS hydrodynamic diameter, agglomerates, surface domains

### Field: `length_unit`
**Essence:** Unit of nanoparticle length
**Extraction:**
- Extract 'nm' from dimension description
- Isolate from values/brackets/punctuation
- **IGNORE:** Units for secondary structures, lattice spacing

### Field: `ph`
**Essence:** Exact pH of kinetic experiment buffer
**Extraction:**
- Find exact value with 'pH', 'pH =' markers
- Normalize format ('4.0'→'4', '3.8'→'3.8')
- **IGNORE:** Ranges ('3 to 12'), boundary values, stability limits

### Field: `reaction_type`
**Essence:** Substrate combination formula
**Extraction:**
- Identify all substrates/co-substrates
- Convert to formulas (hydrogen peroxide→H₂O₂, TMB→TMB)
- Order: varied substrate first, fixed substrate second
- Format: 'H₂O₂ + TMB' or single substrate for catalase
- Restore missing co-substrate from context if implied

### Field: `surface`
**Essence:** Surface coating/stabilizing molecule
**Extraction:**
- Find coating/modification/stabilization mentions
- Convert to canonical forms (polyethylene glycol→PEG, BSA)
- Remove MW, hydration, ionic state specifications
- **IGNORE:** Macroscopic carriers, residual reagents, washed-away ligands

### Field: `syngony`
**Essence:** Crystal system symmetry
**Extraction:**
- Find crystal structure terms (cubic, tetragonal, fcc, fluorite)
- Translate subtypes to basic class (fcc→cubic, fluorite→cubic)
- Return single lowercase word
- Remove 'phase', 'structure', 'crystal' context words

### Field: `temperature`
**Essence:** Kinetic experiment temperature (°C)
**Extraction:**
- Extract number from kinetic context ('carried out at')
- Remove '°C', 'C', spaces
- **IGNORE:** Ranges, 'room temperature' without number, extremes

### Field: `vmax_unit`
**Essence:** Unit of maximum reaction rate (Vmax)
**Extraction:**
- Find from table headers or after Vmax value
- Include scale multipliers ('×10⁻⁸')
- Remove HTML tags
- Linearize superscripts ('s^{−1}'→'s−1')
- Replace '×' with 'x', '−' with '-'

### Field: `vmax_value`
**Essence:** Maximum reaction rate value
**Extraction:**
- Match number to Vmax/Vm parameter
- Apply factored multipliers from headers (8.32 × 10⁻⁸ → calculate)
- Return decimal or E-notation ('8.32E-08')
- **NO arbitrary rounding** of significant digits

### Field: `width`
**Essence:** Transverse nanoparticle dimension (nm)
**Extraction:**
- Extract width/diameter/size from TEM/SEM
- Translate diameter→width for spheres
- Prioritize average over ranges
- Remove approximation markers, units, '±' errors
- **IGNORE:** XRD crystallite size, agglomerates, surface domains, DLS diameter

### Field: `width_unit`
**Essence:** Unit of nanoparticle width
**Extraction:**
- Extract 'nm' from dimension description
- Isolate from values/brackets/punctuation

---

## 3. VERIFICATION CHECKLIST

Before finalizing extraction, verify:
- [ ] Each record represents a unique nanozyme + activity + substrate combination from THIS study
- [ ] All Km/Vmax values are from steady-state kinetic experiments (not literature)
- [ ] Physical dimensions are from direct imaging (TEM/SEM), not XRD/DLS
- [ ] Concentration units are properly converted to standard forms (mM)
- [ ] No values are hallucinated — return `null` for missing data
- [ ] Numerical precision is preserved (no unauthorized rounding)

---

## 4. OUTPUT FORMAT

Return a **JSON array** of record objects. Each object must contain all fields listed above, with `null` for unavailable data.

```json
[
  {
    "activity": "peroxidase",
    "ccat_unit": "μg mL⁻¹",
    "ccat_value": "47.8",
    ...
  }
]
```

**Remember:** Your extraction becomes part of the permanent scientific record. Accuracy is non-negotiable.
Using a randomly generated configuration for our grounded proposer.
Selected tip: persona
PROGRAM DESCRIPTION: The program is designed to solve **information extraction tasks** from unstructured text documents in a task-agnostic manner. It leverages a language model with **Chain-of-Thought (CoT) reasoning** to dynamically adapt to different extraction signatures (e.g., entity recognition, relation extraction, key-value parsing). 

**How it works:**
1. **Initialization**: The `UniversalExtractor` is configured with a task-specific `signature_class` (defining input/output fields for the extraction task).
2. **Processing**: When given `document_text`, it invokes a CoT-based language model pipeline (`dspy.ChainOfThought`) to reason step-by-step about the text and produce structured predictions aligned with the signature.
3. **Persistence**: The agent can be saved/loaded to disk, enabling reuse across sessions without retraining.

This design allows flexible deployment for diverse extraction tasks (e.g., pulling dates, names, or custom fields) by swapping the `signature_class`, while the CoT mechanism improves accuracy through explicit reasoning traces.
task_demos No task demos provided.




[34m[Unknown time][0m

[31mSystem message:[0m

Your input fields are:
1. `dataset_description` (str): A description of the dataset that we are using.
2. `program_code` (str): Language model program designed to solve a particular task.
3. `program_description` (str): Summary of the task the program is designed to solve, and how it goes about solving it.
4. `module` (str): The module to create an instruction for.
5. `module_description` (str): Description of the module to create an instruction for.
6. `task_demos` (str): Example inputs/outputs of our module.
7. `basic_instruction` (str): Basic instruction.
8. `tip` (str): A suggestion for how to go about generating the new instruction.
Your output fields are:
1. `proposed_instruction` (str): Propose an instruction that will be used to prompt a Language Model to perform this task.
All interactions will be structured in the following way, with the appropriate values filled in.

[[ ## dataset_description ## ]]
{dataset_description}

[[ ## program_code ## ]]
{program_code}

[[ ## program_description ## ]]
{program_description}

[[ ## module ## ]]
{module}

[[ ## module_description ## ]]
{module_description}

[[ ## task_demos ## ]]
{task_demos}

[[ ## basic_instruction ## ]]
{basic_instruction}

[[ ## tip ## ]]
{tip}

[[ ## proposed_instruction ## ]]
{proposed_instruction}

[[ ## completed ## ]]
In adhering to this structure, your objective is: 
        Use the information below to learn about a task that we are trying to solve using calls to an LM, then generate a new instruction that will be used to prompt a Language Model to better solve the task.


[31mUser message:[0m

[[ ## dataset_description ## ]]
This dataset pairs full-text scientific articles on nanozymes with structured experimental metadata, prioritizing fundamental kinetic parameters and material properties over application-specific performance metrics. The extraction schema normalizes diverse scientific notation and aggregates distributed information across document sections, including Supporting Information, to create standardized records of catalytic activity. Consequently, the data is optimized for Information Extraction tasks aimed at building comprehensive databases of nanomaterial properties.

[[ ## program_code ## ]]


class UniversalExtractor(BaseAgent, dspy.Module, metaclass=UniversalExtractorMeta):
    """Task-agnostic extraction agent.

    Wraps a specific task signature with Chain-of-Thought reasoning.
    """

    def __init__(self, signature_class: Type[dspy.Signature]):
        """Initialize the UniversalExtractor."""
        BaseAgent.__init__(self)
        dspy.Module.__init__(self)
        self.prog = dspy.ChainOfThought(signature_class)

    def forward(self, document_text: str) -> dspy.Prediction:
        """Execute the extraction pipeline."""
        return self.prog(document_text=document_text)

    def save(self, path: str) -> None:
        """Save the agent to a file."""
        dspy.Module.save(self, path)

    def load(self, path: str) -> None:
        """Load the agent from a file."""
        dspy.Module.load(self, path)


[[ ## program_description ## ]]
The program is designed to solve **information extraction tasks** from unstructured text documents in a task-agnostic manner. It leverages a language model with **Chain-of-Thought (CoT) reasoning** to dynamically adapt to different extraction signatures (e.g., entity recognition, relation extraction, key-value parsing). 

**How it works:**
1. **Initialization**: The `UniversalExtractor` is configured with a task-specific `signature_class` (defining input/output fields for the extraction task).
2. **Processing**: When given `document_text`, it invokes a CoT-based language model pipeline (`dspy.ChainOfThought`) to reason step-by-step about the text and produce structured predictions aligned with the signature.
3. **Persistence**: The agent can be saved/loaded to disk, enabling reuse across sessions without retraining.

This design allows flexible deployment for diverse extraction tasks (e.g., pulling dates, names, or custom fields) by swapping the `signature_class`, while the CoT mechanism improves accuracy through explicit reasoning traces.

[[ ## module ## ]]
Predict(document_text) -> reasoning, extracted_data

[[ ## module_description ## ]]
This module represents the core inference operation executed within the `UniversalExtractor`'s `forward` method. It accepts the raw `document_text` and processes it through the initialized `ChainOfThought` pipeline. The module is responsible for generating intermediate `reasoning` traces that guide the language model's logic, ultimately producing the structured `extracted_data` compliant with the task-specific signature provided during initialization.

[[ ## task_demos ## ]]
No task demos provided.

[[ ## basic_instruction ## ]]
# Data Extraction Instruction

You are an AI assistant specializing in the accurate extraction of structured data from scientific texts. Your task is to read the text and generate a JSON array of objects (records), strictly following the filtering and processing rules below.

## 1. Rules for Creating Records

Determine which objects deserve a separate record in the final array. Create a new record (row) only if the following conditions are met:

* Create a record for each unique artificial nanomaterial (nanozyme) synthesized or primarily characterized within the current study.
* Create a record for each unique type of enzyme-like activity.
* Create a record for each specific varied substrate.
* Create a record for each specific environmental condition or modulator.
* Extract only those combinations for which the authors have calculated detailed steady-state kinetic parameters (Km, Vmax).

**Strictly ignore and do not create records in the following cases:**
* Ignore natural enzymes (e.g., HRP, native catalase).
* Ignore literature data (Literature References) and catalysts whose kinetic parameters are transferred from previous publications.
* Ignore alternative catalytic modalities and processes not related to Michaelis-Menten enzyme-like kinetics.
* Ignore intermediate states, physical mixtures without detailed kinetics, and highly specialized applied probes if fundamental calculation of Km and Vmax constants is not performed for them.

---

## 2. Rules for Populating Fields

For each created record, find and extract the following fields. Apply the described processing steps. If a valid value for a field is missing in the text, return `null`.

### Field: `activity`
**Parameter essence:** The type of enzyme-like catalytic activity (e.g., peroxidase, catalase, oxidase) mimicked by the investigated nanomaterial (nanozyme).
**Search condition:** Extract the value strictly in relation to the local experimental context (substrate, reaction conditions, or a specific table row). If multiple types of activity are listed in the text (multiple instances), capture only the type that is physically realized in the currently described process (e.g., oxidation of TMB in the presence of H2O2 determines the choice of 'peroxidase', O2 evolution — 'catalase').

**Processing steps:**
* Find mentions of catalytic activity in the text (terms with enzyme names, abbreviations POD, HRP, CAT, OXD, as well as descriptive phrases like 'enzyme-catalysis capability', 'artificial peroxidase').
* Convert abbreviations and specific biological analogies into standardized basic enzyme names (e.g., 'POD' -> 'peroxidase', 'HRP-like' -> 'peroxidase', 'CAT' -> 'catalase', 'OXD' -> 'oxidase').
* Cut off similarity suffixes ('-like', '-mimic'), as well as dependent words denoting a process or property ('activity', 'properties', 'catalysis', 'artificial').
* Convert the final cleaned enzyme name strictly to lowercase (e.g., 'Peroxidase' -> 'peroxidase').


### Field: `ccat_unit`
**Parameter essence:** The unit of measurement of a physical quantity (mass, mass or molar concentration) describing the quantitative content of the main catalyst (nanozyme) in the reaction system during kinetic assays.
**Search condition:** Triggers only when there is a direct syntactic or contextual connection of the unit of measurement with the quantitative parameter of the investigated nanozyme added to the reaction medium.

**Processing steps:**
* Localize a numerical value in the text denoting the amount or concentration of the target catalyst, and capture the unit of measurement following it.
* If the unit of measurement is expressed as a relative value 'ppm' (parts per million), conceptually convert it to the equivalent mass-volume concentration 'μg mL−1' (according to the document context).
* Perform a strict replacement of the micro sign 'µ' (U+00B5) with the standard Greek letter 'μ' (U+03BC).
* Restore missing spaces between components of a complex dimension (e.g., 'μgmL−1' -> 'μg mL−1').
* Preserve original separators and operators present in the text (e.g., interpuncts 'μg · mL−1' or slashes 'μg/mL'), without standardizing them to a single style, unless it violates the physical meaning.

**Ignore (False positives):**
* Ignore units of measurement of linear dimensions or area (e.g., 'cm') describing the macroscopic physical dimensions of a solid catalyst (e.g., a film), as they do not reflect the concentration or mass of the substance in the reaction volume.
* Ignore units of measurement related to the mass of individual microcomponents of a composite (e.g., 'ng' strictly for a platinum core) or to the mass of reference natural enzymes (e.g., 'ng HRP'), extracting only the dimension for the target nanozyme as a whole.
* Ignore units of measurement of molar concentration (e.g., 'M') if they are syntactically tied exclusively to the calculated concentration of active sites '[E]' used as an intermediate parameter to calculate Kcat, provided the basic mass concentration of the catalyst itself is present in the description.


### Field: `ccat_value`
**Parameter essence:** The absolute practical mass or concentration of the catalyst (nanozyme) introduced into the reaction system to conduct steady-state kinetic measurements. The attribute determines the macroscopic amount of the entire synthesized composite material acting as a catalyst and is a fundamental parameter of the external experimental environment.
**Search condition:** Triggers strictly when there is a fixed value of the mass or concentration of the catalyst tied to the conditions of the steady-state kinetic experiment (plotting Michaelis-Menten curves).

**Processing steps:**
* Localize a numerical value in the text or tabular metadata describing the mass (µg, mg) or concentration (mg/mL, µg/mL, ppm, μM) of the catalyst fixed for conducting the kinetic analysis.
* In case of using different catalyst masses for different varied substrates (e.g., 35 µg for H2O2 and 55 µg for TMB within the same sentence), deterministically extract the value corresponding to the substrate of the current reaction.
* Extract exclusively the numerical value (integer or decimal fraction).
* Unconditionally cut off any units of measurement, chemical formulas, brackets, and text markers (e.g., '47.8 μg · mL−1' -> '47.8', '50 ppm' -> '50').

**Ignore (False positives):**
* Strictly ignore calculated molar concentrations of the catalyst (usually expressed in M and denoted as [E]) presented in summary tables of kinetic parameters for calculating the k_cat constant. Extract the primary mass or working concentration from the protocol description.
* Ignore the mass or fraction of an individual active metal/element within a complex composite (e.g., 'containing 250 ng Pt'). Extract the mass of the entire assembled composite material.
* Ignore physical dimensions, area, or volume of solid samples (e.g., '0.5 cm × 1 cm' for films). The attribute must be expressed in terms of mass or concentration.
* Ignore enumerations of concentrations used at the stage of selecting optimal conditions (e.g., '5, 15, 25... µg'). Extract the single fixed value applied when varying the substrate.
* Ignore catalyst amounts applied to investigate side activities (e.g., catalase) if the target profile is built for another activity (e.g., peroxidase).


### Field: `c_const`
**Parameter essence:** The fixed (constant) molar concentration of the co-substrate in the final reaction mixture during steady-state kinetic measurements (determination of Michaelis-Menten parameters), acting as a background condition when varying the concentration of the main investigated substrate.
**Search condition:** The presence of a steady-state kinetics (Michaelis-Menten) context where the 'varied substrate — fixed co-substrate' pair is explicitly specified.

**Processing steps:**
* Find the description of the kinetic experiment in the text and identify the co-substrate whose concentration is fixed (markers: 'fixed', 'was [X]', 'in the presence of') against the background of varying another component ('varying', 'different amounts').
* Capture the numerical value and its original unit of measurement (M, mM, μM).
* Convert all values to a single standard dimension — millimoles (mM). If the original value is in 'M' — multiply by 1000. If in 'μM' — divide by 1000.
* Discard units of measurement and text noise, returning strictly the final number (e.g., '210 μM' -> 0.21; '1 M' -> 1000).

**Ignore (False positives):**
* Ignore physical parameters of stock (initial) solutions: concentrations, mass fractions, or volumes of reagents prior to their dilution in the reaction mixture (e.g., '20 mg mL−1 in DMSO', '30% H2O2', '10 μL'). These are fundamentally different physical objects (precursors), not properties of the final environment.


### Field: `c_const_unit`
**Parameter essence:** The unit of measurement of the fixed (constant) molar concentration of the co-substrate (e.g., H2O2 or TMB) in the reaction mixture during kinetic assays. Denotes the dimension of the value that remains unchanged while the concentration of another substrate is varied.
**Search condition:** Extract only if the unit of measurement refers to the molar concentration of the fixed co-substrate in the final reaction mixture.

**Processing steps:**
* Find the value of the fixed co-substrate concentration in the text (often accompanied by the words 'fixed', 'constant' or indicated as an exact single value against the background of a varied range of another substrate).
* Capture the unit of measurement (M, mM, μM) syntactically tied to this numerical value.
* Clean the extracted string from brackets, spaces, and punctuation.
* Preserve the original case and prefix (M, mM, μM) without mathematical conversion to other orders of magnitude (unless otherwise dictated by a strict external standard).

**Ignore (False positives):**
* Ignore units of measurement of mass concentration (e.g., mg mL-1). The target attribute is always expressed in units of molarity (M, mM, μM).
* Ignore units of measurement of the concentration of intermediate or initial (stock) solutions (e.g., 'in DMSO'). Extract strictly the dimension of the final working concentration in the reaction medium.


### Field: `c_max`
**Parameter essence:** The exact numerical value of the maximum concentration of the varied substrate (e.g., H2O2, TMB) applied in a series of kinetic experiments to calculate enzyme activity parameters (according to the Michaelis-Menten model). The value represents the upper limit of the investigated concentration range or the maximum element of the array of specified concentrations, strictly normalized to the unit of measurement millimoles per liter (mM).
**Search condition:** The text must describe a kinetic experiment with an explicit indication of varying the concentration of the target substrate (markers: 'varying concentration', 'different amounts', 'ranging from', 'final working concentrations').

**Processing steps:**
* Find syntactic structures describing the change in substrate concentration (enumeration of an array of values 'X, Y, ..., Z mM' or indication of a continuous range 'from X to Z M').
* Isolate the maximum numerical value from the found array or extract the upper boundary of the specified range.
* Mandatorily convert the extracted value to a single dimension — millimolarity (mM). If the original value is specified in M (molarity) — multiply by 1000; if in μM (micromolarity) — divide by 1000; if in mM — leave unchanged.
* Write the final value as a decimal number (mathematical rounding to significant digits is allowed, e.g., recalculation of 832.2 μM -> 0.8322 mM with rounding to 0.832).

**Ignore (False positives):**
* Ignore inaccurate or vague concentration limits (e.g., with the '<' operator, such as '<2 M') that describe general background conditions for conducting the reaction or parameters for reference enzymes (native catalase), and not the specific upper boundary of the tested range for the target catalyst.


### Field: `c_max_unit`
**Parameter essence:** The unit of measurement of the maximum (or boundary) substrate concentration used in kinetic experiments. Reflects the physical dimension of the upper limit of the tested range or the maximum value from the array of concentrations.
**Search condition:** Extract and normalize the unit of measurement only if there is a valid numerical value of the maximum substrate concentration within the description of the kinetic analysis.

**Processing steps:**
* Find the physical dimension in the text (e.g., M, mM, μM) syntactically or contextually tied to the maximum numerical value in the array or range of concentrations of the target substrate (H2O2, TMB, etc.).
* Recognize the extracted string marker as a measure of the molar concentration of the substance in the reaction medium.
* If the original unit of measurement differs from millimolar (e.g., specified in moles 'M' or micromoles 'μM'), initiate conversion to 'mM'. This action must be strictly synchronized with the mathematical recalculation of the numerical value of the maximum concentration itself.
* Convert the final value to a single standard and write it strictly as 'mM'.


### Field: `c_min`
**Parameter essence:** The minimum concentration of the varied substrate in the kinetic experiment.
**Search condition:** Extract the value only for the substrate whose concentration is varied in the described kinetic experiment.

**Processing steps:**
* Identify the range or array of concentrations of the varied substrate.
* Extract the minimum value from the specified range or array.
* If necessary, recalculate the value into the target units of measurement (e.g., from M to mM by multiplying by 1000).
* Normalize the recording format (e.g., conversion to exponential format if required).

**Ignore (False positives):**
* Ignore minimum non-zero values from the array of concentrations if absolute zero (0) is present in the array. Zero is the true minimum of the variation range.


### Field: `c_min_unit`
**Parameter essence:** The physical unit of measurement of the minimum concentration of the target substrate in the reaction mixture, used to plot kinetic curves and calculate catalytic parameters. Absolute invariant: dimension of molar concentration.
**Search condition:** Extraction and normalization of the unit of measurement are performed only if there is a valid numerical value of the minimum substrate concentration within the kinetic experiment.

**Processing steps:**
* Localize the unit of measurement in the text (e.g., M, mM, μM) that is syntactically (at the end of the array/range) or contextually tied to the values of the varied substrate concentration.
* Identify the original scale of molar concentration.
* Forcibly standardize any extracted unit of measurement (M, μM) to millimolarity (mM). This transformation implies a synchronous mathematical recalculation of the numerical value of the concentration itself in the adjacent field.
* Regardless of the source text, always return the strictly formatted string constant 'mM'.


### Field: `depth`
**Parameter essence:** The third spatial (linear) dimension of the primary target nanoparticle as a single physical macro-object (depth/thickness). For isotropic particles (spherical, cubic), it is geometrically equivalent to their diameter or overall size. For anisotropic particles (e.g., nanorods), it is equivalent to the width of the cross-section. Describes the physical dimensions of the dry core of the particle (according to electron microscopy data).
**Search condition:** Extract the value strictly if there is a geometric connection (direct or contextual) between the specified parameter (diameter, size, width) and the third dimension of the target nanoparticle, confirmed by electron microscopy data (TEM, SEM, FESEM).

**Processing steps:**
* Find mentions of linear dimensions (diameter, size, width) related to the target nanoparticle.
* If the particle shape is isotropic (spherical, cube-like), translate the diameter or overall size value into the depth field. If the shape is anisotropic (nanorods), translate the width value into the depth field.
* If the text simultaneously indicates a wide distribution range (scattered from X to Y) or a general description (1-2 nm) and an exact average value (average diameter/size), prioritize extracting the exact average value.
* Clean the numerical value from text markers of approximation ('~', 'about', 'ca.', 'around'), units of measurement ('nm'), and statistical errors (cut off '± X').
* If an exact average value is missing, preserve the range in the format 'X-Y' or 'X−Y'.

**Ignore (False positives):**
* Ignore crystallite or grain size calculated by the Debye-Scherrer equation (XRD), as it describes the internal microstructure of the material, not the external dimensions of the entire particle.
* Ignore the thickness of macroscopic films (film thickness) formed on a substrate, as this is a characteristic of a continuous coating, not an individual nanoparticle.
* Ignore the sizes of secondary structures or agglomerates (e.g., micro-flowers) assembled from primary nanoparticles.
* Ignore the sizes of small surface subparticles or domains distributed on the surface of the main (target) nanoparticle.
* Ignore the hydrodynamic diameter measured by the DLS method, as it includes the solvation shell and conceptually differs from the physical size of the dry core.


### Field: `depth_unit`
**Parameter essence:** The unit of measurement of the spatial extent (depth/thickness) of the target nanostructure. In the context of isotropic (spherical) or complex particles, it is semantically and syntactically equivalent to the unit of measurement of the overall size, diameter, or width characterizing the physical dimensions of the investigated object.
**Search condition:** The presence in the text of an explicit numerical value of a linear dimension attributed to the target nanoparticle.

**Processing steps:**
* Identify a numerical value or range in the text describing the linear dimension (depth, thickness, diameter, width, or overall size) of the target nanoparticle.
* Extract the string token of the unit of measurement (e.g., 'nm') immediately adjacent to the found numerical value.
* If only 'diameter', 'width', or 'overall size' is specified in the text, conceptually inherit (copy) this unit of measurement for the 'depth_unit' field, since these metrics use a single dimension for nanoparticles.
* Normalize format: clean the extracted string from the surrounding context, brackets, and punctuation, returning strictly the letter designation (e.g., 'nm').

**Ignore (False positives):**
* Ignore units of measurement of linear dimensions related to secondary, auxiliary, or attached microcomponents (e.g., decorating nanoparticles) if the main/carrier nanostructure acts as the target object (Macro_System) within the current profile.


### Field: `formula`
**Parameter essence:** The standardized basic chemical formula or generally accepted structural abbreviation (e.g., MMT) of the target catalytically active nanomaterial (nanozyme). Describes the fundamental macro-composition of the object, completely abstracting from its physical morphology, structural epithets, and functional roles in the text.
**Search condition:** Extract the value only for those materials that act as the main investigated catalyst (nanozyme) or a direct control sample within the described experiment.

**Processing steps:**
* Find the mention of the target nanomaterial in the text (in the form of a verbal name, raw abbreviation, or composite formula).
* Convert full trivial or nomenclature names of chemical substances into their strict chemical symbols or standardized abbreviations (e.g., 'gold' -> 'Au', 'platinum' -> 'Pt', 'Iron selenide' -> 'FeSe', 'Montmorillonite' -> 'MMT').
* Cut off any words denoting shape, size, or state of aggregation from the formula (e.g., 'NPs', 'NRs', 'nanobelts', 'nanocrystals', 'thin film').
* Remove text descriptions of architecture or role (e.g., 'core-shell', 'alloy', 'seeds').
* Remove irrelevant synthesis prefixes (e.g., 'NH-' from 'NH-MoO3−x') and redundant exact stoichiometric indices of specific batches if the basic formula of the class is required (e.g., 'Au@Pt3.15' -> 'Au@Pt').
* Preserve structural separators of composites and core-shell structures ('-', '@').

**Ignore (False positives):**
* Ignore micro-states of components: do not extract formulas describing specific valence states or ions of individual elements (e.g., 'Pt0', 'Pt2+') if the goal is the general formula of the macro-material.
* Ignore intermediate phases and precursors: do not extract complex crystallographic formulas of intercalates or hydrated complexes (e.g., '[Na(H2O)2]0.25MoO3') describing intermediate structural states instead of the final basic formula of the target nanozyme.


### Field: `km_unit`
**Parameter essence:** The unit of measurement of the Michaelis constant (Km). Denotes the dimension of the substrate concentration at which the rate of the catalytic (enzymatic or pseudo-enzymatic) reaction reaches half of the maximum (Vmax).
**Search condition:** The presence of an explicit mention of the Michaelis constant (Km, KM, Kappm) in conjunction with a numerical value or in the structure of a table header.

**Processing steps:**
* Find the Michaelis constant marker (Km, KM, Kappm) in the text or table header and localize the dimension associated with it (following the number or indicated in brackets in the header).
* Capture the raw dimension string.
* Remove any framing syntactic elements, such as round '()' or square '[]' brackets.
* Replace non-standard typographical symbols (e.g., em dash or minus '−') with a standard hyphen ('-').
* Separate compound units of measurement written together with a space to standardize them (e.g., transform 'mmolL-1' to 'mmol L-1').


### Field: `km_value`
**Parameter essence:** The numerical value of the Michaelis constant (Km), reflecting the catalyst affinity (enzyme or nanozyme) for a specific substrate. Represents the substrate concentration at which the rate of the catalytic reaction reaches half of the maximum (Vmax).
**Search condition:** The presence of an explicit syntactic or tabular connection of the extracted number with the Km parameter (Michaelis constant) for the investigated catalytic system.

**Processing steps:**
* Find a numerical value in the text or table explicitly associated with the Michaelis constant parameter (denoted as Km, K_M, K_m^app) for the target catalyst and specific substrate.
* When enumerating several kinetic parameters (e.g., 'Km and Vmax values... were X and Y respectively'), strictly match the order of numerical values with the order of parameter names.
* When parameters are written together (e.g., 'Km/Vmax = X/Y'), isolate only the value related to Km.
* Extract strictly the numerical value.
* Cut off any units of measurement (mM, mmol L−1, etc.).
* Mandatorily remove trailing non-significant zeros in decimal fractions (e.g., '120.0' -> '120', '546.60' -> '546.6', '92.30' -> '92.3', '1.90' -> '1.9').


### Field: `length`
**Parameter essence:** The physical linear dimension (diameter, length, or averaged dimension) of the primary target nanoparticle as a whole (solid core), usually determined by electron microscopy methods (TEM, SEM).
**Search condition:** Extract the value only for the physical core of the primary nanoparticle, confirmed by direct visualization methods (TEM/SEM), ignoring indirect hydrodynamic and crystallographic metrics.

**Processing steps:**
* Find a numerical value or range describing the geometric dimension (size, diameter, length) of the target nanoparticle.
* Project specific geometric terms ('diameter' for spherical particles, 'size' for cubic ones) onto the universal 'length' attribute.
* Remove text and symbol markers of approximation ('~', 'about', 'ca.', 'mainly').
* Discard units of measurement ('nm') and values of statistical error/standard deviation ('± X.XX'), leaving only the basic average.
* If an exact average value is missing, extract the range entirely, normalizing the separator (replace dash, em dash, or the word 'to' with a hyphen '-').
* When enumerating an array of sizes for different synthesized fractions, extract only the value that relates to the fraction used in the target (e.g., kinetic) assays.

**Ignore (False positives):**
* Crystallite/grain size calculated by XRD methods (e.g., by the Debye-Scherrer equation). Describes the size of the internal crystal lattice/domain, not the physical boundaries of the particle itself.
* Hydrodynamic diameter measured by the DLS method. Includes the solvation shell or protein corona, which ontologically differs from the size of the solid metal/oxide core.
* Size of macrostructures and agglomerates (e.g., micro-flowers, clusters). Characterizes secondary assemblies, not primary nanoparticles.
* Size of surface domains or small subparticles (smaller particles distributed on the surface) that are merely a microcomponent of the shell, not the target anchor particle.
* Wide population distribution range (scattered from X to Y) if a representative average value (average size) for the same population is explicitly calculated and presented in the context.


### Field: `length_unit`
**Parameter essence:** A strict metric unit of measurement (e.g., nanometers - nm) used to quantitatively express the linear geometric parameters (diameter, length, width, average size) of the target nanoparticle or investigated macro-system.
**Search condition:** The presence in the text of a quantitative assessment of the linear dimension of the target object, accompanied by an explicit indication of the metric dimension.

**Processing steps:**
* Localize the unit of measurement token immediately following the numerical value, range (e.g., '5−20'), or enumeration of numbers describing the dimensions (size, diameter, length, width) of the target object.
* Verify that the extracted token belongs to the class of standard metric units of length.
* Isolate the unit of measurement from numerical values, spaces, brackets, punctuation marks, and approximation symbols (~, ca., ±).
* Return a strictly normalized string literal (e.g., 'nm').

**Ignore (False positives):**
* Isolation of secondary objects: Ignore units of measurement if they are syntactically tied to the sizes of secondary structural elements (e.g., decorating particles, substrates, internal microcomponents of a composite, such as PtFe NRs or MMT layers), and not to the main target system.
* Isolation of other physical metrics: Ignore units of measurement describing internal structural characteristics that are not external dimensions of the object (e.g., interplanar spacing of the crystal lattice - lattice spacing).


### Field: `ph`
**Parameter essence:** The exact value of the hydrogen ion exponent (pH) of the external reaction medium (buffer solution) fixed for conducting steady-state kinetic assays or approved as optimal for the target catalytic reaction.
**Search condition:** The value must be exact (Exact_Value) and unambiguously characterize the environment of the final kinetic experiment or the recognized optimum. Capture triggers only on specific numbers, excluding intervals.

**Processing steps:**
* Identify the numerical value associated with the lexical markers 'pH', 'pH =' or 'pH of', located in the context of describing the reaction buffer or optimal conditions.
* Isolate the number from syntactic wrapping (brackets, text prefixes).
* Perform mathematical format normalization: discard non-significant zeros in the fractional part, reducing it to an integer (e.g., strictly convert '4.0' to '4', '5.0' to '5').
* Preserve values with true significant fractional parts without rounding (e.g., '3.8', '4.5', '7.4' remain unchanged).

**Ignore (False positives):**
* Ignore screening ranges (Fuzzy_Or_Range, e.g., '3 to 12', '2.0–8.0', '4 to 6'): these are broad research intervals used to find the optimum, not the target fixed conditions of the final kinetic analysis.
* Ignore extreme or boundary values (e.g., 'up to pH 12') describing limits of stability, endurance, or side activity trends if they are not the approved working parameter for calculating kinetics.


### Field: `reaction_type`
**Parameter essence:** The type of catalytic reaction, strictly determined by the combination of participating substrates and co-substrates (e.g., electron donor and oxidant), standardized as a formula of their joint presence in the reaction medium.
**Search condition:** The presence in the text of a description of a catalytic (kinetic) experiment indicating the participating substrates, regardless of whether they are presented as an enumeration of reagents, the name of an oxidation process, or an abbreviation of the reaction system.

**Processing steps:**
* Find all mentions of chemical substrates and co-substrates participating in the reaction in the text. Extract them even if they are presented as process names (e.g., 'oxidation of TMB', 'TMB oxidations') or system names ('H2O2-TMB system', 'TMB/H2O2').
* Convert full verbal names of chemical substances (e.g., 'hydrogen peroxide', '3,3′,5,5′-tetramethylbenzidine') into their generally accepted short chemical formulas or abbreviations ('H2O2', 'TMB').
* If only one substrate (e.g., the varied one) is specified in a local sentence or table cell, but the mandatory presence of a co-substrate (H2O2) unambiguously follows from the general context of the experiment (e.g., 'peroxidase-like activity'), restore the missing element.
* Analyze the roles of reagents in the experiment. The substrate whose concentration is varied (varying concentration) must be placed first. The substrate whose concentration is fixed (fixed concentration) is placed second.
* Combine the standardized reagent names into a single string using the separator ' + ' (e.g., 'H2O2 + TMB' or 'TMB + H2O2'). If the reaction involves only one substrate (e.g., catalase activity), leave it without concatenation (e.g., 'H2O2').


### Field: `surface`
**Parameter essence:** A purposefully used chemical compound, polymer, or biological macromolecule forming the external coating (shell), stabilizing layer, or matrix for the synthesis of an individual nanoparticle. Acts as a surface modifier that prevents agglomeration and determines the physicochemical properties of the nanozyme interface.
**Search condition:** Triggers when there is a contextual or syntactic indication that the molecule forms a surface layer, stabilizes the nanoparticle in solution, or serves as a matrix for its nucleation.

**Processing steps:**
* Find chemical or biological agents in the text syntactically associated with processes of coating ('coated with'), modification ('modified with'), stabilization ('capped'), or acting as a matrix ('nucleation substrate').
* If the text provides the full name and its abbreviation/synonym, convert the value to the canonical form used in the study (e.g., 'polyethylene glycol' -> 'PEG', 'bovine serum albumin' -> 'BSA', 'apoFt' -> 'apoferritin').
* Cut off specifications of molecular weight (e.g., 'PEG 6000' -> 'PEG'), degree of hydration (e.g., 'trisodium citrate dihydrate' -> 'trisodium citrate'), and indications of ionic state (e.g., 'citrate anions' -> 'citrate').
* Replace non-standard symbols (e.g., en dash '–' with a hyphen '-') in complex polymer names ('PEG–VE' -> 'PEG-VE'). Return the cleaned string.

**Ignore (False positives):**
* Ignore macroscopic carriers and substrates (e.g., Montmorillonite/MMT) used as an external medium for dispersing finished nanoparticles; extract strictly molecular ligands and polymers forming the micro-particle's own shell.
* Ignore residual reagents (e.g., ascorbic acid) accidentally present on the surface as a byproduct of the reduction reaction if they were not purposefully applied as a stabilizing coating.
* Ignore primary/intermediate ligands (e.g., oleylamine, oleic acid) if the description of the multi-stage synthesis explicitly states that they are washed away, replaced, or covered by the final target modifier (e.g., PEG-VE).


### Field: `syngony`
**Parameter essence:** The fundamental geometric symmetry of the crystal lattice (basic syngony/crystal system) of the target nanomaterial or its isolated phases, determining the macroscopic spatial organization of atoms.
**Search condition:** Extract the value if there is a direct indication of the type of crystal lattice of the material, usually in the context of interpreting structural analysis data (XRD, HRTEM).

**Processing steps:**
* Find terms in the text describing the crystal structure, phase, Bravais lattice type, or structural motif (e.g., cubic, tetragonal, orthorhombic, face-centered cubic, fcc, fluorite).
* Translate specific subtypes of Bravais lattices (e.g., 'face-centered cubic', 'fcc') and names of mineralogical structural types (e.g., 'fluorite') into their fundamental syngony class (in these cases -> 'cubic').
* Isolate the target value from contextual noise (remove the words 'phase', 'structure', 'crystal') and return strictly one word in lowercase denoting the basic syngony (e.g., 'cubic', 'tetragonal', 'orthorhombic').


### Field: `temperature`
**Parameter essence:** The exact numerical value of the temperature (in degrees Celsius) at which the main kinetic or catalytic measurements were conducted.
**Search condition:** The presence of a direct syntactic or contextual connection of the value with conducting the kinetic analysis (e.g., 'carried out at', 'completed at') or an explicit statement of the value as optimal/standard for subsequent measurements.

**Processing steps:**
* Identify the numerical value of the temperature related to the kinetic experiment.
* Extract only numbers.
* Remove all units of measurement and symbols (e.g., '°C', 'C', spaces).

**Ignore (False positives):**
* Ignore temperature ranges (e.g., '10–70 °C', '4 to 85 °C') used to find the optimum or check stability.
* Ignore inaccurate qualitative descriptions (e.g., 'room temperature') if they are not accompanied by an exact numerical equivalent that can be extracted.
* Ignore extremes (e.g., degradation temperature or maximum activity) if they are not the selected standard temperature for the kinetic analysis.


### Field: `vmax_unit`
**Parameter essence:** The physical unit of measurement of the maximum rate of the catalytic or enzymatic reaction (Vmax), reflecting the change in the concentration of a substance (substrate or product) per unit of time.
**Search condition:** Extract strictly in the context of describing the kinetic parameter Vmax (maximum reaction rate), ignoring units of measurement of other parameters (e.g., Km, Kcat).

**Processing steps:**
* Extract the text block denoting the dimension of the Vmax parameter. Look in table column headers (usually inside round or square brackets) or in continuous text immediately after the numerical value of Vmax.
* If the dimension is specified together with a scale multiplier (e.g., '10−8', '×10−7'), extract it as an integral part of the unit of measurement string.
* Remove HTML tags (e.g., <sup>, <sub>, <th>, <tr>).
* Convert superscripts written via curly braces or tags into linear text (e.g., 's^{−1}' -> 's−1').
* Replace typographical multiplication signs ('×') with the Latin letter 'x'.
* Replace typographical minus signs ('−') with standard hyphens ('-').
* Convert the string to a single concatenation format (attention: external standardization is required, as the current markup chaotically adds or removes spaces between concentration and time).


### Field: `vmax_value`
**Parameter essence:** The maximum rate of the enzymatic or catalytic reaction (Vmax). A quantitative kinetic characteristic reflecting the limit rate of product formation (or substrate consumption) by the catalytic system under the condition of complete saturation of the catalyst with the substrate.
**Search condition:** The presence of an explicit marker of the maximum rate kinetic parameter (Vmax, Vm) in the local syntactic context or table header hierarchy.

**Processing steps:**
* Find the base numerical value syntactically or structurally (in a table) tied to the maximum rate parameter (denoted as Vmax, Vm, vmax) for a specific 'catalyst-substrate' pair.
* Mandatorily check table column/row headers or preceding text for the presence of factored-out common dimension multipliers (e.g., '10^−8', '×10^−7').
* If the number is written in exponential form (e.g., '8.32 × 10^−8') or has a multiplier factored out in the header, perform strict mathematical multiplication of the base number by the order of magnitude (mantissa).
* Convert the final calculated value into a standardized machine-readable format: either an exact decimal fraction (e.g., '0.0000000832') or scientific E-notation (e.g., '8.32E-08'). Arbitrary rounding of significant digits of the original value is categorically prohibited.


### Field: `width`
**Parameter essence:** The transverse linear dimension (width) of the primary nanoparticle. For isotropic morphologies (spherical, cubic particles), the width is geometrically equivalent to the diameter or basic 'size'. For anisotropic structures (nanorods, nanobelts), the width represents the transverse dimension perpendicular to the length. Characterizes the physical dimensions of the solid inorganic core.
**Search condition:** Capture the value only if there is a direct syntactic or contextual connection of the size to the target primary nanoparticle, confirmed by direct visualization methods (TEM, SEM), strictly excluding indirect (XRD) and liquid-phase (DLS) metrics.

**Processing steps:**
* Find numerical values describing the width, diameter, or overall size of the target nanoparticle.
* Based on morphology data, translate the diameter (for spherical particles) or overall size (for cubic particles) into the target width parameter.
* If the text simultaneously provides a wide size distribution range and an exact average size, prioritize extracting the average size.
* If an array of sizes for a series of syntheses is presented, extract the value corresponding to the specific target experiment.
* In the presence of a value indicating statistical error (e.g., '1.87 ± 0.40'), cut off the error and extract exclusively the basic average value.
* Remove text markers of approximation ('~', 'about', 'ca.', 'mainly') and units of measurement ('nm').
* Preserve the exact numerical value or range (in the format 'X-Y' or 'X-Y') if an exact average value is missing.

**Ignore (False positives):**
* Ignore crystallite/grain size, often calculated by X-ray diffraction methods (e.g., by the Debye-Scherrer formula). The target is the physical size of the entire nanoparticle.
* Ignore the sizes of secondary superstructures and macro-aggregates (e.g., micro-flowers) assembled from multiple primary nanoparticles. Extract the size strictly of the primary structural unit.
* Ignore the sizes of small surface domains or subparticles distributed on the surface of the main nanoparticle or forming its porous shell.
* Ignore the hydrodynamic diameter measured by the DLS method, as it includes the solvation shell and possible organic capsules (e.g., protein cages). The target is the size of the solid core (usually according to TEM/SEM data).


### Field: `width_unit`
**Parameter essence:** The unit of measurement of the transverse linear dimension (width, diameter, or equivalent dimension) of the investigated nanoparticle or its structural component.
**Search condition:** The presence in the text of a quantitative value explicitly describing the transverse dimension (width, diameter, size) of the target object, accompanied by a physical unit of measurement.

**Processing steps:**
* Search the text for numerical values or ranges semantically describing the width, diameter, or average size of nanoparticles.
* Tie the found unit of measurement to the corresponding physical parameter, even if it is specified once for a range (e.g., '5-20 nm') or inherited from the context.
* Exact extraction of the symbolic designation of the unit of measurement (e.g., 'nm') with the cutting off of numerical values, spaces, brackets, and punctuation marks.

[[ ## tip ## ]]
Include a persona that is relevant to the task in the instruction (ie. "You are a ...")

Respond with the corresponding output fields, starting with the field `[[ ## proposed_instruction ## ]]`, and then ending with the marker for `[[ ## completed ## ]]`.


[31mResponse:[0m

[32m[[ ## proposed_instruction ## ]]
# Scientific Data Extraction Specialist Instruction

You are an expert scientific data extraction specialist with deep expertise in nanozyme research, enzyme kinetics, and materials science. Your task is to analyze full-text scientific articles and extract structured experimental metadata into standardized records.

## Your Role

Read the provided scientific document carefully and extract kinetic parameters and material properties for nanozymes (artificial nanomaterials with enzyme-like activity). You must reason step-by-step through the document before producing your final structured output.

## Reasoning Process

Before extracting data, you should:
1. **Identify the target nanozyme(s)** - Determine which artificial nanomaterials are the primary focus of the study
2. **Locate kinetic experiments** - Find sections describing Michaelis-Menten steady-state kinetic measurements
3. **Map experimental conditions** - Identify substrate variations, fixed conditions, and environmental parameters
4. **Validate extraction criteria** - Ensure each record meets the requirements for inclusion (Km and Vmax must be calculated)

## Record Creation Rules

Create a separate record (row) only when ALL conditions are met:
- ✓ Unique artificial nanomaterial (nanozyme) synthesized or primarily characterized in the current study
- ✓ Unique type of enzyme-like activity
- ✓ Specific varied substrate
- ✓ Specific environmental condition or modulator
- ✓ Detailed steady-state kinetic parameters (Km, Vmax) calculated by authors

**STRICTLY EXCLUDE:**
- Natural enzymes (HRP, native catalase, etc.)
- Literature data transferred from previous publications
- Non-Michaelis-Menten catalytic processes
- Materials without calculated Km and Vmax constants

## Field Extraction Specifications

For each valid record, extract the following fields. Return `null` if a valid value cannot be found.

### Catalytic Activity
- **activity**: Enzyme-like activity type (peroxidase, catalase, oxidase). Normalize abbreviations (POD→peroxidase, CAT→catalase). Remove suffixes (-like, -mimic). Lowercase only.
- **reaction_type**: Substrate combination formula (e.g., "H2O2 + TMB"). Varied substrate first, fixed co-substrate second.

### Catalyst Properties
- **formula**: Standardized chemical formula (e.g., "Au", "Pt", "FeSe"). Remove shape descriptors (NPs, NRs), stoichiometric indices, and synthesis prefixes.
- **surface**: Surface coating/stabilizing agent (e.g., "PEG", "BSA", "citrate"). Remove molecular weight specs and hydration states.
- **syngony**: Crystal system (cubic, tetragonal, orthorombic). Translate subtypes (fcc→cubic, fluorite→cubic).
- **length/width/depth**: Physical dimensions from TEM/SEM. Exclude XRD crystallite size, DLS hydrodynamic diameter, and agglomerate sizes.
- **length_unit/width_unit/depth_unit**: Always "nm" for nanoparticle dimensions.

### Experimental Conditions
- **ccat_value/ccat_unit**: Catalyst mass/concentration in reaction. Exclude individual component masses and stock solution concentrations.
- **c_const/c_const_unit**: Fixed co-substrate molar concentration. Convert to mM for value, preserve original unit string.
- **c_min/c_min_unit** and **c_max/c_max_unit**: Varied substrate concentration range boundaries. Normalize both to mM.
- **ph**: Exact pH value for kinetic assays. Exclude ranges. Remove trailing zeros (4.0→4).
- **temperature**: Exact temperature in Celsius for kinetic measurements. Exclude ranges and qualitative descriptions.

### Kinetic Parameters
- **km_value/km_unit**: Michaelis constant. Remove units from value, preserve and clean unit string.
- **vmax_value/vmax_unit**: Maximum reaction rate. Apply any factored multipliers from table headers. Preserve scientific notation precision.

## Output Format

Produce a JSON array of objects, where each object represents one valid nanozyme kinetic record with all applicable fields populated according to the specifications above.

## Quality Standards

- Be precise and conservative—only extract values explicitly supported by the text
- Maintain unit consistency as specified in each field's rules
- Document your reasoning trace showing how you identified and validated each extraction
- When uncertain between multiple values, prioritize those tied directly to kinetic assay conditions over general characterization data

[[ ## completed ## ]][0m





PROPOSED INSTRUCTION: # Scientific Data Extraction Specialist Instruction

You are an expert scientific data extraction specialist with deep expertise in nanozyme research, enzyme kinetics, and materials science. Your task is to analyze full-text scientific articles and extract structured experimental metadata into standardized records.

## Your Role

Read the provided scientific document carefully and extract kinetic parameters and material properties for nanozymes (artificial nanomaterials with enzyme-like activity). You must reason step-by-step through the document before producing your final structured output.

## Reasoning Process

Before extracting data, you should:
1. **Identify the target nanozyme(s)** - Determine which artificial nanomaterials are the primary focus of the study
2. **Locate kinetic experiments** - Find sections describing Michaelis-Menten steady-state kinetic measurements
3. **Map experimental conditions** - Identify substrate variations, fixed conditions, and environmental parameters
4. **Validate extraction criteria** - Ensure each record meets the requirements for inclusion (Km and Vmax must be calculated)

## Record Creation Rules

Create a separate record (row) only when ALL conditions are met:
- ✓ Unique artificial nanomaterial (nanozyme) synthesized or primarily characterized in the current study
- ✓ Unique type of enzyme-like activity
- ✓ Specific varied substrate
- ✓ Specific environmental condition or modulator
- ✓ Detailed steady-state kinetic parameters (Km, Vmax) calculated by authors

**STRICTLY EXCLUDE:**
- Natural enzymes (HRP, native catalase, etc.)
- Literature data transferred from previous publications
- Non-Michaelis-Menten catalytic processes
- Materials without calculated Km and Vmax constants

## Field Extraction Specifications

For each valid record, extract the following fields. Return `null` if a valid value cannot be found.

### Catalytic Activity
- **activity**: Enzyme-like activity type (peroxidase, catalase, oxidase). Normalize abbreviations (POD→peroxidase, CAT→catalase). Remove suffixes (-like, -mimic). Lowercase only.
- **reaction_type**: Substrate combination formula (e.g., "H2O2 + TMB"). Varied substrate first, fixed co-substrate second.

### Catalyst Properties
- **formula**: Standardized chemical formula (e.g., "Au", "Pt", "FeSe"). Remove shape descriptors (NPs, NRs), stoichiometric indices, and synthesis prefixes.
- **surface**: Surface coating/stabilizing agent (e.g., "PEG", "BSA", "citrate"). Remove molecular weight specs and hydration states.
- **syngony**: Crystal system (cubic, tetragonal, orthorombic). Translate subtypes (fcc→cubic, fluorite→cubic).
- **length/width/depth**: Physical dimensions from TEM/SEM. Exclude XRD crystallite size, DLS hydrodynamic diameter, and agglomerate sizes.
- **length_unit/width_unit/depth_unit**: Always "nm" for nanoparticle dimensions.

### Experimental Conditions
- **ccat_value/ccat_unit**: Catalyst mass/concentration in reaction. Exclude individual component masses and stock solution concentrations.
- **c_const/c_const_unit**: Fixed co-substrate molar concentration. Convert to mM for value, preserve original unit string.
- **c_min/c_min_unit** and **c_max/c_max_unit**: Varied substrate concentration range boundaries. Normalize both to mM.
- **ph**: Exact pH value for kinetic assays. Exclude ranges. Remove trailing zeros (4.0→4).
- **temperature**: Exact temperature in Celsius for kinetic measurements. Exclude ranges and qualitative descriptions.

### Kinetic Parameters
- **km_value/km_unit**: Michaelis constant. Remove units from value, preserve and clean unit string.
- **vmax_value/vmax_unit**: Maximum reaction rate. Apply any factored multipliers from table headers. Preserve scientific notation precision.

## Output Format

Produce a JSON array of objects, where each object represents one valid nanozyme kinetic record with all applicable fields populated according to the specifications above.

## Quality Standards

- Be precise and conservative—only extract values explicitly supported by the text
- Maintain unit consistency as specified in each field's rules
- Document your reasoning trace showing how you identified and validated each extraction
- When uncertain between multiple values, prioritize those tied directly to kinetic assay conditions over general characterization data
Using a randomly generated configuration for our grounded proposer.
Selected tip: simple
PROGRAM DESCRIPTION: The program is designed to solve **information extraction tasks** from unstructured text documents in a task-agnostic manner. It leverages a language model with **Chain-of-Thought (CoT) reasoning** to dynamically adapt to different extraction signatures (e.g., entity recognition, relation extraction, key-value parsing). 

**How it works:**
1. **Initialization**: The `UniversalExtractor` is configured with a task-specific `signature_class` (defining input/output fields for the extraction task).
2. **Processing**: When given `document_text`, it invokes a CoT-based language model pipeline (`dspy.ChainOfThought`) to reason step-by-step about the text and produce structured predictions aligned with the signature.
3. **Persistence**: The agent can be saved/loaded to disk, enabling reuse across sessions without retraining.

This design allows flexible deployment for diverse extraction tasks (e.g., pulling dates, names, or custom fields) by swapping the `signature_class`, while the CoT mechanism improves accuracy through explicit reasoning traces.
task_demos No task demos provided.




[34m[Unknown time][0m

[31mSystem message:[0m

Your input fields are:
1. `dataset_description` (str): A description of the dataset that we are using.
2. `program_code` (str): Language model program designed to solve a particular task.
3. `program_description` (str): Summary of the task the program is designed to solve, and how it goes about solving it.
4. `module` (str): The module to create an instruction for.
5. `module_description` (str): Description of the module to create an instruction for.
6. `task_demos` (str): Example inputs/outputs of our module.
7. `basic_instruction` (str): Basic instruction.
8. `tip` (str): A suggestion for how to go about generating the new instruction.
Your output fields are:
1. `proposed_instruction` (str): Propose an instruction that will be used to prompt a Language Model to perform this task.
All interactions will be structured in the following way, with the appropriate values filled in.

[[ ## dataset_description ## ]]
{dataset_description}

[[ ## program_code ## ]]
{program_code}

[[ ## program_description ## ]]
{program_description}

[[ ## module ## ]]
{module}

[[ ## module_description ## ]]
{module_description}

[[ ## task_demos ## ]]
{task_demos}

[[ ## basic_instruction ## ]]
{basic_instruction}

[[ ## tip ## ]]
{tip}

[[ ## proposed_instruction ## ]]
{proposed_instruction}

[[ ## completed ## ]]
In adhering to this structure, your objective is: 
        Use the information below to learn about a task that we are trying to solve using calls to an LM, then generate a new instruction that will be used to prompt a Language Model to better solve the task.


[31mUser message:[0m

[[ ## dataset_description ## ]]
This dataset pairs full-text scientific articles on nanozymes with structured experimental metadata, prioritizing fundamental kinetic parameters and material properties over application-specific performance metrics. The extraction schema normalizes diverse scientific notation and aggregates distributed information across document sections, including Supporting Information, to create standardized records of catalytic activity. Consequently, the data is optimized for Information Extraction tasks aimed at building comprehensive databases of nanomaterial properties.

[[ ## program_code ## ]]


class UniversalExtractor(BaseAgent, dspy.Module, metaclass=UniversalExtractorMeta):
    """Task-agnostic extraction agent.

    Wraps a specific task signature with Chain-of-Thought reasoning.
    """

    def __init__(self, signature_class: Type[dspy.Signature]):
        """Initialize the UniversalExtractor."""
        BaseAgent.__init__(self)
        dspy.Module.__init__(self)
        self.prog = dspy.ChainOfThought(signature_class)

    def forward(self, document_text: str) -> dspy.Prediction:
        """Execute the extraction pipeline."""
        return self.prog(document_text=document_text)

    def save(self, path: str) -> None:
        """Save the agent to a file."""
        dspy.Module.save(self, path)

    def load(self, path: str) -> None:
        """Load the agent from a file."""
        dspy.Module.load(self, path)


[[ ## program_description ## ]]
The program is designed to solve **information extraction tasks** from unstructured text documents in a task-agnostic manner. It leverages a language model with **Chain-of-Thought (CoT) reasoning** to dynamically adapt to different extraction signatures (e.g., entity recognition, relation extraction, key-value parsing). 

**How it works:**
1. **Initialization**: The `UniversalExtractor` is configured with a task-specific `signature_class` (defining input/output fields for the extraction task).
2. **Processing**: When given `document_text`, it invokes a CoT-based language model pipeline (`dspy.ChainOfThought`) to reason step-by-step about the text and produce structured predictions aligned with the signature.
3. **Persistence**: The agent can be saved/loaded to disk, enabling reuse across sessions without retraining.

This design allows flexible deployment for diverse extraction tasks (e.g., pulling dates, names, or custom fields) by swapping the `signature_class`, while the CoT mechanism improves accuracy through explicit reasoning traces.

[[ ## module ## ]]
Predict(document_text) -> reasoning, extracted_data

[[ ## module_description ## ]]
This module represents the core inference operation executed within the `UniversalExtractor`'s `forward` method. It accepts the raw `document_text` and processes it through the initialized `ChainOfThought` pipeline. The module is responsible for generating intermediate `reasoning` traces that guide the language model's logic, ultimately producing the structured `extracted_data` compliant with the task-specific signature provided during initialization.

[[ ## task_demos ## ]]
No task demos provided.

[[ ## basic_instruction ## ]]
# Data Extraction Instruction

You are an AI assistant specializing in the accurate extraction of structured data from scientific texts. Your task is to read the text and generate a JSON array of objects (records), strictly following the filtering and processing rules below.

## 1. Rules for Creating Records

Determine which objects deserve a separate record in the final array. Create a new record (row) only if the following conditions are met:

* Create a record for each unique artificial nanomaterial (nanozyme) synthesized or primarily characterized within the current study.
* Create a record for each unique type of enzyme-like activity.
* Create a record for each specific varied substrate.
* Create a record for each specific environmental condition or modulator.
* Extract only those combinations for which the authors have calculated detailed steady-state kinetic parameters (Km, Vmax).

**Strictly ignore and do not create records in the following cases:**
* Ignore natural enzymes (e.g., HRP, native catalase).
* Ignore literature data (Literature References) and catalysts whose kinetic parameters are transferred from previous publications.
* Ignore alternative catalytic modalities and processes not related to Michaelis-Menten enzyme-like kinetics.
* Ignore intermediate states, physical mixtures without detailed kinetics, and highly specialized applied probes if fundamental calculation of Km and Vmax constants is not performed for them.

---

## 2. Rules for Populating Fields

For each created record, find and extract the following fields. Apply the described processing steps. If a valid value for a field is missing in the text, return `null`.

### Field: `activity`
**Parameter essence:** The type of enzyme-like catalytic activity (e.g., peroxidase, catalase, oxidase) mimicked by the investigated nanomaterial (nanozyme).
**Search condition:** Extract the value strictly in relation to the local experimental context (substrate, reaction conditions, or a specific table row). If multiple types of activity are listed in the text (multiple instances), capture only the type that is physically realized in the currently described process (e.g., oxidation of TMB in the presence of H2O2 determines the choice of 'peroxidase', O2 evolution — 'catalase').

**Processing steps:**
* Find mentions of catalytic activity in the text (terms with enzyme names, abbreviations POD, HRP, CAT, OXD, as well as descriptive phrases like 'enzyme-catalysis capability', 'artificial peroxidase').
* Convert abbreviations and specific biological analogies into standardized basic enzyme names (e.g., 'POD' -> 'peroxidase', 'HRP-like' -> 'peroxidase', 'CAT' -> 'catalase', 'OXD' -> 'oxidase').
* Cut off similarity suffixes ('-like', '-mimic'), as well as dependent words denoting a process or property ('activity', 'properties', 'catalysis', 'artificial').
* Convert the final cleaned enzyme name strictly to lowercase (e.g., 'Peroxidase' -> 'peroxidase').


### Field: `ccat_unit`
**Parameter essence:** The unit of measurement of a physical quantity (mass, mass or molar concentration) describing the quantitative content of the main catalyst (nanozyme) in the reaction system during kinetic assays.
**Search condition:** Triggers only when there is a direct syntactic or contextual connection of the unit of measurement with the quantitative parameter of the investigated nanozyme added to the reaction medium.

**Processing steps:**
* Localize a numerical value in the text denoting the amount or concentration of the target catalyst, and capture the unit of measurement following it.
* If the unit of measurement is expressed as a relative value 'ppm' (parts per million), conceptually convert it to the equivalent mass-volume concentration 'μg mL−1' (according to the document context).
* Perform a strict replacement of the micro sign 'µ' (U+00B5) with the standard Greek letter 'μ' (U+03BC).
* Restore missing spaces between components of a complex dimension (e.g., 'μgmL−1' -> 'μg mL−1').
* Preserve original separators and operators present in the text (e.g., interpuncts 'μg · mL−1' or slashes 'μg/mL'), without standardizing them to a single style, unless it violates the physical meaning.

**Ignore (False positives):**
* Ignore units of measurement of linear dimensions or area (e.g., 'cm') describing the macroscopic physical dimensions of a solid catalyst (e.g., a film), as they do not reflect the concentration or mass of the substance in the reaction volume.
* Ignore units of measurement related to the mass of individual microcomponents of a composite (e.g., 'ng' strictly for a platinum core) or to the mass of reference natural enzymes (e.g., 'ng HRP'), extracting only the dimension for the target nanozyme as a whole.
* Ignore units of measurement of molar concentration (e.g., 'M') if they are syntactically tied exclusively to the calculated concentration of active sites '[E]' used as an intermediate parameter to calculate Kcat, provided the basic mass concentration of the catalyst itself is present in the description.


### Field: `ccat_value`
**Parameter essence:** The absolute practical mass or concentration of the catalyst (nanozyme) introduced into the reaction system to conduct steady-state kinetic measurements. The attribute determines the macroscopic amount of the entire synthesized composite material acting as a catalyst and is a fundamental parameter of the external experimental environment.
**Search condition:** Triggers strictly when there is a fixed value of the mass or concentration of the catalyst tied to the conditions of the steady-state kinetic experiment (plotting Michaelis-Menten curves).

**Processing steps:**
* Localize a numerical value in the text or tabular metadata describing the mass (µg, mg) or concentration (mg/mL, µg/mL, ppm, μM) of the catalyst fixed for conducting the kinetic analysis.
* In case of using different catalyst masses for different varied substrates (e.g., 35 µg for H2O2 and 55 µg for TMB within the same sentence), deterministically extract the value corresponding to the substrate of the current reaction.
* Extract exclusively the numerical value (integer or decimal fraction).
* Unconditionally cut off any units of measurement, chemical formulas, brackets, and text markers (e.g., '47.8 μg · mL−1' -> '47.8', '50 ppm' -> '50').

**Ignore (False positives):**
* Strictly ignore calculated molar concentrations of the catalyst (usually expressed in M and denoted as [E]) presented in summary tables of kinetic parameters for calculating the k_cat constant. Extract the primary mass or working concentration from the protocol description.
* Ignore the mass or fraction of an individual active metal/element within a complex composite (e.g., 'containing 250 ng Pt'). Extract the mass of the entire assembled composite material.
* Ignore physical dimensions, area, or volume of solid samples (e.g., '0.5 cm × 1 cm' for films). The attribute must be expressed in terms of mass or concentration.
* Ignore enumerations of concentrations used at the stage of selecting optimal conditions (e.g., '5, 15, 25... µg'). Extract the single fixed value applied when varying the substrate.
* Ignore catalyst amounts applied to investigate side activities (e.g., catalase) if the target profile is built for another activity (e.g., peroxidase).


### Field: `c_const`
**Parameter essence:** The fixed (constant) molar concentration of the co-substrate in the final reaction mixture during steady-state kinetic measurements (determination of Michaelis-Menten parameters), acting as a background condition when varying the concentration of the main investigated substrate.
**Search condition:** The presence of a steady-state kinetics (Michaelis-Menten) context where the 'varied substrate — fixed co-substrate' pair is explicitly specified.

**Processing steps:**
* Find the description of the kinetic experiment in the text and identify the co-substrate whose concentration is fixed (markers: 'fixed', 'was [X]', 'in the presence of') against the background of varying another component ('varying', 'different amounts').
* Capture the numerical value and its original unit of measurement (M, mM, μM).
* Convert all values to a single standard dimension — millimoles (mM). If the original value is in 'M' — multiply by 1000. If in 'μM' — divide by 1000.
* Discard units of measurement and text noise, returning strictly the final number (e.g., '210 μM' -> 0.21; '1 M' -> 1000).

**Ignore (False positives):**
* Ignore physical parameters of stock (initial) solutions: concentrations, mass fractions, or volumes of reagents prior to their dilution in the reaction mixture (e.g., '20 mg mL−1 in DMSO', '30% H2O2', '10 μL'). These are fundamentally different physical objects (precursors), not properties of the final environment.


### Field: `c_const_unit`
**Parameter essence:** The unit of measurement of the fixed (constant) molar concentration of the co-substrate (e.g., H2O2 or TMB) in the reaction mixture during kinetic assays. Denotes the dimension of the value that remains unchanged while the concentration of another substrate is varied.
**Search condition:** Extract only if the unit of measurement refers to the molar concentration of the fixed co-substrate in the final reaction mixture.

**Processing steps:**
* Find the value of the fixed co-substrate concentration in the text (often accompanied by the words 'fixed', 'constant' or indicated as an exact single value against the background of a varied range of another substrate).
* Capture the unit of measurement (M, mM, μM) syntactically tied to this numerical value.
* Clean the extracted string from brackets, spaces, and punctuation.
* Preserve the original case and prefix (M, mM, μM) without mathematical conversion to other orders of magnitude (unless otherwise dictated by a strict external standard).

**Ignore (False positives):**
* Ignore units of measurement of mass concentration (e.g., mg mL-1). The target attribute is always expressed in units of molarity (M, mM, μM).
* Ignore units of measurement of the concentration of intermediate or initial (stock) solutions (e.g., 'in DMSO'). Extract strictly the dimension of the final working concentration in the reaction medium.


### Field: `c_max`
**Parameter essence:** The exact numerical value of the maximum concentration of the varied substrate (e.g., H2O2, TMB) applied in a series of kinetic experiments to calculate enzyme activity parameters (according to the Michaelis-Menten model). The value represents the upper limit of the investigated concentration range or the maximum element of the array of specified concentrations, strictly normalized to the unit of measurement millimoles per liter (mM).
**Search condition:** The text must describe a kinetic experiment with an explicit indication of varying the concentration of the target substrate (markers: 'varying concentration', 'different amounts', 'ranging from', 'final working concentrations').

**Processing steps:**
* Find syntactic structures describing the change in substrate concentration (enumeration of an array of values 'X, Y, ..., Z mM' or indication of a continuous range 'from X to Z M').
* Isolate the maximum numerical value from the found array or extract the upper boundary of the specified range.
* Mandatorily convert the extracted value to a single dimension — millimolarity (mM). If the original value is specified in M (molarity) — multiply by 1000; if in μM (micromolarity) — divide by 1000; if in mM — leave unchanged.
* Write the final value as a decimal number (mathematical rounding to significant digits is allowed, e.g., recalculation of 832.2 μM -> 0.8322 mM with rounding to 0.832).

**Ignore (False positives):**
* Ignore inaccurate or vague concentration limits (e.g., with the '<' operator, such as '<2 M') that describe general background conditions for conducting the reaction or parameters for reference enzymes (native catalase), and not the specific upper boundary of the tested range for the target catalyst.


### Field: `c_max_unit`
**Parameter essence:** The unit of measurement of the maximum (or boundary) substrate concentration used in kinetic experiments. Reflects the physical dimension of the upper limit of the tested range or the maximum value from the array of concentrations.
**Search condition:** Extract and normalize the unit of measurement only if there is a valid numerical value of the maximum substrate concentration within the description of the kinetic analysis.

**Processing steps:**
* Find the physical dimension in the text (e.g., M, mM, μM) syntactically or contextually tied to the maximum numerical value in the array or range of concentrations of the target substrate (H2O2, TMB, etc.).
* Recognize the extracted string marker as a measure of the molar concentration of the substance in the reaction medium.
* If the original unit of measurement differs from millimolar (e.g., specified in moles 'M' or micromoles 'μM'), initiate conversion to 'mM'. This action must be strictly synchronized with the mathematical recalculation of the numerical value of the maximum concentration itself.
* Convert the final value to a single standard and write it strictly as 'mM'.


### Field: `c_min`
**Parameter essence:** The minimum concentration of the varied substrate in the kinetic experiment.
**Search condition:** Extract the value only for the substrate whose concentration is varied in the described kinetic experiment.

**Processing steps:**
* Identify the range or array of concentrations of the varied substrate.
* Extract the minimum value from the specified range or array.
* If necessary, recalculate the value into the target units of measurement (e.g., from M to mM by multiplying by 1000).
* Normalize the recording format (e.g., conversion to exponential format if required).

**Ignore (False positives):**
* Ignore minimum non-zero values from the array of concentrations if absolute zero (0) is present in the array. Zero is the true minimum of the variation range.


### Field: `c_min_unit`
**Parameter essence:** The physical unit of measurement of the minimum concentration of the target substrate in the reaction mixture, used to plot kinetic curves and calculate catalytic parameters. Absolute invariant: dimension of molar concentration.
**Search condition:** Extraction and normalization of the unit of measurement are performed only if there is a valid numerical value of the minimum substrate concentration within the kinetic experiment.

**Processing steps:**
* Localize the unit of measurement in the text (e.g., M, mM, μM) that is syntactically (at the end of the array/range) or contextually tied to the values of the varied substrate concentration.
* Identify the original scale of molar concentration.
* Forcibly standardize any extracted unit of measurement (M, μM) to millimolarity (mM). This transformation implies a synchronous mathematical recalculation of the numerical value of the concentration itself in the adjacent field.
* Regardless of the source text, always return the strictly formatted string constant 'mM'.


### Field: `depth`
**Parameter essence:** The third spatial (linear) dimension of the primary target nanoparticle as a single physical macro-object (depth/thickness). For isotropic particles (spherical, cubic), it is geometrically equivalent to their diameter or overall size. For anisotropic particles (e.g., nanorods), it is equivalent to the width of the cross-section. Describes the physical dimensions of the dry core of the particle (according to electron microscopy data).
**Search condition:** Extract the value strictly if there is a geometric connection (direct or contextual) between the specified parameter (diameter, size, width) and the third dimension of the target nanoparticle, confirmed by electron microscopy data (TEM, SEM, FESEM).

**Processing steps:**
* Find mentions of linear dimensions (diameter, size, width) related to the target nanoparticle.
* If the particle shape is isotropic (spherical, cube-like), translate the diameter or overall size value into the depth field. If the shape is anisotropic (nanorods), translate the width value into the depth field.
* If the text simultaneously indicates a wide distribution range (scattered from X to Y) or a general description (1-2 nm) and an exact average value (average diameter/size), prioritize extracting the exact average value.
* Clean the numerical value from text markers of approximation ('~', 'about', 'ca.', 'around'), units of measurement ('nm'), and statistical errors (cut off '± X').
* If an exact average value is missing, preserve the range in the format 'X-Y' or 'X−Y'.

**Ignore (False positives):**
* Ignore crystallite or grain size calculated by the Debye-Scherrer equation (XRD), as it describes the internal microstructure of the material, not the external dimensions of the entire particle.
* Ignore the thickness of macroscopic films (film thickness) formed on a substrate, as this is a characteristic of a continuous coating, not an individual nanoparticle.
* Ignore the sizes of secondary structures or agglomerates (e.g., micro-flowers) assembled from primary nanoparticles.
* Ignore the sizes of small surface subparticles or domains distributed on the surface of the main (target) nanoparticle.
* Ignore the hydrodynamic diameter measured by the DLS method, as it includes the solvation shell and conceptually differs from the physical size of the dry core.


### Field: `depth_unit`
**Parameter essence:** The unit of measurement of the spatial extent (depth/thickness) of the target nanostructure. In the context of isotropic (spherical) or complex particles, it is semantically and syntactically equivalent to the unit of measurement of the overall size, diameter, or width characterizing the physical dimensions of the investigated object.
**Search condition:** The presence in the text of an explicit numerical value of a linear dimension attributed to the target nanoparticle.

**Processing steps:**
* Identify a numerical value or range in the text describing the linear dimension (depth, thickness, diameter, width, or overall size) of the target nanoparticle.
* Extract the string token of the unit of measurement (e.g., 'nm') immediately adjacent to the found numerical value.
* If only 'diameter', 'width', or 'overall size' is specified in the text, conceptually inherit (copy) this unit of measurement for the 'depth_unit' field, since these metrics use a single dimension for nanoparticles.
* Normalize format: clean the extracted string from the surrounding context, brackets, and punctuation, returning strictly the letter designation (e.g., 'nm').

**Ignore (False positives):**
* Ignore units of measurement of linear dimensions related to secondary, auxiliary, or attached microcomponents (e.g., decorating nanoparticles) if the main/carrier nanostructure acts as the target object (Macro_System) within the current profile.


### Field: `formula`
**Parameter essence:** The standardized basic chemical formula or generally accepted structural abbreviation (e.g., MMT) of the target catalytically active nanomaterial (nanozyme). Describes the fundamental macro-composition of the object, completely abstracting from its physical morphology, structural epithets, and functional roles in the text.
**Search condition:** Extract the value only for those materials that act as the main investigated catalyst (nanozyme) or a direct control sample within the described experiment.

**Processing steps:**
* Find the mention of the target nanomaterial in the text (in the form of a verbal name, raw abbreviation, or composite formula).
* Convert full trivial or nomenclature names of chemical substances into their strict chemical symbols or standardized abbreviations (e.g., 'gold' -> 'Au', 'platinum' -> 'Pt', 'Iron selenide' -> 'FeSe', 'Montmorillonite' -> 'MMT').
* Cut off any words denoting shape, size, or state of aggregation from the formula (e.g., 'NPs', 'NRs', 'nanobelts', 'nanocrystals', 'thin film').
* Remove text descriptions of architecture or role (e.g., 'core-shell', 'alloy', 'seeds').
* Remove irrelevant synthesis prefixes (e.g., 'NH-' from 'NH-MoO3−x') and redundant exact stoichiometric indices of specific batches if the basic formula of the class is required (e.g., 'Au@Pt3.15' -> 'Au@Pt').
* Preserve structural separators of composites and core-shell structures ('-', '@').

**Ignore (False positives):**
* Ignore micro-states of components: do not extract formulas describing specific valence states or ions of individual elements (e.g., 'Pt0', 'Pt2+') if the goal is the general formula of the macro-material.
* Ignore intermediate phases and precursors: do not extract complex crystallographic formulas of intercalates or hydrated complexes (e.g., '[Na(H2O)2]0.25MoO3') describing intermediate structural states instead of the final basic formula of the target nanozyme.


### Field: `km_unit`
**Parameter essence:** The unit of measurement of the Michaelis constant (Km). Denotes the dimension of the substrate concentration at which the rate of the catalytic (enzymatic or pseudo-enzymatic) reaction reaches half of the maximum (Vmax).
**Search condition:** The presence of an explicit mention of the Michaelis constant (Km, KM, Kappm) in conjunction with a numerical value or in the structure of a table header.

**Processing steps:**
* Find the Michaelis constant marker (Km, KM, Kappm) in the text or table header and localize the dimension associated with it (following the number or indicated in brackets in the header).
* Capture the raw dimension string.
* Remove any framing syntactic elements, such as round '()' or square '[]' brackets.
* Replace non-standard typographical symbols (e.g., em dash or minus '−') with a standard hyphen ('-').
* Separate compound units of measurement written together with a space to standardize them (e.g., transform 'mmolL-1' to 'mmol L-1').


### Field: `km_value`
**Parameter essence:** The numerical value of the Michaelis constant (Km), reflecting the catalyst affinity (enzyme or nanozyme) for a specific substrate. Represents the substrate concentration at which the rate of the catalytic reaction reaches half of the maximum (Vmax).
**Search condition:** The presence of an explicit syntactic or tabular connection of the extracted number with the Km parameter (Michaelis constant) for the investigated catalytic system.

**Processing steps:**
* Find a numerical value in the text or table explicitly associated with the Michaelis constant parameter (denoted as Km, K_M, K_m^app) for the target catalyst and specific substrate.
* When enumerating several kinetic parameters (e.g., 'Km and Vmax values... were X and Y respectively'), strictly match the order of numerical values with the order of parameter names.
* When parameters are written together (e.g., 'Km/Vmax = X/Y'), isolate only the value related to Km.
* Extract strictly the numerical value.
* Cut off any units of measurement (mM, mmol L−1, etc.).
* Mandatorily remove trailing non-significant zeros in decimal fractions (e.g., '120.0' -> '120', '546.60' -> '546.6', '92.30' -> '92.3', '1.90' -> '1.9').


### Field: `length`
**Parameter essence:** The physical linear dimension (diameter, length, or averaged dimension) of the primary target nanoparticle as a whole (solid core), usually determined by electron microscopy methods (TEM, SEM).
**Search condition:** Extract the value only for the physical core of the primary nanoparticle, confirmed by direct visualization methods (TEM/SEM), ignoring indirect hydrodynamic and crystallographic metrics.

**Processing steps:**
* Find a numerical value or range describing the geometric dimension (size, diameter, length) of the target nanoparticle.
* Project specific geometric terms ('diameter' for spherical particles, 'size' for cubic ones) onto the universal 'length' attribute.
* Remove text and symbol markers of approximation ('~', 'about', 'ca.', 'mainly').
* Discard units of measurement ('nm') and values of statistical error/standard deviation ('± X.XX'), leaving only the basic average.
* If an exact average value is missing, extract the range entirely, normalizing the separator (replace dash, em dash, or the word 'to' with a hyphen '-').
* When enumerating an array of sizes for different synthesized fractions, extract only the value that relates to the fraction used in the target (e.g., kinetic) assays.

**Ignore (False positives):**
* Crystallite/grain size calculated by XRD methods (e.g., by the Debye-Scherrer equation). Describes the size of the internal crystal lattice/domain, not the physical boundaries of the particle itself.
* Hydrodynamic diameter measured by the DLS method. Includes the solvation shell or protein corona, which ontologically differs from the size of the solid metal/oxide core.
* Size of macrostructures and agglomerates (e.g., micro-flowers, clusters). Characterizes secondary assemblies, not primary nanoparticles.
* Size of surface domains or small subparticles (smaller particles distributed on the surface) that are merely a microcomponent of the shell, not the target anchor particle.
* Wide population distribution range (scattered from X to Y) if a representative average value (average size) for the same population is explicitly calculated and presented in the context.


### Field: `length_unit`
**Parameter essence:** A strict metric unit of measurement (e.g., nanometers - nm) used to quantitatively express the linear geometric parameters (diameter, length, width, average size) of the target nanoparticle or investigated macro-system.
**Search condition:** The presence in the text of a quantitative assessment of the linear dimension of the target object, accompanied by an explicit indication of the metric dimension.

**Processing steps:**
* Localize the unit of measurement token immediately following the numerical value, range (e.g., '5−20'), or enumeration of numbers describing the dimensions (size, diameter, length, width) of the target object.
* Verify that the extracted token belongs to the class of standard metric units of length.
* Isolate the unit of measurement from numerical values, spaces, brackets, punctuation marks, and approximation symbols (~, ca., ±).
* Return a strictly normalized string literal (e.g., 'nm').

**Ignore (False positives):**
* Isolation of secondary objects: Ignore units of measurement if they are syntactically tied to the sizes of secondary structural elements (e.g., decorating particles, substrates, internal microcomponents of a composite, such as PtFe NRs or MMT layers), and not to the main target system.
* Isolation of other physical metrics: Ignore units of measurement describing internal structural characteristics that are not external dimensions of the object (e.g., interplanar spacing of the crystal lattice - lattice spacing).


### Field: `ph`
**Parameter essence:** The exact value of the hydrogen ion exponent (pH) of the external reaction medium (buffer solution) fixed for conducting steady-state kinetic assays or approved as optimal for the target catalytic reaction.
**Search condition:** The value must be exact (Exact_Value) and unambiguously characterize the environment of the final kinetic experiment or the recognized optimum. Capture triggers only on specific numbers, excluding intervals.

**Processing steps:**
* Identify the numerical value associated with the lexical markers 'pH', 'pH =' or 'pH of', located in the context of describing the reaction buffer or optimal conditions.
* Isolate the number from syntactic wrapping (brackets, text prefixes).
* Perform mathematical format normalization: discard non-significant zeros in the fractional part, reducing it to an integer (e.g., strictly convert '4.0' to '4', '5.0' to '5').
* Preserve values with true significant fractional parts without rounding (e.g., '3.8', '4.5', '7.4' remain unchanged).

**Ignore (False positives):**
* Ignore screening ranges (Fuzzy_Or_Range, e.g., '3 to 12', '2.0–8.0', '4 to 6'): these are broad research intervals used to find the optimum, not the target fixed conditions of the final kinetic analysis.
* Ignore extreme or boundary values (e.g., 'up to pH 12') describing limits of stability, endurance, or side activity trends if they are not the approved working parameter for calculating kinetics.


### Field: `reaction_type`
**Parameter essence:** The type of catalytic reaction, strictly determined by the combination of participating substrates and co-substrates (e.g., electron donor and oxidant), standardized as a formula of their joint presence in the reaction medium.
**Search condition:** The presence in the text of a description of a catalytic (kinetic) experiment indicating the participating substrates, regardless of whether they are presented as an enumeration of reagents, the name of an oxidation process, or an abbreviation of the reaction system.

**Processing steps:**
* Find all mentions of chemical substrates and co-substrates participating in the reaction in the text. Extract them even if they are presented as process names (e.g., 'oxidation of TMB', 'TMB oxidations') or system names ('H2O2-TMB system', 'TMB/H2O2').
* Convert full verbal names of chemical substances (e.g., 'hydrogen peroxide', '3,3′,5,5′-tetramethylbenzidine') into their generally accepted short chemical formulas or abbreviations ('H2O2', 'TMB').
* If only one substrate (e.g., the varied one) is specified in a local sentence or table cell, but the mandatory presence of a co-substrate (H2O2) unambiguously follows from the general context of the experiment (e.g., 'peroxidase-like activity'), restore the missing element.
* Analyze the roles of reagents in the experiment. The substrate whose concentration is varied (varying concentration) must be placed first. The substrate whose concentration is fixed (fixed concentration) is placed second.
* Combine the standardized reagent names into a single string using the separator ' + ' (e.g., 'H2O2 + TMB' or 'TMB + H2O2'). If the reaction involves only one substrate (e.g., catalase activity), leave it without concatenation (e.g., 'H2O2').


### Field: `surface`
**Parameter essence:** A purposefully used chemical compound, polymer, or biological macromolecule forming the external coating (shell), stabilizing layer, or matrix for the synthesis of an individual nanoparticle. Acts as a surface modifier that prevents agglomeration and determines the physicochemical properties of the nanozyme interface.
**Search condition:** Triggers when there is a contextual or syntactic indication that the molecule forms a surface layer, stabilizes the nanoparticle in solution, or serves as a matrix for its nucleation.

**Processing steps:**
* Find chemical or biological agents in the text syntactically associated with processes of coating ('coated with'), modification ('modified with'), stabilization ('capped'), or acting as a matrix ('nucleation substrate').
* If the text provides the full name and its abbreviation/synonym, convert the value to the canonical form used in the study (e.g., 'polyethylene glycol' -> 'PEG', 'bovine serum albumin' -> 'BSA', 'apoFt' -> 'apoferritin').
* Cut off specifications of molecular weight (e.g., 'PEG 6000' -> 'PEG'), degree of hydration (e.g., 'trisodium citrate dihydrate' -> 'trisodium citrate'), and indications of ionic state (e.g., 'citrate anions' -> 'citrate').
* Replace non-standard symbols (e.g., en dash '–' with a hyphen '-') in complex polymer names ('PEG–VE' -> 'PEG-VE'). Return the cleaned string.

**Ignore (False positives):**
* Ignore macroscopic carriers and substrates (e.g., Montmorillonite/MMT) used as an external medium for dispersing finished nanoparticles; extract strictly molecular ligands and polymers forming the micro-particle's own shell.
* Ignore residual reagents (e.g., ascorbic acid) accidentally present on the surface as a byproduct of the reduction reaction if they were not purposefully applied as a stabilizing coating.
* Ignore primary/intermediate ligands (e.g., oleylamine, oleic acid) if the description of the multi-stage synthesis explicitly states that they are washed away, replaced, or covered by the final target modifier (e.g., PEG-VE).


### Field: `syngony`
**Parameter essence:** The fundamental geometric symmetry of the crystal lattice (basic syngony/crystal system) of the target nanomaterial or its isolated phases, determining the macroscopic spatial organization of atoms.
**Search condition:** Extract the value if there is a direct indication of the type of crystal lattice of the material, usually in the context of interpreting structural analysis data (XRD, HRTEM).

**Processing steps:**
* Find terms in the text describing the crystal structure, phase, Bravais lattice type, or structural motif (e.g., cubic, tetragonal, orthorhombic, face-centered cubic, fcc, fluorite).
* Translate specific subtypes of Bravais lattices (e.g., 'face-centered cubic', 'fcc') and names of mineralogical structural types (e.g., 'fluorite') into their fundamental syngony class (in these cases -> 'cubic').
* Isolate the target value from contextual noise (remove the words 'phase', 'structure', 'crystal') and return strictly one word in lowercase denoting the basic syngony (e.g., 'cubic', 'tetragonal', 'orthorhombic').


### Field: `temperature`
**Parameter essence:** The exact numerical value of the temperature (in degrees Celsius) at which the main kinetic or catalytic measurements were conducted.
**Search condition:** The presence of a direct syntactic or contextual connection of the value with conducting the kinetic analysis (e.g., 'carried out at', 'completed at') or an explicit statement of the value as optimal/standard for subsequent measurements.

**Processing steps:**
* Identify the numerical value of the temperature related to the kinetic experiment.
* Extract only numbers.
* Remove all units of measurement and symbols (e.g., '°C', 'C', spaces).

**Ignore (False positives):**
* Ignore temperature ranges (e.g., '10–70 °C', '4 to 85 °C') used to find the optimum or check stability.
* Ignore inaccurate qualitative descriptions (e.g., 'room temperature') if they are not accompanied by an exact numerical equivalent that can be extracted.
* Ignore extremes (e.g., degradation temperature or maximum activity) if they are not the selected standard temperature for the kinetic analysis.


### Field: `vmax_unit`
**Parameter essence:** The physical unit of measurement of the maximum rate of the catalytic or enzymatic reaction (Vmax), reflecting the change in the concentration of a substance (substrate or product) per unit of time.
**Search condition:** Extract strictly in the context of describing the kinetic parameter Vmax (maximum reaction rate), ignoring units of measurement of other parameters (e.g., Km, Kcat).

**Processing steps:**
* Extract the text block denoting the dimension of the Vmax parameter. Look in table column headers (usually inside round or square brackets) or in continuous text immediately after the numerical value of Vmax.
* If the dimension is specified together with a scale multiplier (e.g., '10−8', '×10−7'), extract it as an integral part of the unit of measurement string.
* Remove HTML tags (e.g., <sup>, <sub>, <th>, <tr>).
* Convert superscripts written via curly braces or tags into linear text (e.g., 's^{−1}' -> 's−1').
* Replace typographical multiplication signs ('×') with the Latin letter 'x'.
* Replace typographical minus signs ('−') with standard hyphens ('-').
* Convert the string to a single concatenation format (attention: external standardization is required, as the current markup chaotically adds or removes spaces between concentration and time).


### Field: `vmax_value`
**Parameter essence:** The maximum rate of the enzymatic or catalytic reaction (Vmax). A quantitative kinetic characteristic reflecting the limit rate of product formation (or substrate consumption) by the catalytic system under the condition of complete saturation of the catalyst with the substrate.
**Search condition:** The presence of an explicit marker of the maximum rate kinetic parameter (Vmax, Vm) in the local syntactic context or table header hierarchy.

**Processing steps:**
* Find the base numerical value syntactically or structurally (in a table) tied to the maximum rate parameter (denoted as Vmax, Vm, vmax) for a specific 'catalyst-substrate' pair.
* Mandatorily check table column/row headers or preceding text for the presence of factored-out common dimension multipliers (e.g., '10^−8', '×10^−7').
* If the number is written in exponential form (e.g., '8.32 × 10^−8') or has a multiplier factored out in the header, perform strict mathematical multiplication of the base number by the order of magnitude (mantissa).
* Convert the final calculated value into a standardized machine-readable format: either an exact decimal fraction (e.g., '0.0000000832') or scientific E-notation (e.g., '8.32E-08'). Arbitrary rounding of significant digits of the original value is categorically prohibited.


### Field: `width`
**Parameter essence:** The transverse linear dimension (width) of the primary nanoparticle. For isotropic morphologies (spherical, cubic particles), the width is geometrically equivalent to the diameter or basic 'size'. For anisotropic structures (nanorods, nanobelts), the width represents the transverse dimension perpendicular to the length. Characterizes the physical dimensions of the solid inorganic core.
**Search condition:** Capture the value only if there is a direct syntactic or contextual connection of the size to the target primary nanoparticle, confirmed by direct visualization methods (TEM, SEM), strictly excluding indirect (XRD) and liquid-phase (DLS) metrics.

**Processing steps:**
* Find numerical values describing the width, diameter, or overall size of the target nanoparticle.
* Based on morphology data, translate the diameter (for spherical particles) or overall size (for cubic particles) into the target width parameter.
* If the text simultaneously provides a wide size distribution range and an exact average size, prioritize extracting the average size.
* If an array of sizes for a series of syntheses is presented, extract the value corresponding to the specific target experiment.
* In the presence of a value indicating statistical error (e.g., '1.87 ± 0.40'), cut off the error and extract exclusively the basic average value.
* Remove text markers of approximation ('~', 'about', 'ca.', 'mainly') and units of measurement ('nm').
* Preserve the exact numerical value or range (in the format 'X-Y' or 'X-Y') if an exact average value is missing.

**Ignore (False positives):**
* Ignore crystallite/grain size, often calculated by X-ray diffraction methods (e.g., by the Debye-Scherrer formula). The target is the physical size of the entire nanoparticle.
* Ignore the sizes of secondary superstructures and macro-aggregates (e.g., micro-flowers) assembled from multiple primary nanoparticles. Extract the size strictly of the primary structural unit.
* Ignore the sizes of small surface domains or subparticles distributed on the surface of the main nanoparticle or forming its porous shell.
* Ignore the hydrodynamic diameter measured by the DLS method, as it includes the solvation shell and possible organic capsules (e.g., protein cages). The target is the size of the solid core (usually according to TEM/SEM data).


### Field: `width_unit`
**Parameter essence:** The unit of measurement of the transverse linear dimension (width, diameter, or equivalent dimension) of the investigated nanoparticle or its structural component.
**Search condition:** The presence in the text of a quantitative value explicitly describing the transverse dimension (width, diameter, size) of the target object, accompanied by a physical unit of measurement.

**Processing steps:**
* Search the text for numerical values or ranges semantically describing the width, diameter, or average size of nanoparticles.
* Tie the found unit of measurement to the corresponding physical parameter, even if it is specified once for a range (e.g., '5-20 nm') or inherited from the context.
* Exact extraction of the symbolic designation of the unit of measurement (e.g., 'nm') with the cutting off of numerical values, spaces, brackets, and punctuation marks.

[[ ## tip ## ]]
Keep the instruction clear and concise.

Respond with the corresponding output fields, starting with the field `[[ ## proposed_instruction ## ]]`, and then ending with the marker for `[[ ## completed ## ]]`.


[31mResponse:[0m

[32m[[ ## proposed_instruction ## ]]
# Nanozyme Kinetic Data Extraction Assistant

You are a specialized scientific data extraction assistant. Your task is to analyze full-text scientific articles about nanozymes and extract structured kinetic and material property data into standardized records.

## Your Reasoning Process

Before extracting data, think through these steps:
1. **Identify the target nanozyme(s)** - Determine which artificial nanomaterials are the primary focus of the study
2. **Locate kinetic experiments** - Find sections describing Michaelis-Menten steady-state kinetic measurements
3. **Match conditions to records** - Ensure each record represents a unique combination of nanozyme, activity type, substrate, and conditions
4. **Validate extracted values** - Cross-reference values across text, tables, and figures for consistency

## Record Creation Rules

**Create a separate record for each unique combination of:**
- Artificial nanomaterial (nanozyme) synthesized/characterized in this study
- Enzyme-like activity type (peroxidase, catalase, oxidase, etc.)
- Varied substrate in the kinetic experiment
- Environmental conditions where Km and Vmax were calculated

**Exclude from extraction:**
- Natural enzymes (HRP, native catalase, etc.)
- Literature data transferred from other publications
- Non-Michaelis-Menten catalytic processes
- Materials without calculated Km and Vmax values

## Field Extraction Specifications

For each valid record, extract the following fields. Return `null` if a field cannot be found.

### Kinetic Parameters
- **activity**: Enzyme-like activity type (lowercase, e.g., 'peroxidase', 'catalase')
- **km_value**: Michaelis constant numerical value (no units, remove trailing zeros)
- **km_unit**: Km unit of measurement (standardized format)
- **vmax_value**: Maximum reaction rate (calculate any factored multipliers, use decimal or E-notation)
- **vmax_unit**: Vmax unit with any scale multipliers included

### Experimental Conditions
- **c_const**: Fixed co-substrate concentration (convert to mM)
- **c_const_unit**: Unit for fixed co-substrate (M, mM, or μM)
- **c_min**: Minimum varied substrate concentration (convert to mM)
- **c_min_unit**: Always return 'mM'
- **c_max**: Maximum varied substrate concentration (convert to mM)
- **c_max_unit**: Always return 'mM'
- **ph**: Exact pH value (integers without decimal if .0, otherwise preserve decimals)
- **temperature**: Temperature in Celsius (numbers only, no units)

### Catalyst Properties
- **ccat_value**: Catalyst mass/concentration used (numbers only, no units)
- **ccat_unit**: Catalyst concentration unit (preserve original format, fix μ symbol)
- **formula**: Basic chemical formula (remove shape/size descriptors, preserve @ and - for composites)
- **length**: Particle length/diameter/size (average value preferred, no units)
- **length_unit**: Size unit (typically 'nm')
- **width**: Particle width (for anisotropic particles, no units)
- **width_unit**: Width unit (typically 'nm')
- **depth**: Particle depth/thickness (no units)
- **depth_unit**: Depth unit (typically 'nm')
- **syngony**: Crystal system (lowercase, e.g., 'cubic', 'tetragonal')
- **surface**: Surface coating/stabilizer (canonical abbreviations like PEG, BSA)

### Reaction Information
- **reaction_type**: Substrate combination (format: 'Substrate1 + Substrate2', varied substrate first)

## Quality Guidelines

1. **Precision**: Extract exact values from the text; do not estimate or calculate unless specified
2. **Context**: Ensure values correspond to the specific kinetic experiment being recorded
3. **Consistency**: Cross-check values between text descriptions and tables
4. **Completeness**: Extract all fields possible; use `null` only when truly unavailable
5. **Standardization**: Apply all specified normalizations (unit conversions, format cleaning)

## Output Format

Provide your reasoning first, explaining how you identified each record and extracted key values. Then output the extracted_data as a JSON array of record objects with all applicable fields.

[[ ## completed ## ]][0m





PROPOSED INSTRUCTION: # Nanozyme Kinetic Data Extraction Assistant

You are a specialized scientific data extraction assistant. Your task is to analyze full-text scientific articles about nanozymes and extract structured kinetic and material property data into standardized records.

## Your Reasoning Process

Before extracting data, think through these steps:
1. **Identify the target nanozyme(s)** - Determine which artificial nanomaterials are the primary focus of the study
2. **Locate kinetic experiments** - Find sections describing Michaelis-Menten steady-state kinetic measurements
3. **Match conditions to records** - Ensure each record represents a unique combination of nanozyme, activity type, substrate, and conditions
4. **Validate extracted values** - Cross-reference values across text, tables, and figures for consistency

## Record Creation Rules

**Create a separate record for each unique combination of:**
- Artificial nanomaterial (nanozyme) synthesized/characterized in this study
- Enzyme-like activity type (peroxidase, catalase, oxidase, etc.)
- Varied substrate in the kinetic experiment
- Environmental conditions where Km and Vmax were calculated

**Exclude from extraction:**
- Natural enzymes (HRP, native catalase, etc.)
- Literature data transferred from other publications
- Non-Michaelis-Menten catalytic processes
- Materials without calculated Km and Vmax values

## Field Extraction Specifications

For each valid record, extract the following fields. Return `null` if a field cannot be found.

### Kinetic Parameters
- **activity**: Enzyme-like activity type (lowercase, e.g., 'peroxidase', 'catalase')
- **km_value**: Michaelis constant numerical value (no units, remove trailing zeros)
- **km_unit**: Km unit of measurement (standardized format)
- **vmax_value**: Maximum reaction rate (calculate any factored multipliers, use decimal or E-notation)
- **vmax_unit**: Vmax unit with any scale multipliers included

### Experimental Conditions
- **c_const**: Fixed co-substrate concentration (convert to mM)
- **c_const_unit**: Unit for fixed co-substrate (M, mM, or μM)
- **c_min**: Minimum varied substrate concentration (convert to mM)
- **c_min_unit**: Always return 'mM'
- **c_max**: Maximum varied substrate concentration (convert to mM)
- **c_max_unit**: Always return 'mM'
- **ph**: Exact pH value (integers without decimal if .0, otherwise preserve decimals)
- **temperature**: Temperature in Celsius (numbers only, no units)

### Catalyst Properties
- **ccat_value**: Catalyst mass/concentration used (numbers only, no units)
- **ccat_unit**: Catalyst concentration unit (preserve original format, fix μ symbol)
- **formula**: Basic chemical formula (remove shape/size descriptors, preserve @ and - for composites)
- **length**: Particle length/diameter/size (average value preferred, no units)
- **length_unit**: Size unit (typically 'nm')
- **width**: Particle width (for anisotropic particles, no units)
- **width_unit**: Width unit (typically 'nm')
- **depth**: Particle depth/thickness (no units)
- **depth_unit**: Depth unit (typically 'nm')
- **syngony**: Crystal system (lowercase, e.g., 'cubic', 'tetragonal')
- **surface**: Surface coating/stabilizer (canonical abbreviations like PEG, BSA)

### Reaction Information
- **reaction_type**: Substrate combination (format: 'Substrate1 + Substrate2', varied substrate first)

## Quality Guidelines

1. **Precision**: Extract exact values from the text; do not estimate or calculate unless specified
2. **Context**: Ensure values correspond to the specific kinetic experiment being recorded
3. **Consistency**: Cross-check values between text descriptions and tables
4. **Completeness**: Extract all fields possible; use `null` only when truly unavailable
5. **Standardization**: Apply all specified normalizations (unit conversions, format cleaning)

## Output Format

Provide your reasoning first, explaining how you identified each record and extracted key values. Then output the extracted_data as a JSON array of record objects with all applicable fields.
Using a randomly generated configuration for our grounded proposer.
Selected tip: creative
PROGRAM DESCRIPTION: The program is designed to solve **information extraction tasks** from unstructured text documents in a task-agnostic manner. It leverages a language model with **Chain-of-Thought (CoT) reasoning** to dynamically adapt to different extraction signatures (e.g., entity recognition, relation extraction, key-value parsing). 

**How it works:**
1. **Initialization**: The `UniversalExtractor` is configured with a task-specific `signature_class` (defining input/output fields for the extraction task).
2. **Processing**: When given `document_text`, it invokes a CoT-based language model pipeline (`dspy.ChainOfThought`) to reason step-by-step about the text and produce structured predictions aligned with the signature.
3. **Persistence**: The agent can be saved/loaded to disk, enabling reuse across sessions without retraining.

This design allows flexible deployment for diverse extraction tasks (e.g., pulling dates, names, or custom fields) by swapping the `signature_class`, while the CoT mechanism improves accuracy through explicit reasoning traces.
task_demos No task demos provided.




[34m[Unknown time][0m

[31mSystem message:[0m

Your input fields are:
1. `dataset_description` (str): A description of the dataset that we are using.
2. `program_code` (str): Language model program designed to solve a particular task.
3. `program_description` (str): Summary of the task the program is designed to solve, and how it goes about solving it.
4. `module` (str): The module to create an instruction for.
5. `module_description` (str): Description of the module to create an instruction for.
6. `task_demos` (str): Example inputs/outputs of our module.
7. `basic_instruction` (str): Basic instruction.
8. `tip` (str): A suggestion for how to go about generating the new instruction.
Your output fields are:
1. `proposed_instruction` (str): Propose an instruction that will be used to prompt a Language Model to perform this task.
All interactions will be structured in the following way, with the appropriate values filled in.

[[ ## dataset_description ## ]]
{dataset_description}

[[ ## program_code ## ]]
{program_code}

[[ ## program_description ## ]]
{program_description}

[[ ## module ## ]]
{module}

[[ ## module_description ## ]]
{module_description}

[[ ## task_demos ## ]]
{task_demos}

[[ ## basic_instruction ## ]]
{basic_instruction}

[[ ## tip ## ]]
{tip}

[[ ## proposed_instruction ## ]]
{proposed_instruction}

[[ ## completed ## ]]
In adhering to this structure, your objective is: 
        Use the information below to learn about a task that we are trying to solve using calls to an LM, then generate a new instruction that will be used to prompt a Language Model to better solve the task.


[31mUser message:[0m

[[ ## dataset_description ## ]]
This dataset pairs full-text scientific articles on nanozymes with structured experimental metadata, prioritizing fundamental kinetic parameters and material properties over application-specific performance metrics. The extraction schema normalizes diverse scientific notation and aggregates distributed information across document sections, including Supporting Information, to create standardized records of catalytic activity. Consequently, the data is optimized for Information Extraction tasks aimed at building comprehensive databases of nanomaterial properties.

[[ ## program_code ## ]]


class UniversalExtractor(BaseAgent, dspy.Module, metaclass=UniversalExtractorMeta):
    """Task-agnostic extraction agent.

    Wraps a specific task signature with Chain-of-Thought reasoning.
    """

    def __init__(self, signature_class: Type[dspy.Signature]):
        """Initialize the UniversalExtractor."""
        BaseAgent.__init__(self)
        dspy.Module.__init__(self)
        self.prog = dspy.ChainOfThought(signature_class)

    def forward(self, document_text: str) -> dspy.Prediction:
        """Execute the extraction pipeline."""
        return self.prog(document_text=document_text)

    def save(self, path: str) -> None:
        """Save the agent to a file."""
        dspy.Module.save(self, path)

    def load(self, path: str) -> None:
        """Load the agent from a file."""
        dspy.Module.load(self, path)


[[ ## program_description ## ]]
The program is designed to solve **information extraction tasks** from unstructured text documents in a task-agnostic manner. It leverages a language model with **Chain-of-Thought (CoT) reasoning** to dynamically adapt to different extraction signatures (e.g., entity recognition, relation extraction, key-value parsing). 

**How it works:**
1. **Initialization**: The `UniversalExtractor` is configured with a task-specific `signature_class` (defining input/output fields for the extraction task).
2. **Processing**: When given `document_text`, it invokes a CoT-based language model pipeline (`dspy.ChainOfThought`) to reason step-by-step about the text and produce structured predictions aligned with the signature.
3. **Persistence**: The agent can be saved/loaded to disk, enabling reuse across sessions without retraining.

This design allows flexible deployment for diverse extraction tasks (e.g., pulling dates, names, or custom fields) by swapping the `signature_class`, while the CoT mechanism improves accuracy through explicit reasoning traces.

[[ ## module ## ]]
Predict(document_text) -> reasoning, extracted_data

[[ ## module_description ## ]]
This module represents the core inference operation executed within the `UniversalExtractor`'s `forward` method. It accepts the raw `document_text` and processes it through the initialized `ChainOfThought` pipeline. The module is responsible for generating intermediate `reasoning` traces that guide the language model's logic, ultimately producing the structured `extracted_data` compliant with the task-specific signature provided during initialization.

[[ ## task_demos ## ]]
No task demos provided.

[[ ## basic_instruction ## ]]
# Data Extraction Instruction

You are an AI assistant specializing in the accurate extraction of structured data from scientific texts. Your task is to read the text and generate a JSON array of objects (records), strictly following the filtering and processing rules below.

## 1. Rules for Creating Records

Determine which objects deserve a separate record in the final array. Create a new record (row) only if the following conditions are met:

* Create a record for each unique artificial nanomaterial (nanozyme) synthesized or primarily characterized within the current study.
* Create a record for each unique type of enzyme-like activity.
* Create a record for each specific varied substrate.
* Create a record for each specific environmental condition or modulator.
* Extract only those combinations for which the authors have calculated detailed steady-state kinetic parameters (Km, Vmax).

**Strictly ignore and do not create records in the following cases:**
* Ignore natural enzymes (e.g., HRP, native catalase).
* Ignore literature data (Literature References) and catalysts whose kinetic parameters are transferred from previous publications.
* Ignore alternative catalytic modalities and processes not related to Michaelis-Menten enzyme-like kinetics.
* Ignore intermediate states, physical mixtures without detailed kinetics, and highly specialized applied probes if fundamental calculation of Km and Vmax constants is not performed for them.

---

## 2. Rules for Populating Fields

For each created record, find and extract the following fields. Apply the described processing steps. If a valid value for a field is missing in the text, return `null`.

### Field: `activity`
**Parameter essence:** The type of enzyme-like catalytic activity (e.g., peroxidase, catalase, oxidase) mimicked by the investigated nanomaterial (nanozyme).
**Search condition:** Extract the value strictly in relation to the local experimental context (substrate, reaction conditions, or a specific table row). If multiple types of activity are listed in the text (multiple instances), capture only the type that is physically realized in the currently described process (e.g., oxidation of TMB in the presence of H2O2 determines the choice of 'peroxidase', O2 evolution — 'catalase').

**Processing steps:**
* Find mentions of catalytic activity in the text (terms with enzyme names, abbreviations POD, HRP, CAT, OXD, as well as descriptive phrases like 'enzyme-catalysis capability', 'artificial peroxidase').
* Convert abbreviations and specific biological analogies into standardized basic enzyme names (e.g., 'POD' -> 'peroxidase', 'HRP-like' -> 'peroxidase', 'CAT' -> 'catalase', 'OXD' -> 'oxidase').
* Cut off similarity suffixes ('-like', '-mimic'), as well as dependent words denoting a process or property ('activity', 'properties', 'catalysis', 'artificial').
* Convert the final cleaned enzyme name strictly to lowercase (e.g., 'Peroxidase' -> 'peroxidase').


### Field: `ccat_unit`
**Parameter essence:** The unit of measurement of a physical quantity (mass, mass or molar concentration) describing the quantitative content of the main catalyst (nanozyme) in the reaction system during kinetic assays.
**Search condition:** Triggers only when there is a direct syntactic or contextual connection of the unit of measurement with the quantitative parameter of the investigated nanozyme added to the reaction medium.

**Processing steps:**
* Localize a numerical value in the text denoting the amount or concentration of the target catalyst, and capture the unit of measurement following it.
* If the unit of measurement is expressed as a relative value 'ppm' (parts per million), conceptually convert it to the equivalent mass-volume concentration 'μg mL−1' (according to the document context).
* Perform a strict replacement of the micro sign 'µ' (U+00B5) with the standard Greek letter 'μ' (U+03BC).
* Restore missing spaces between components of a complex dimension (e.g., 'μgmL−1' -> 'μg mL−1').
* Preserve original separators and operators present in the text (e.g., interpuncts 'μg · mL−1' or slashes 'μg/mL'), without standardizing them to a single style, unless it violates the physical meaning.

**Ignore (False positives):**
* Ignore units of measurement of linear dimensions or area (e.g., 'cm') describing the macroscopic physical dimensions of a solid catalyst (e.g., a film), as they do not reflect the concentration or mass of the substance in the reaction volume.
* Ignore units of measurement related to the mass of individual microcomponents of a composite (e.g., 'ng' strictly for a platinum core) or to the mass of reference natural enzymes (e.g., 'ng HRP'), extracting only the dimension for the target nanozyme as a whole.
* Ignore units of measurement of molar concentration (e.g., 'M') if they are syntactically tied exclusively to the calculated concentration of active sites '[E]' used as an intermediate parameter to calculate Kcat, provided the basic mass concentration of the catalyst itself is present in the description.


### Field: `ccat_value`
**Parameter essence:** The absolute practical mass or concentration of the catalyst (nanozyme) introduced into the reaction system to conduct steady-state kinetic measurements. The attribute determines the macroscopic amount of the entire synthesized composite material acting as a catalyst and is a fundamental parameter of the external experimental environment.
**Search condition:** Triggers strictly when there is a fixed value of the mass or concentration of the catalyst tied to the conditions of the steady-state kinetic experiment (plotting Michaelis-Menten curves).

**Processing steps:**
* Localize a numerical value in the text or tabular metadata describing the mass (µg, mg) or concentration (mg/mL, µg/mL, ppm, μM) of the catalyst fixed for conducting the kinetic analysis.
* In case of using different catalyst masses for different varied substrates (e.g., 35 µg for H2O2 and 55 µg for TMB within the same sentence), deterministically extract the value corresponding to the substrate of the current reaction.
* Extract exclusively the numerical value (integer or decimal fraction).
* Unconditionally cut off any units of measurement, chemical formulas, brackets, and text markers (e.g., '47.8 μg · mL−1' -> '47.8', '50 ppm' -> '50').

**Ignore (False positives):**
* Strictly ignore calculated molar concentrations of the catalyst (usually expressed in M and denoted as [E]) presented in summary tables of kinetic parameters for calculating the k_cat constant. Extract the primary mass or working concentration from the protocol description.
* Ignore the mass or fraction of an individual active metal/element within a complex composite (e.g., 'containing 250 ng Pt'). Extract the mass of the entire assembled composite material.
* Ignore physical dimensions, area, or volume of solid samples (e.g., '0.5 cm × 1 cm' for films). The attribute must be expressed in terms of mass or concentration.
* Ignore enumerations of concentrations used at the stage of selecting optimal conditions (e.g., '5, 15, 25... µg'). Extract the single fixed value applied when varying the substrate.
* Ignore catalyst amounts applied to investigate side activities (e.g., catalase) if the target profile is built for another activity (e.g., peroxidase).


### Field: `c_const`
**Parameter essence:** The fixed (constant) molar concentration of the co-substrate in the final reaction mixture during steady-state kinetic measurements (determination of Michaelis-Menten parameters), acting as a background condition when varying the concentration of the main investigated substrate.
**Search condition:** The presence of a steady-state kinetics (Michaelis-Menten) context where the 'varied substrate — fixed co-substrate' pair is explicitly specified.

**Processing steps:**
* Find the description of the kinetic experiment in the text and identify the co-substrate whose concentration is fixed (markers: 'fixed', 'was [X]', 'in the presence of') against the background of varying another component ('varying', 'different amounts').
* Capture the numerical value and its original unit of measurement (M, mM, μM).
* Convert all values to a single standard dimension — millimoles (mM). If the original value is in 'M' — multiply by 1000. If in 'μM' — divide by 1000.
* Discard units of measurement and text noise, returning strictly the final number (e.g., '210 μM' -> 0.21; '1 M' -> 1000).

**Ignore (False positives):**
* Ignore physical parameters of stock (initial) solutions: concentrations, mass fractions, or volumes of reagents prior to their dilution in the reaction mixture (e.g., '20 mg mL−1 in DMSO', '30% H2O2', '10 μL'). These are fundamentally different physical objects (precursors), not properties of the final environment.


### Field: `c_const_unit`
**Parameter essence:** The unit of measurement of the fixed (constant) molar concentration of the co-substrate (e.g., H2O2 or TMB) in the reaction mixture during kinetic assays. Denotes the dimension of the value that remains unchanged while the concentration of another substrate is varied.
**Search condition:** Extract only if the unit of measurement refers to the molar concentration of the fixed co-substrate in the final reaction mixture.

**Processing steps:**
* Find the value of the fixed co-substrate concentration in the text (often accompanied by the words 'fixed', 'constant' or indicated as an exact single value against the background of a varied range of another substrate).
* Capture the unit of measurement (M, mM, μM) syntactically tied to this numerical value.
* Clean the extracted string from brackets, spaces, and punctuation.
* Preserve the original case and prefix (M, mM, μM) without mathematical conversion to other orders of magnitude (unless otherwise dictated by a strict external standard).

**Ignore (False positives):**
* Ignore units of measurement of mass concentration (e.g., mg mL-1). The target attribute is always expressed in units of molarity (M, mM, μM).
* Ignore units of measurement of the concentration of intermediate or initial (stock) solutions (e.g., 'in DMSO'). Extract strictly the dimension of the final working concentration in the reaction medium.


### Field: `c_max`
**Parameter essence:** The exact numerical value of the maximum concentration of the varied substrate (e.g., H2O2, TMB) applied in a series of kinetic experiments to calculate enzyme activity parameters (according to the Michaelis-Menten model). The value represents the upper limit of the investigated concentration range or the maximum element of the array of specified concentrations, strictly normalized to the unit of measurement millimoles per liter (mM).
**Search condition:** The text must describe a kinetic experiment with an explicit indication of varying the concentration of the target substrate (markers: 'varying concentration', 'different amounts', 'ranging from', 'final working concentrations').

**Processing steps:**
* Find syntactic structures describing the change in substrate concentration (enumeration of an array of values 'X, Y, ..., Z mM' or indication of a continuous range 'from X to Z M').
* Isolate the maximum numerical value from the found array or extract the upper boundary of the specified range.
* Mandatorily convert the extracted value to a single dimension — millimolarity (mM). If the original value is specified in M (molarity) — multiply by 1000; if in μM (micromolarity) — divide by 1000; if in mM — leave unchanged.
* Write the final value as a decimal number (mathematical rounding to significant digits is allowed, e.g., recalculation of 832.2 μM -> 0.8322 mM with rounding to 0.832).

**Ignore (False positives):**
* Ignore inaccurate or vague concentration limits (e.g., with the '<' operator, such as '<2 M') that describe general background conditions for conducting the reaction or parameters for reference enzymes (native catalase), and not the specific upper boundary of the tested range for the target catalyst.


### Field: `c_max_unit`
**Parameter essence:** The unit of measurement of the maximum (or boundary) substrate concentration used in kinetic experiments. Reflects the physical dimension of the upper limit of the tested range or the maximum value from the array of concentrations.
**Search condition:** Extract and normalize the unit of measurement only if there is a valid numerical value of the maximum substrate concentration within the description of the kinetic analysis.

**Processing steps:**
* Find the physical dimension in the text (e.g., M, mM, μM) syntactically or contextually tied to the maximum numerical value in the array or range of concentrations of the target substrate (H2O2, TMB, etc.).
* Recognize the extracted string marker as a measure of the molar concentration of the substance in the reaction medium.
* If the original unit of measurement differs from millimolar (e.g., specified in moles 'M' or micromoles 'μM'), initiate conversion to 'mM'. This action must be strictly synchronized with the mathematical recalculation of the numerical value of the maximum concentration itself.
* Convert the final value to a single standard and write it strictly as 'mM'.


### Field: `c_min`
**Parameter essence:** The minimum concentration of the varied substrate in the kinetic experiment.
**Search condition:** Extract the value only for the substrate whose concentration is varied in the described kinetic experiment.

**Processing steps:**
* Identify the range or array of concentrations of the varied substrate.
* Extract the minimum value from the specified range or array.
* If necessary, recalculate the value into the target units of measurement (e.g., from M to mM by multiplying by 1000).
* Normalize the recording format (e.g., conversion to exponential format if required).

**Ignore (False positives):**
* Ignore minimum non-zero values from the array of concentrations if absolute zero (0) is present in the array. Zero is the true minimum of the variation range.


### Field: `c_min_unit`
**Parameter essence:** The physical unit of measurement of the minimum concentration of the target substrate in the reaction mixture, used to plot kinetic curves and calculate catalytic parameters. Absolute invariant: dimension of molar concentration.
**Search condition:** Extraction and normalization of the unit of measurement are performed only if there is a valid numerical value of the minimum substrate concentration within the kinetic experiment.

**Processing steps:**
* Localize the unit of measurement in the text (e.g., M, mM, μM) that is syntactically (at the end of the array/range) or contextually tied to the values of the varied substrate concentration.
* Identify the original scale of molar concentration.
* Forcibly standardize any extracted unit of measurement (M, μM) to millimolarity (mM). This transformation implies a synchronous mathematical recalculation of the numerical value of the concentration itself in the adjacent field.
* Regardless of the source text, always return the strictly formatted string constant 'mM'.


### Field: `depth`
**Parameter essence:** The third spatial (linear) dimension of the primary target nanoparticle as a single physical macro-object (depth/thickness). For isotropic particles (spherical, cubic), it is geometrically equivalent to their diameter or overall size. For anisotropic particles (e.g., nanorods), it is equivalent to the width of the cross-section. Describes the physical dimensions of the dry core of the particle (according to electron microscopy data).
**Search condition:** Extract the value strictly if there is a geometric connection (direct or contextual) between the specified parameter (diameter, size, width) and the third dimension of the target nanoparticle, confirmed by electron microscopy data (TEM, SEM, FESEM).

**Processing steps:**
* Find mentions of linear dimensions (diameter, size, width) related to the target nanoparticle.
* If the particle shape is isotropic (spherical, cube-like), translate the diameter or overall size value into the depth field. If the shape is anisotropic (nanorods), translate the width value into the depth field.
* If the text simultaneously indicates a wide distribution range (scattered from X to Y) or a general description (1-2 nm) and an exact average value (average diameter/size), prioritize extracting the exact average value.
* Clean the numerical value from text markers of approximation ('~', 'about', 'ca.', 'around'), units of measurement ('nm'), and statistical errors (cut off '± X').
* If an exact average value is missing, preserve the range in the format 'X-Y' or 'X−Y'.

**Ignore (False positives):**
* Ignore crystallite or grain size calculated by the Debye-Scherrer equation (XRD), as it describes the internal microstructure of the material, not the external dimensions of the entire particle.
* Ignore the thickness of macroscopic films (film thickness) formed on a substrate, as this is a characteristic of a continuous coating, not an individual nanoparticle.
* Ignore the sizes of secondary structures or agglomerates (e.g., micro-flowers) assembled from primary nanoparticles.
* Ignore the sizes of small surface subparticles or domains distributed on the surface of the main (target) nanoparticle.
* Ignore the hydrodynamic diameter measured by the DLS method, as it includes the solvation shell and conceptually differs from the physical size of the dry core.


### Field: `depth_unit`
**Parameter essence:** The unit of measurement of the spatial extent (depth/thickness) of the target nanostructure. In the context of isotropic (spherical) or complex particles, it is semantically and syntactically equivalent to the unit of measurement of the overall size, diameter, or width characterizing the physical dimensions of the investigated object.
**Search condition:** The presence in the text of an explicit numerical value of a linear dimension attributed to the target nanoparticle.

**Processing steps:**
* Identify a numerical value or range in the text describing the linear dimension (depth, thickness, diameter, width, or overall size) of the target nanoparticle.
* Extract the string token of the unit of measurement (e.g., 'nm') immediately adjacent to the found numerical value.
* If only 'diameter', 'width', or 'overall size' is specified in the text, conceptually inherit (copy) this unit of measurement for the 'depth_unit' field, since these metrics use a single dimension for nanoparticles.
* Normalize format: clean the extracted string from the surrounding context, brackets, and punctuation, returning strictly the letter designation (e.g., 'nm').

**Ignore (False positives):**
* Ignore units of measurement of linear dimensions related to secondary, auxiliary, or attached microcomponents (e.g., decorating nanoparticles) if the main/carrier nanostructure acts as the target object (Macro_System) within the current profile.


### Field: `formula`
**Parameter essence:** The standardized basic chemical formula or generally accepted structural abbreviation (e.g., MMT) of the target catalytically active nanomaterial (nanozyme). Describes the fundamental macro-composition of the object, completely abstracting from its physical morphology, structural epithets, and functional roles in the text.
**Search condition:** Extract the value only for those materials that act as the main investigated catalyst (nanozyme) or a direct control sample within the described experiment.

**Processing steps:**
* Find the mention of the target nanomaterial in the text (in the form of a verbal name, raw abbreviation, or composite formula).
* Convert full trivial or nomenclature names of chemical substances into their strict chemical symbols or standardized abbreviations (e.g., 'gold' -> 'Au', 'platinum' -> 'Pt', 'Iron selenide' -> 'FeSe', 'Montmorillonite' -> 'MMT').
* Cut off any words denoting shape, size, or state of aggregation from the formula (e.g., 'NPs', 'NRs', 'nanobelts', 'nanocrystals', 'thin film').
* Remove text descriptions of architecture or role (e.g., 'core-shell', 'alloy', 'seeds').
* Remove irrelevant synthesis prefixes (e.g., 'NH-' from 'NH-MoO3−x') and redundant exact stoichiometric indices of specific batches if the basic formula of the class is required (e.g., 'Au@Pt3.15' -> 'Au@Pt').
* Preserve structural separators of composites and core-shell structures ('-', '@').

**Ignore (False positives):**
* Ignore micro-states of components: do not extract formulas describing specific valence states or ions of individual elements (e.g., 'Pt0', 'Pt2+') if the goal is the general formula of the macro-material.
* Ignore intermediate phases and precursors: do not extract complex crystallographic formulas of intercalates or hydrated complexes (e.g., '[Na(H2O)2]0.25MoO3') describing intermediate structural states instead of the final basic formula of the target nanozyme.


### Field: `km_unit`
**Parameter essence:** The unit of measurement of the Michaelis constant (Km). Denotes the dimension of the substrate concentration at which the rate of the catalytic (enzymatic or pseudo-enzymatic) reaction reaches half of the maximum (Vmax).
**Search condition:** The presence of an explicit mention of the Michaelis constant (Km, KM, Kappm) in conjunction with a numerical value or in the structure of a table header.

**Processing steps:**
* Find the Michaelis constant marker (Km, KM, Kappm) in the text or table header and localize the dimension associated with it (following the number or indicated in brackets in the header).
* Capture the raw dimension string.
* Remove any framing syntactic elements, such as round '()' or square '[]' brackets.
* Replace non-standard typographical symbols (e.g., em dash or minus '−') with a standard hyphen ('-').
* Separate compound units of measurement written together with a space to standardize them (e.g., transform 'mmolL-1' to 'mmol L-1').


### Field: `km_value`
**Parameter essence:** The numerical value of the Michaelis constant (Km), reflecting the catalyst affinity (enzyme or nanozyme) for a specific substrate. Represents the substrate concentration at which the rate of the catalytic reaction reaches half of the maximum (Vmax).
**Search condition:** The presence of an explicit syntactic or tabular connection of the extracted number with the Km parameter (Michaelis constant) for the investigated catalytic system.

**Processing steps:**
* Find a numerical value in the text or table explicitly associated with the Michaelis constant parameter (denoted as Km, K_M, K_m^app) for the target catalyst and specific substrate.
* When enumerating several kinetic parameters (e.g., 'Km and Vmax values... were X and Y respectively'), strictly match the order of numerical values with the order of parameter names.
* When parameters are written together (e.g., 'Km/Vmax = X/Y'), isolate only the value related to Km.
* Extract strictly the numerical value.
* Cut off any units of measurement (mM, mmol L−1, etc.).
* Mandatorily remove trailing non-significant zeros in decimal fractions (e.g., '120.0' -> '120', '546.60' -> '546.6', '92.30' -> '92.3', '1.90' -> '1.9').


### Field: `length`
**Parameter essence:** The physical linear dimension (diameter, length, or averaged dimension) of the primary target nanoparticle as a whole (solid core), usually determined by electron microscopy methods (TEM, SEM).
**Search condition:** Extract the value only for the physical core of the primary nanoparticle, confirmed by direct visualization methods (TEM/SEM), ignoring indirect hydrodynamic and crystallographic metrics.

**Processing steps:**
* Find a numerical value or range describing the geometric dimension (size, diameter, length) of the target nanoparticle.
* Project specific geometric terms ('diameter' for spherical particles, 'size' for cubic ones) onto the universal 'length' attribute.
* Remove text and symbol markers of approximation ('~', 'about', 'ca.', 'mainly').
* Discard units of measurement ('nm') and values of statistical error/standard deviation ('± X.XX'), leaving only the basic average.
* If an exact average value is missing, extract the range entirely, normalizing the separator (replace dash, em dash, or the word 'to' with a hyphen '-').
* When enumerating an array of sizes for different synthesized fractions, extract only the value that relates to the fraction used in the target (e.g., kinetic) assays.

**Ignore (False positives):**
* Crystallite/grain size calculated by XRD methods (e.g., by the Debye-Scherrer equation). Describes the size of the internal crystal lattice/domain, not the physical boundaries of the particle itself.
* Hydrodynamic diameter measured by the DLS method. Includes the solvation shell or protein corona, which ontologically differs from the size of the solid metal/oxide core.
* Size of macrostructures and agglomerates (e.g., micro-flowers, clusters). Characterizes secondary assemblies, not primary nanoparticles.
* Size of surface domains or small subparticles (smaller particles distributed on the surface) that are merely a microcomponent of the shell, not the target anchor particle.
* Wide population distribution range (scattered from X to Y) if a representative average value (average size) for the same population is explicitly calculated and presented in the context.


### Field: `length_unit`
**Parameter essence:** A strict metric unit of measurement (e.g., nanometers - nm) used to quantitatively express the linear geometric parameters (diameter, length, width, average size) of the target nanoparticle or investigated macro-system.
**Search condition:** The presence in the text of a quantitative assessment of the linear dimension of the target object, accompanied by an explicit indication of the metric dimension.

**Processing steps:**
* Localize the unit of measurement token immediately following the numerical value, range (e.g., '5−20'), or enumeration of numbers describing the dimensions (size, diameter, length, width) of the target object.
* Verify that the extracted token belongs to the class of standard metric units of length.
* Isolate the unit of measurement from numerical values, spaces, brackets, punctuation marks, and approximation symbols (~, ca., ±).
* Return a strictly normalized string literal (e.g., 'nm').

**Ignore (False positives):**
* Isolation of secondary objects: Ignore units of measurement if they are syntactically tied to the sizes of secondary structural elements (e.g., decorating particles, substrates, internal microcomponents of a composite, such as PtFe NRs or MMT layers), and not to the main target system.
* Isolation of other physical metrics: Ignore units of measurement describing internal structural characteristics that are not external dimensions of the object (e.g., interplanar spacing of the crystal lattice - lattice spacing).


### Field: `ph`
**Parameter essence:** The exact value of the hydrogen ion exponent (pH) of the external reaction medium (buffer solution) fixed for conducting steady-state kinetic assays or approved as optimal for the target catalytic reaction.
**Search condition:** The value must be exact (Exact_Value) and unambiguously characterize the environment of the final kinetic experiment or the recognized optimum. Capture triggers only on specific numbers, excluding intervals.

**Processing steps:**
* Identify the numerical value associated with the lexical markers 'pH', 'pH =' or 'pH of', located in the context of describing the reaction buffer or optimal conditions.
* Isolate the number from syntactic wrapping (brackets, text prefixes).
* Perform mathematical format normalization: discard non-significant zeros in the fractional part, reducing it to an integer (e.g., strictly convert '4.0' to '4', '5.0' to '5').
* Preserve values with true significant fractional parts without rounding (e.g., '3.8', '4.5', '7.4' remain unchanged).

**Ignore (False positives):**
* Ignore screening ranges (Fuzzy_Or_Range, e.g., '3 to 12', '2.0–8.0', '4 to 6'): these are broad research intervals used to find the optimum, not the target fixed conditions of the final kinetic analysis.
* Ignore extreme or boundary values (e.g., 'up to pH 12') describing limits of stability, endurance, or side activity trends if they are not the approved working parameter for calculating kinetics.


### Field: `reaction_type`
**Parameter essence:** The type of catalytic reaction, strictly determined by the combination of participating substrates and co-substrates (e.g., electron donor and oxidant), standardized as a formula of their joint presence in the reaction medium.
**Search condition:** The presence in the text of a description of a catalytic (kinetic) experiment indicating the participating substrates, regardless of whether they are presented as an enumeration of reagents, the name of an oxidation process, or an abbreviation of the reaction system.

**Processing steps:**
* Find all mentions of chemical substrates and co-substrates participating in the reaction in the text. Extract them even if they are presented as process names (e.g., 'oxidation of TMB', 'TMB oxidations') or system names ('H2O2-TMB system', 'TMB/H2O2').
* Convert full verbal names of chemical substances (e.g., 'hydrogen peroxide', '3,3′,5,5′-tetramethylbenzidine') into their generally accepted short chemical formulas or abbreviations ('H2O2', 'TMB').
* If only one substrate (e.g., the varied one) is specified in a local sentence or table cell, but the mandatory presence of a co-substrate (H2O2) unambiguously follows from the general context of the experiment (e.g., 'peroxidase-like activity'), restore the missing element.
* Analyze the roles of reagents in the experiment. The substrate whose concentration is varied (varying concentration) must be placed first. The substrate whose concentration is fixed (fixed concentration) is placed second.
* Combine the standardized reagent names into a single string using the separator ' + ' (e.g., 'H2O2 + TMB' or 'TMB + H2O2'). If the reaction involves only one substrate (e.g., catalase activity), leave it without concatenation (e.g., 'H2O2').


### Field: `surface`
**Parameter essence:** A purposefully used chemical compound, polymer, or biological macromolecule forming the external coating (shell), stabilizing layer, or matrix for the synthesis of an individual nanoparticle. Acts as a surface modifier that prevents agglomeration and determines the physicochemical properties of the nanozyme interface.
**Search condition:** Triggers when there is a contextual or syntactic indication that the molecule forms a surface layer, stabilizes the nanoparticle in solution, or serves as a matrix for its nucleation.

**Processing steps:**
* Find chemical or biological agents in the text syntactically associated with processes of coating ('coated with'), modification ('modified with'), stabilization ('capped'), or acting as a matrix ('nucleation substrate').
* If the text provides the full name and its abbreviation/synonym, convert the value to the canonical form used in the study (e.g., 'polyethylene glycol' -> 'PEG', 'bovine serum albumin' -> 'BSA', 'apoFt' -> 'apoferritin').
* Cut off specifications of molecular weight (e.g., 'PEG 6000' -> 'PEG'), degree of hydration (e.g., 'trisodium citrate dihydrate' -> 'trisodium citrate'), and indications of ionic state (e.g., 'citrate anions' -> 'citrate').
* Replace non-standard symbols (e.g., en dash '–' with a hyphen '-') in complex polymer names ('PEG–VE' -> 'PEG-VE'). Return the cleaned string.

**Ignore (False positives):**
* Ignore macroscopic carriers and substrates (e.g., Montmorillonite/MMT) used as an external medium for dispersing finished nanoparticles; extract strictly molecular ligands and polymers forming the micro-particle's own shell.
* Ignore residual reagents (e.g., ascorbic acid) accidentally present on the surface as a byproduct of the reduction reaction if they were not purposefully applied as a stabilizing coating.
* Ignore primary/intermediate ligands (e.g., oleylamine, oleic acid) if the description of the multi-stage synthesis explicitly states that they are washed away, replaced, or covered by the final target modifier (e.g., PEG-VE).


### Field: `syngony`
**Parameter essence:** The fundamental geometric symmetry of the crystal lattice (basic syngony/crystal system) of the target nanomaterial or its isolated phases, determining the macroscopic spatial organization of atoms.
**Search condition:** Extract the value if there is a direct indication of the type of crystal lattice of the material, usually in the context of interpreting structural analysis data (XRD, HRTEM).

**Processing steps:**
* Find terms in the text describing the crystal structure, phase, Bravais lattice type, or structural motif (e.g., cubic, tetragonal, orthorhombic, face-centered cubic, fcc, fluorite).
* Translate specific subtypes of Bravais lattices (e.g., 'face-centered cubic', 'fcc') and names of mineralogical structural types (e.g., 'fluorite') into their fundamental syngony class (in these cases -> 'cubic').
* Isolate the target value from contextual noise (remove the words 'phase', 'structure', 'crystal') and return strictly one word in lowercase denoting the basic syngony (e.g., 'cubic', 'tetragonal', 'orthorhombic').


### Field: `temperature`
**Parameter essence:** The exact numerical value of the temperature (in degrees Celsius) at which the main kinetic or catalytic measurements were conducted.
**Search condition:** The presence of a direct syntactic or contextual connection of the value with conducting the kinetic analysis (e.g., 'carried out at', 'completed at') or an explicit statement of the value as optimal/standard for subsequent measurements.

**Processing steps:**
* Identify the numerical value of the temperature related to the kinetic experiment.
* Extract only numbers.
* Remove all units of measurement and symbols (e.g., '°C', 'C', spaces).

**Ignore (False positives):**
* Ignore temperature ranges (e.g., '10–70 °C', '4 to 85 °C') used to find the optimum or check stability.
* Ignore inaccurate qualitative descriptions (e.g., 'room temperature') if they are not accompanied by an exact numerical equivalent that can be extracted.
* Ignore extremes (e.g., degradation temperature or maximum activity) if they are not the selected standard temperature for the kinetic analysis.


### Field: `vmax_unit`
**Parameter essence:** The physical unit of measurement of the maximum rate of the catalytic or enzymatic reaction (Vmax), reflecting the change in the concentration of a substance (substrate or product) per unit of time.
**Search condition:** Extract strictly in the context of describing the kinetic parameter Vmax (maximum reaction rate), ignoring units of measurement of other parameters (e.g., Km, Kcat).

**Processing steps:**
* Extract the text block denoting the dimension of the Vmax parameter. Look in table column headers (usually inside round or square brackets) or in continuous text immediately after the numerical value of Vmax.
* If the dimension is specified together with a scale multiplier (e.g., '10−8', '×10−7'), extract it as an integral part of the unit of measurement string.
* Remove HTML tags (e.g., <sup>, <sub>, <th>, <tr>).
* Convert superscripts written via curly braces or tags into linear text (e.g., 's^{−1}' -> 's−1').
* Replace typographical multiplication signs ('×') with the Latin letter 'x'.
* Replace typographical minus signs ('−') with standard hyphens ('-').
* Convert the string to a single concatenation format (attention: external standardization is required, as the current markup chaotically adds or removes spaces between concentration and time).


### Field: `vmax_value`
**Parameter essence:** The maximum rate of the enzymatic or catalytic reaction (Vmax). A quantitative kinetic characteristic reflecting the limit rate of product formation (or substrate consumption) by the catalytic system under the condition of complete saturation of the catalyst with the substrate.
**Search condition:** The presence of an explicit marker of the maximum rate kinetic parameter (Vmax, Vm) in the local syntactic context or table header hierarchy.

**Processing steps:**
* Find the base numerical value syntactically or structurally (in a table) tied to the maximum rate parameter (denoted as Vmax, Vm, vmax) for a specific 'catalyst-substrate' pair.
* Mandatorily check table column/row headers or preceding text for the presence of factored-out common dimension multipliers (e.g., '10^−8', '×10^−7').
* If the number is written in exponential form (e.g., '8.32 × 10^−8') or has a multiplier factored out in the header, perform strict mathematical multiplication of the base number by the order of magnitude (mantissa).
* Convert the final calculated value into a standardized machine-readable format: either an exact decimal fraction (e.g., '0.0000000832') or scientific E-notation (e.g., '8.32E-08'). Arbitrary rounding of significant digits of the original value is categorically prohibited.


### Field: `width`
**Parameter essence:** The transverse linear dimension (width) of the primary nanoparticle. For isotropic morphologies (spherical, cubic particles), the width is geometrically equivalent to the diameter or basic 'size'. For anisotropic structures (nanorods, nanobelts), the width represents the transverse dimension perpendicular to the length. Characterizes the physical dimensions of the solid inorganic core.
**Search condition:** Capture the value only if there is a direct syntactic or contextual connection of the size to the target primary nanoparticle, confirmed by direct visualization methods (TEM, SEM), strictly excluding indirect (XRD) and liquid-phase (DLS) metrics.

**Processing steps:**
* Find numerical values describing the width, diameter, or overall size of the target nanoparticle.
* Based on morphology data, translate the diameter (for spherical particles) or overall size (for cubic particles) into the target width parameter.
* If the text simultaneously provides a wide size distribution range and an exact average size, prioritize extracting the average size.
* If an array of sizes for a series of syntheses is presented, extract the value corresponding to the specific target experiment.
* In the presence of a value indicating statistical error (e.g., '1.87 ± 0.40'), cut off the error and extract exclusively the basic average value.
* Remove text markers of approximation ('~', 'about', 'ca.', 'mainly') and units of measurement ('nm').
* Preserve the exact numerical value or range (in the format 'X-Y' or 'X-Y') if an exact average value is missing.

**Ignore (False positives):**
* Ignore crystallite/grain size, often calculated by X-ray diffraction methods (e.g., by the Debye-Scherrer formula). The target is the physical size of the entire nanoparticle.
* Ignore the sizes of secondary superstructures and macro-aggregates (e.g., micro-flowers) assembled from multiple primary nanoparticles. Extract the size strictly of the primary structural unit.
* Ignore the sizes of small surface domains or subparticles distributed on the surface of the main nanoparticle or forming its porous shell.
* Ignore the hydrodynamic diameter measured by the DLS method, as it includes the solvation shell and possible organic capsules (e.g., protein cages). The target is the size of the solid core (usually according to TEM/SEM data).


### Field: `width_unit`
**Parameter essence:** The unit of measurement of the transverse linear dimension (width, diameter, or equivalent dimension) of the investigated nanoparticle or its structural component.
**Search condition:** The presence in the text of a quantitative value explicitly describing the transverse dimension (width, diameter, size) of the target object, accompanied by a physical unit of measurement.

**Processing steps:**
* Search the text for numerical values or ranges semantically describing the width, diameter, or average size of nanoparticles.
* Tie the found unit of measurement to the corresponding physical parameter, even if it is specified once for a range (e.g., '5-20 nm') or inherited from the context.
* Exact extraction of the symbolic designation of the unit of measurement (e.g., 'nm') with the cutting off of numerical values, spaces, brackets, and punctuation marks.

[[ ## tip ## ]]
Don't be afraid to be creative when creating the new instruction!

Respond with the corresponding output fields, starting with the field `[[ ## proposed_instruction ## ]]`, and then ending with the marker for `[[ ## completed ## ]]`.


[31mResponse:[0m

[32m[[ ## proposed_instruction ## ]]
# Nanozyme Kinetic Data Extraction with Chain-of-Thought Reasoning

You are an expert scientific data extraction assistant specializing in nanozyme research. Your task is to read scientific articles and extract structured kinetic and material property data using systematic reasoning.

## Phase 1: Document Understanding & Record Identification

**Before extracting any data, reason through these questions:**

1. **What is the primary nanozyme being studied?** Identify the main catalytic nanomaterial synthesized or characterized in this work (not literature references or control enzymes).

2. **What enzyme-like activities are demonstrated?** Determine which catalytic activities (peroxidase, catalase, oxidase, etc.) have steady-state kinetic parameters (Km, Vmax) calculated.

3. **How many distinct experimental conditions exist?** Identify unique combinations of: nanozyme + activity type + substrate + environmental conditions that warrant separate records.

**Create a separate record ONLY when:**
- A unique nanozyme is synthesized/characterized with kinetic data
- A distinct enzyme-like activity is demonstrated with Km/Vmax calculations
- Different substrates or conditions produce measurably different kinetic profiles

**Exclude from extraction:**
- Natural enzymes (HRP, native catalase) used only as controls
- Literature values transferred from other publications
- Activities without calculated Michaelis-Menten parameters (Km, Vmax)
- Intermediate states or physical mixtures lacking kinetic analysis

---

## Phase 2: Systematic Field Extraction with Validation

For each record, extract the following fields using this reasoning process:

### Catalytic Activity & Reaction Context
- **`activity`**: What enzyme function does this nanozyme mimic? (Convert abbreviations: POD→peroxidase, CAT→catalase, OXD→oxidase; remove '-like', '-mimic'; lowercase final value)
- **`reaction_type`**: Which substrates participate? (Format: 'varied_substrate + fixed_substrate', e.g., 'TMB + H2O2'; convert full names to formulas)

### Catalyst Properties
- **`formula`**: What is the core chemical composition? (Strip morphology descriptors like 'NPs', 'NRs'; preserve structural separators '@', '-')
- **`ccat_value`** & **`ccat_unit`**: What catalyst amount/concentration was used in kinetic assays? (Extract mass/concentration of entire composite, not individual components)
- **`surface`**: What coating/stabilizer forms the nanoparticle shell? (Extract intentional modifiers like PEG, BSA; ignore synthesis byproducts)

### Physical Dimensions (from TEM/SEM, NOT XRD/DLS)
- **`length`**, **`width`**, **`depth`** & corresponding **`_unit`** fields: What are the nanoparticle dimensions? (Prioritize average values over ranges; exclude crystallite sizes, hydrodynamic diameters, agglomerate sizes)
- **`syngony`**: What is the crystal system? (Map specific lattices to basic classes: 'fcc'→'cubic', 'fluorite'→'cubic')

### Kinetic Experiment Conditions
- **`ph`**: What is the exact buffer pH? (Extract fixed values only, not ranges; normalize '4.0'→'4')
- **`temperature`**: At what temperature were kinetics measured? (Extract exact values only, not ranges or 'room temperature')
- **`c_const`** & **`c_const_unit`**: What co-substrate concentration remained fixed? (Convert to mM for value; preserve original unit string)
- **`c_min`**, **`c_max`** & corresponding **`_unit`** fields: What substrate concentration range was tested? (Convert all to mM; extract min/max from varied substrate array)

### Kinetic Parameters
- **`km_value`** & **`km_unit`**: What is the Michaelis constant? (Remove trailing zeros: '120.0'→'120'; preserve unit string)
- **`vmax_value`** & **`vmax_unit`**: What is the maximum reaction rate? (Apply any factored multipliers from table headers; use decimal or E-notation)

---

## Phase 3: Quality Assurance Checks

**Before finalizing each record, verify:**

✓ **Completeness**: Are Km and Vmax both present? (Required for valid kinetic record)
✓ **Consistency**: Do units match across related fields? (e.g., c_min_unit = c_max_unit = 'mM')
✓ **Specificity**: Does this record represent actual experimental data from this study? (Not literature values)
✓ **Granularity**: Should this be split into multiple records? (Different substrates/conditions = separate records)
✓ **Null Handling**: Are missing fields marked as `null` rather than omitted or guessed?

---

## Output Format

Return your reasoning trace followed by a JSON array of extraction records. Each record must include all fields listed above, with `null` for unavailable data.

**Reasoning Structure:**
1. Document overview (main nanozyme, activities studied)
2. Record justification (why this combination deserves a separate record)
3. Field-by-field extraction with source evidence
4. Validation summary (QA checks passed/failed)

**Critical Reminder:** Prioritize accuracy over completeness. It is better to return `null` for uncertain fields than to extract incorrect values. Always ground extractions in explicit text evidence.

[[ ## completed ## ]][0m





PROPOSED INSTRUCTION: # Nanozyme Kinetic Data Extraction with Chain-of-Thought Reasoning

You are an expert scientific data extraction assistant specializing in nanozyme research. Your task is to read scientific articles and extract structured kinetic and material property data using systematic reasoning.

## Phase 1: Document Understanding & Record Identification

**Before extracting any data, reason through these questions:**

1. **What is the primary nanozyme being studied?** Identify the main catalytic nanomaterial synthesized or characterized in this work (not literature references or control enzymes).

2. **What enzyme-like activities are demonstrated?** Determine which catalytic activities (peroxidase, catalase, oxidase, etc.) have steady-state kinetic parameters (Km, Vmax) calculated.

3. **How many distinct experimental conditions exist?** Identify unique combinations of: nanozyme + activity type + substrate + environmental conditions that warrant separate records.

**Create a separate record ONLY when:**
- A unique nanozyme is synthesized/characterized with kinetic data
- A distinct enzyme-like activity is demonstrated with Km/Vmax calculations
- Different substrates or conditions produce measurably different kinetic profiles

**Exclude from extraction:**
- Natural enzymes (HRP, native catalase) used only as controls
- Literature values transferred from other publications
- Activities without calculated Michaelis-Menten parameters (Km, Vmax)
- Intermediate states or physical mixtures lacking kinetic analysis

---

## Phase 2: Systematic Field Extraction with Validation

For each record, extract the following fields using this reasoning process:

### Catalytic Activity & Reaction Context
- **`activity`**: What enzyme function does this nanozyme mimic? (Convert abbreviations: POD→peroxidase, CAT→catalase, OXD→oxidase; remove '-like', '-mimic'; lowercase final value)
- **`reaction_type`**: Which substrates participate? (Format: 'varied_substrate + fixed_substrate', e.g., 'TMB + H2O2'; convert full names to formulas)

### Catalyst Properties
- **`formula`**: What is the core chemical composition? (Strip morphology descriptors like 'NPs', 'NRs'; preserve structural separators '@', '-')
- **`ccat_value`** & **`ccat_unit`**: What catalyst amount/concentration was used in kinetic assays? (Extract mass/concentration of entire composite, not individual components)
- **`surface`**: What coating/stabilizer forms the nanoparticle shell? (Extract intentional modifiers like PEG, BSA; ignore synthesis byproducts)

### Physical Dimensions (from TEM/SEM, NOT XRD/DLS)
- **`length`**, **`width`**, **`depth`** & corresponding **`_unit`** fields: What are the nanoparticle dimensions? (Prioritize average values over ranges; exclude crystallite sizes, hydrodynamic diameters, agglomerate sizes)
- **`syngony`**: What is the crystal system? (Map specific lattices to basic classes: 'fcc'→'cubic', 'fluorite'→'cubic')

### Kinetic Experiment Conditions
- **`ph`**: What is the exact buffer pH? (Extract fixed values only, not ranges; normalize '4.0'→'4')
- **`temperature`**: At what temperature were kinetics measured? (Extract exact values only, not ranges or 'room temperature')
- **`c_const`** & **`c_const_unit`**: What co-substrate concentration remained fixed? (Convert to mM for value; preserve original unit string)
- **`c_min`**, **`c_max`** & corresponding **`_unit`** fields: What substrate concentration range was tested? (Convert all to mM; extract min/max from varied substrate array)

### Kinetic Parameters
- **`km_value`** & **`km_unit`**: What is the Michaelis constant? (Remove trailing zeros: '120.0'→'120'; preserve unit string)
- **`vmax_value`** & **`vmax_unit`**: What is the maximum reaction rate? (Apply any factored multipliers from table headers; use decimal or E-notation)

---

## Phase 3: Quality Assurance Checks

**Before finalizing each record, verify:**

✓ **Completeness**: Are Km and Vmax both present? (Required for valid kinetic record)
✓ **Consistency**: Do units match across related fields? (e.g., c_min_unit = c_max_unit = 'mM')
✓ **Specificity**: Does this record represent actual experimental data from this study? (Not literature values)
✓ **Granularity**: Should this be split into multiple records? (Different substrates/conditions = separate records)
✓ **Null Handling**: Are missing fields marked as `null` rather than omitted or guessed?

---

## Output Format

Return your reasoning trace followed by a JSON array of extraction records. Each record must include all fields listed above, with `null` for unavailable data.

**Reasoning Structure:**
1. Document overview (main nanozyme, activities studied)
2. Record justification (why this combination deserves a separate record)
3. Field-by-field extraction with source evidence
4. Validation summary (QA checks passed/failed)

**Critical Reminder:** Prioritize accuracy over completeness. It is better to return `null` for uncertain fields than to extract incorrect values. Always ground extractions in explicit text evidence.
Using a randomly generated configuration for our grounded proposer.
Selected tip: none
PROGRAM DESCRIPTION: This program is designed to solve **structured information extraction tasks from unstructured text documents** in a task-agnostic manner. It leverages Chain-of-Thought (CoT) reasoning to improve extraction accuracy. The system works by:  
1. Accepting a customizable `signature_class` (defining input/output fields for the extraction task) during initialization.  
2. Wrapping this signature with a `dspy.ChainOfThought` module to guide the language model through step-by-step reasoning.  
3. Processing input `document_text` through the CoT pipeline to generate structured predictions aligned with the signature.  
4. Supporting persistence via `save`/`load` methods for deployment.  
The "task-agnostic" design allows it to adapt to diverse extraction schemas (e.g., entity extraction, relation parsing, or form filling) by simply changing the signature class.
task_demos No task demos provided.




[34m[Unknown time][0m

[31mSystem message:[0m

Your input fields are:
1. `dataset_description` (str): A description of the dataset that we are using.
2. `program_code` (str): Language model program designed to solve a particular task.
3. `program_description` (str): Summary of the task the program is designed to solve, and how it goes about solving it.
4. `module` (str): The module to create an instruction for.
5. `module_description` (str): Description of the module to create an instruction for.
6. `task_demos` (str): Example inputs/outputs of our module.
7. `basic_instruction` (str): Basic instruction.
Your output fields are:
1. `proposed_instruction` (str): Propose an instruction that will be used to prompt a Language Model to perform this task.
All interactions will be structured in the following way, with the appropriate values filled in.

[[ ## dataset_description ## ]]
{dataset_description}

[[ ## program_code ## ]]
{program_code}

[[ ## program_description ## ]]
{program_description}

[[ ## module ## ]]
{module}

[[ ## module_description ## ]]
{module_description}

[[ ## task_demos ## ]]
{task_demos}

[[ ## basic_instruction ## ]]
{basic_instruction}

[[ ## proposed_instruction ## ]]
{proposed_instruction}

[[ ## completed ## ]]
In adhering to this structure, your objective is: 
        Use the information below to learn about a task that we are trying to solve using calls to an LM, then generate a new instruction that will be used to prompt a Language Model to better solve the task.


[31mUser message:[0m

[[ ## dataset_description ## ]]
This dataset pairs full-text scientific articles on nanozymes with structured experimental metadata, prioritizing fundamental kinetic parameters and material properties over application-specific performance metrics. The extraction schema normalizes diverse scientific notation and aggregates distributed information across document sections, including Supporting Information, to create standardized records of catalytic activity. Consequently, the data is optimized for Information Extraction tasks aimed at building comprehensive databases of nanomaterial properties.

[[ ## program_code ## ]]


class UniversalExtractor(BaseAgent, dspy.Module, metaclass=UniversalExtractorMeta):
    """Task-agnostic extraction agent.

    Wraps a specific task signature with Chain-of-Thought reasoning.
    """

    def __init__(self, signature_class: Type[dspy.Signature]):
        """Initialize the UniversalExtractor."""
        BaseAgent.__init__(self)
        dspy.Module.__init__(self)
        self.prog = dspy.ChainOfThought(signature_class)

    def forward(self, document_text: str) -> dspy.Prediction:
        """Execute the extraction pipeline."""
        return self.prog(document_text=document_text)

    def save(self, path: str) -> None:
        """Save the agent to a file."""
        dspy.Module.save(self, path)

    def load(self, path: str) -> None:
        """Load the agent from a file."""
        dspy.Module.load(self, path)


[[ ## program_description ## ]]
This program is designed to solve **structured information extraction tasks from unstructured text documents** in a task-agnostic manner. It leverages Chain-of-Thought (CoT) reasoning to improve extraction accuracy. The system works by:  
1. Accepting a customizable `signature_class` (defining input/output fields for the extraction task) during initialization.  
2. Wrapping this signature with a `dspy.ChainOfThought` module to guide the language model through step-by-step reasoning.  
3. Processing input `document_text` through the CoT pipeline to generate structured predictions aligned with the signature.  
4. Supporting persistence via `save`/`load` methods for deployment.  
The "task-agnostic" design allows it to adapt to diverse extraction schemas (e.g., entity extraction, relation parsing, or form filling) by simply changing the signature class.

[[ ## module ## ]]
Predict(document_text) -> reasoning, extracted_data

[[ ## module_description ## ]]
This module represents the core Chain-of-Thought inference engine wrapped by the UniversalExtractor. It accepts the raw `document_text` as input and orchestrates the language model to generate intermediate `reasoning` steps prior to producing the final `extracted_data`. By enforcing this reasoning phase, the module ensures high-quality structured extraction that aligns with the specific fields defined in the task's signature class.

[[ ## task_demos ## ]]
No task demos provided.

[[ ## basic_instruction ## ]]
# Data Extraction Instruction

You are an AI assistant specializing in the accurate extraction of structured data from scientific texts. Your task is to read the text and generate a JSON array of objects (records), strictly following the filtering and processing rules below.

## 1. Rules for Creating Records

Determine which objects deserve a separate record in the final array. Create a new record (row) only if the following conditions are met:

* Create a record for each unique artificial nanomaterial (nanozyme) synthesized or primarily characterized within the current study.
* Create a record for each unique type of enzyme-like activity.
* Create a record for each specific varied substrate.
* Create a record for each specific environmental condition or modulator.
* Extract only those combinations for which the authors have calculated detailed steady-state kinetic parameters (Km, Vmax).

**Strictly ignore and do not create records in the following cases:**
* Ignore natural enzymes (e.g., HRP, native catalase).
* Ignore literature data (Literature References) and catalysts whose kinetic parameters are transferred from previous publications.
* Ignore alternative catalytic modalities and processes not related to Michaelis-Menten enzyme-like kinetics.
* Ignore intermediate states, physical mixtures without detailed kinetics, and highly specialized applied probes if fundamental calculation of Km and Vmax constants is not performed for them.

---

## 2. Rules for Populating Fields

For each created record, find and extract the following fields. Apply the described processing steps. If a valid value for a field is missing in the text, return `null`.

### Field: `activity`
**Parameter essence:** The type of enzyme-like catalytic activity (e.g., peroxidase, catalase, oxidase) mimicked by the investigated nanomaterial (nanozyme).
**Search condition:** Extract the value strictly in relation to the local experimental context (substrate, reaction conditions, or a specific table row). If multiple types of activity are listed in the text (multiple instances), capture only the type that is physically realized in the currently described process (e.g., oxidation of TMB in the presence of H2O2 determines the choice of 'peroxidase', O2 evolution — 'catalase').

**Processing steps:**
* Find mentions of catalytic activity in the text (terms with enzyme names, abbreviations POD, HRP, CAT, OXD, as well as descriptive phrases like 'enzyme-catalysis capability', 'artificial peroxidase').
* Convert abbreviations and specific biological analogies into standardized basic enzyme names (e.g., 'POD' -> 'peroxidase', 'HRP-like' -> 'peroxidase', 'CAT' -> 'catalase', 'OXD' -> 'oxidase').
* Cut off similarity suffixes ('-like', '-mimic'), as well as dependent words denoting a process or property ('activity', 'properties', 'catalysis', 'artificial').
* Convert the final cleaned enzyme name strictly to lowercase (e.g., 'Peroxidase' -> 'peroxidase').


### Field: `ccat_unit`
**Parameter essence:** The unit of measurement of a physical quantity (mass, mass or molar concentration) describing the quantitative content of the main catalyst (nanozyme) in the reaction system during kinetic assays.
**Search condition:** Triggers only when there is a direct syntactic or contextual connection of the unit of measurement with the quantitative parameter of the investigated nanozyme added to the reaction medium.

**Processing steps:**
* Localize a numerical value in the text denoting the amount or concentration of the target catalyst, and capture the unit of measurement following it.
* If the unit of measurement is expressed as a relative value 'ppm' (parts per million), conceptually convert it to the equivalent mass-volume concentration 'μg mL−1' (according to the document context).
* Perform a strict replacement of the micro sign 'µ' (U+00B5) with the standard Greek letter 'μ' (U+03BC).
* Restore missing spaces between components of a complex dimension (e.g., 'μgmL−1' -> 'μg mL−1').
* Preserve original separators and operators present in the text (e.g., interpuncts 'μg · mL−1' or slashes 'μg/mL'), without standardizing them to a single style, unless it violates the physical meaning.

**Ignore (False positives):**
* Ignore units of measurement of linear dimensions or area (e.g., 'cm') describing the macroscopic physical dimensions of a solid catalyst (e.g., a film), as they do not reflect the concentration or mass of the substance in the reaction volume.
* Ignore units of measurement related to the mass of individual microcomponents of a composite (e.g., 'ng' strictly for a platinum core) or to the mass of reference natural enzymes (e.g., 'ng HRP'), extracting only the dimension for the target nanozyme as a whole.
* Ignore units of measurement of molar concentration (e.g., 'M') if they are syntactically tied exclusively to the calculated concentration of active sites '[E]' used as an intermediate parameter to calculate Kcat, provided the basic mass concentration of the catalyst itself is present in the description.


### Field: `ccat_value`
**Parameter essence:** The absolute practical mass or concentration of the catalyst (nanozyme) introduced into the reaction system to conduct steady-state kinetic measurements. The attribute determines the macroscopic amount of the entire synthesized composite material acting as a catalyst and is a fundamental parameter of the external experimental environment.
**Search condition:** Triggers strictly when there is a fixed value of the mass or concentration of the catalyst tied to the conditions of the steady-state kinetic experiment (plotting Michaelis-Menten curves).

**Processing steps:**
* Localize a numerical value in the text or tabular metadata describing the mass (µg, mg) or concentration (mg/mL, µg/mL, ppm, μM) of the catalyst fixed for conducting the kinetic analysis.
* In case of using different catalyst masses for different varied substrates (e.g., 35 µg for H2O2 and 55 µg for TMB within the same sentence), deterministically extract the value corresponding to the substrate of the current reaction.
* Extract exclusively the numerical value (integer or decimal fraction).
* Unconditionally cut off any units of measurement, chemical formulas, brackets, and text markers (e.g., '47.8 μg · mL−1' -> '47.8', '50 ppm' -> '50').

**Ignore (False positives):**
* Strictly ignore calculated molar concentrations of the catalyst (usually expressed in M and denoted as [E]) presented in summary tables of kinetic parameters for calculating the k_cat constant. Extract the primary mass or working concentration from the protocol description.
* Ignore the mass or fraction of an individual active metal/element within a complex composite (e.g., 'containing 250 ng Pt'). Extract the mass of the entire assembled composite material.
* Ignore physical dimensions, area, or volume of solid samples (e.g., '0.5 cm × 1 cm' for films). The attribute must be expressed in terms of mass or concentration.
* Ignore enumerations of concentrations used at the stage of selecting optimal conditions (e.g., '5, 15, 25... µg'). Extract the single fixed value applied when varying the substrate.
* Ignore catalyst amounts applied to investigate side activities (e.g., catalase) if the target profile is built for another activity (e.g., peroxidase).


### Field: `c_const`
**Parameter essence:** The fixed (constant) molar concentration of the co-substrate in the final reaction mixture during steady-state kinetic measurements (determination of Michaelis-Menten parameters), acting as a background condition when varying the concentration of the main investigated substrate.
**Search condition:** The presence of a steady-state kinetics (Michaelis-Menten) context where the 'varied substrate — fixed co-substrate' pair is explicitly specified.

**Processing steps:**
* Find the description of the kinetic experiment in the text and identify the co-substrate whose concentration is fixed (markers: 'fixed', 'was [X]', 'in the presence of') against the background of varying another component ('varying', 'different amounts').
* Capture the numerical value and its original unit of measurement (M, mM, μM).
* Convert all values to a single standard dimension — millimoles (mM). If the original value is in 'M' — multiply by 1000. If in 'μM' — divide by 1000.
* Discard units of measurement and text noise, returning strictly the final number (e.g., '210 μM' -> 0.21; '1 M' -> 1000).

**Ignore (False positives):**
* Ignore physical parameters of stock (initial) solutions: concentrations, mass fractions, or volumes of reagents prior to their dilution in the reaction mixture (e.g., '20 mg mL−1 in DMSO', '30% H2O2', '10 μL'). These are fundamentally different physical objects (precursors), not properties of the final environment.


### Field: `c_const_unit`
**Parameter essence:** The unit of measurement of the fixed (constant) molar concentration of the co-substrate (e.g., H2O2 or TMB) in the reaction mixture during kinetic assays. Denotes the dimension of the value that remains unchanged while the concentration of another substrate is varied.
**Search condition:** Extract only if the unit of measurement refers to the molar concentration of the fixed co-substrate in the final reaction mixture.

**Processing steps:**
* Find the value of the fixed co-substrate concentration in the text (often accompanied by the words 'fixed', 'constant' or indicated as an exact single value against the background of a varied range of another substrate).
* Capture the unit of measurement (M, mM, μM) syntactically tied to this numerical value.
* Clean the extracted string from brackets, spaces, and punctuation.
* Preserve the original case and prefix (M, mM, μM) without mathematical conversion to other orders of magnitude (unless otherwise dictated by a strict external standard).

**Ignore (False positives):**
* Ignore units of measurement of mass concentration (e.g., mg mL-1). The target attribute is always expressed in units of molarity (M, mM, μM).
* Ignore units of measurement of the concentration of intermediate or initial (stock) solutions (e.g., 'in DMSO'). Extract strictly the dimension of the final working concentration in the reaction medium.


### Field: `c_max`
**Parameter essence:** The exact numerical value of the maximum concentration of the varied substrate (e.g., H2O2, TMB) applied in a series of kinetic experiments to calculate enzyme activity parameters (according to the Michaelis-Menten model). The value represents the upper limit of the investigated concentration range or the maximum element of the array of specified concentrations, strictly normalized to the unit of measurement millimoles per liter (mM).
**Search condition:** The text must describe a kinetic experiment with an explicit indication of varying the concentration of the target substrate (markers: 'varying concentration', 'different amounts', 'ranging from', 'final working concentrations').

**Processing steps:**
* Find syntactic structures describing the change in substrate concentration (enumeration of an array of values 'X, Y, ..., Z mM' or indication of a continuous range 'from X to Z M').
* Isolate the maximum numerical value from the found array or extract the upper boundary of the specified range.
* Mandatorily convert the extracted value to a single dimension — millimolarity (mM). If the original value is specified in M (molarity) — multiply by 1000; if in μM (micromolarity) — divide by 1000; if in mM — leave unchanged.
* Write the final value as a decimal number (mathematical rounding to significant digits is allowed, e.g., recalculation of 832.2 μM -> 0.8322 mM with rounding to 0.832).

**Ignore (False positives):**
* Ignore inaccurate or vague concentration limits (e.g., with the '<' operator, such as '<2 M') that describe general background conditions for conducting the reaction or parameters for reference enzymes (native catalase), and not the specific upper boundary of the tested range for the target catalyst.


### Field: `c_max_unit`
**Parameter essence:** The unit of measurement of the maximum (or boundary) substrate concentration used in kinetic experiments. Reflects the physical dimension of the upper limit of the tested range or the maximum value from the array of concentrations.
**Search condition:** Extract and normalize the unit of measurement only if there is a valid numerical value of the maximum substrate concentration within the description of the kinetic analysis.

**Processing steps:**
* Find the physical dimension in the text (e.g., M, mM, μM) syntactically or contextually tied to the maximum numerical value in the array or range of concentrations of the target substrate (H2O2, TMB, etc.).
* Recognize the extracted string marker as a measure of the molar concentration of the substance in the reaction medium.
* If the original unit of measurement differs from millimolar (e.g., specified in moles 'M' or micromoles 'μM'), initiate conversion to 'mM'. This action must be strictly synchronized with the mathematical recalculation of the numerical value of the maximum concentration itself.
* Convert the final value to a single standard and write it strictly as 'mM'.


### Field: `c_min`
**Parameter essence:** The minimum concentration of the varied substrate in the kinetic experiment.
**Search condition:** Extract the value only for the substrate whose concentration is varied in the described kinetic experiment.

**Processing steps:**
* Identify the range or array of concentrations of the varied substrate.
* Extract the minimum value from the specified range or array.
* If necessary, recalculate the value into the target units of measurement (e.g., from M to mM by multiplying by 1000).
* Normalize the recording format (e.g., conversion to exponential format if required).

**Ignore (False positives):**
* Ignore minimum non-zero values from the array of concentrations if absolute zero (0) is present in the array. Zero is the true minimum of the variation range.


### Field: `c_min_unit`
**Parameter essence:** The physical unit of measurement of the minimum concentration of the target substrate in the reaction mixture, used to plot kinetic curves and calculate catalytic parameters. Absolute invariant: dimension of molar concentration.
**Search condition:** Extraction and normalization of the unit of measurement are performed only if there is a valid numerical value of the minimum substrate concentration within the kinetic experiment.

**Processing steps:**
* Localize the unit of measurement in the text (e.g., M, mM, μM) that is syntactically (at the end of the array/range) or contextually tied to the values of the varied substrate concentration.
* Identify the original scale of molar concentration.
* Forcibly standardize any extracted unit of measurement (M, μM) to millimolarity (mM). This transformation implies a synchronous mathematical recalculation of the numerical value of the concentration itself in the adjacent field.
* Regardless of the source text, always return the strictly formatted string constant 'mM'.


### Field: `depth`
**Parameter essence:** The third spatial (linear) dimension of the primary target nanoparticle as a single physical macro-object (depth/thickness). For isotropic particles (spherical, cubic), it is geometrically equivalent to their diameter or overall size. For anisotropic particles (e.g., nanorods), it is equivalent to the width of the cross-section. Describes the physical dimensions of the dry core of the particle (according to electron microscopy data).
**Search condition:** Extract the value strictly if there is a geometric connection (direct or contextual) between the specified parameter (diameter, size, width) and the third dimension of the target nanoparticle, confirmed by electron microscopy data (TEM, SEM, FESEM).

**Processing steps:**
* Find mentions of linear dimensions (diameter, size, width) related to the target nanoparticle.
* If the particle shape is isotropic (spherical, cube-like), translate the diameter or overall size value into the depth field. If the shape is anisotropic (nanorods), translate the width value into the depth field.
* If the text simultaneously indicates a wide distribution range (scattered from X to Y) or a general description (1-2 nm) and an exact average value (average diameter/size), prioritize extracting the exact average value.
* Clean the numerical value from text markers of approximation ('~', 'about', 'ca.', 'around'), units of measurement ('nm'), and statistical errors (cut off '± X').
* If an exact average value is missing, preserve the range in the format 'X-Y' or 'X−Y'.

**Ignore (False positives):**
* Ignore crystallite or grain size calculated by the Debye-Scherrer equation (XRD), as it describes the internal microstructure of the material, not the external dimensions of the entire particle.
* Ignore the thickness of macroscopic films (film thickness) formed on a substrate, as this is a characteristic of a continuous coating, not an individual nanoparticle.
* Ignore the sizes of secondary structures or agglomerates (e.g., micro-flowers) assembled from primary nanoparticles.
* Ignore the sizes of small surface subparticles or domains distributed on the surface of the main (target) nanoparticle.
* Ignore the hydrodynamic diameter measured by the DLS method, as it includes the solvation shell and conceptually differs from the physical size of the dry core.


### Field: `depth_unit`
**Parameter essence:** The unit of measurement of the spatial extent (depth/thickness) of the target nanostructure. In the context of isotropic (spherical) or complex particles, it is semantically and syntactically equivalent to the unit of measurement of the overall size, diameter, or width characterizing the physical dimensions of the investigated object.
**Search condition:** The presence in the text of an explicit numerical value of a linear dimension attributed to the target nanoparticle.

**Processing steps:**
* Identify a numerical value or range in the text describing the linear dimension (depth, thickness, diameter, width, or overall size) of the target nanoparticle.
* Extract the string token of the unit of measurement (e.g., 'nm') immediately adjacent to the found numerical value.
* If only 'diameter', 'width', or 'overall size' is specified in the text, conceptually inherit (copy) this unit of measurement for the 'depth_unit' field, since these metrics use a single dimension for nanoparticles.
* Normalize format: clean the extracted string from the surrounding context, brackets, and punctuation, returning strictly the letter designation (e.g., 'nm').

**Ignore (False positives):**
* Ignore units of measurement of linear dimensions related to secondary, auxiliary, or attached microcomponents (e.g., decorating nanoparticles) if the main/carrier nanostructure acts as the target object (Macro_System) within the current profile.


### Field: `formula`
**Parameter essence:** The standardized basic chemical formula or generally accepted structural abbreviation (e.g., MMT) of the target catalytically active nanomaterial (nanozyme). Describes the fundamental macro-composition of the object, completely abstracting from its physical morphology, structural epithets, and functional roles in the text.
**Search condition:** Extract the value only for those materials that act as the main investigated catalyst (nanozyme) or a direct control sample within the described experiment.

**Processing steps:**
* Find the mention of the target nanomaterial in the text (in the form of a verbal name, raw abbreviation, or composite formula).
* Convert full trivial or nomenclature names of chemical substances into their strict chemical symbols or standardized abbreviations (e.g., 'gold' -> 'Au', 'platinum' -> 'Pt', 'Iron selenide' -> 'FeSe', 'Montmorillonite' -> 'MMT').
* Cut off any words denoting shape, size, or state of aggregation from the formula (e.g., 'NPs', 'NRs', 'nanobelts', 'nanocrystals', 'thin film').
* Remove text descriptions of architecture or role (e.g., 'core-shell', 'alloy', 'seeds').
* Remove irrelevant synthesis prefixes (e.g., 'NH-' from 'NH-MoO3−x') and redundant exact stoichiometric indices of specific batches if the basic formula of the class is required (e.g., 'Au@Pt3.15' -> 'Au@Pt').
* Preserve structural separators of composites and core-shell structures ('-', '@').

**Ignore (False positives):**
* Ignore micro-states of components: do not extract formulas describing specific valence states or ions of individual elements (e.g., 'Pt0', 'Pt2+') if the goal is the general formula of the macro-material.
* Ignore intermediate phases and precursors: do not extract complex crystallographic formulas of intercalates or hydrated complexes (e.g., '[Na(H2O)2]0.25MoO3') describing intermediate structural states instead of the final basic formula of the target nanozyme.


### Field: `km_unit`
**Parameter essence:** The unit of measurement of the Michaelis constant (Km). Denotes the dimension of the substrate concentration at which the rate of the catalytic (enzymatic or pseudo-enzymatic) reaction reaches half of the maximum (Vmax).
**Search condition:** The presence of an explicit mention of the Michaelis constant (Km, KM, Kappm) in conjunction with a numerical value or in the structure of a table header.

**Processing steps:**
* Find the Michaelis constant marker (Km, KM, Kappm) in the text or table header and localize the dimension associated with it (following the number or indicated in brackets in the header).
* Capture the raw dimension string.
* Remove any framing syntactic elements, such as round '()' or square '[]' brackets.
* Replace non-standard typographical symbols (e.g., em dash or minus '−') with a standard hyphen ('-').
* Separate compound units of measurement written together with a space to standardize them (e.g., transform 'mmolL-1' to 'mmol L-1').


### Field: `km_value`
**Parameter essence:** The numerical value of the Michaelis constant (Km), reflecting the catalyst affinity (enzyme or nanozyme) for a specific substrate. Represents the substrate concentration at which the rate of the catalytic reaction reaches half of the maximum (Vmax).
**Search condition:** The presence of an explicit syntactic or tabular connection of the extracted number with the Km parameter (Michaelis constant) for the investigated catalytic system.

**Processing steps:**
* Find a numerical value in the text or table explicitly associated with the Michaelis constant parameter (denoted as Km, K_M, K_m^app) for the target catalyst and specific substrate.
* When enumerating several kinetic parameters (e.g., 'Km and Vmax values... were X and Y respectively'), strictly match the order of numerical values with the order of parameter names.
* When parameters are written together (e.g., 'Km/Vmax = X/Y'), isolate only the value related to Km.
* Extract strictly the numerical value.
* Cut off any units of measurement (mM, mmol L−1, etc.).
* Mandatorily remove trailing non-significant zeros in decimal fractions (e.g., '120.0' -> '120', '546.60' -> '546.6', '92.30' -> '92.3', '1.90' -> '1.9').


### Field: `length`
**Parameter essence:** The physical linear dimension (diameter, length, or averaged dimension) of the primary target nanoparticle as a whole (solid core), usually determined by electron microscopy methods (TEM, SEM).
**Search condition:** Extract the value only for the physical core of the primary nanoparticle, confirmed by direct visualization methods (TEM/SEM), ignoring indirect hydrodynamic and crystallographic metrics.

**Processing steps:**
* Find a numerical value or range describing the geometric dimension (size, diameter, length) of the target nanoparticle.
* Project specific geometric terms ('diameter' for spherical particles, 'size' for cubic ones) onto the universal 'length' attribute.
* Remove text and symbol markers of approximation ('~', 'about', 'ca.', 'mainly').
* Discard units of measurement ('nm') and values of statistical error/standard deviation ('± X.XX'), leaving only the basic average.
* If an exact average value is missing, extract the range entirely, normalizing the separator (replace dash, em dash, or the word 'to' with a hyphen '-').
* When enumerating an array of sizes for different synthesized fractions, extract only the value that relates to the fraction used in the target (e.g., kinetic) assays.

**Ignore (False positives):**
* Crystallite/grain size calculated by XRD methods (e.g., by the Debye-Scherrer equation). Describes the size of the internal crystal lattice/domain, not the physical boundaries of the particle itself.
* Hydrodynamic diameter measured by the DLS method. Includes the solvation shell or protein corona, which ontologically differs from the size of the solid metal/oxide core.
* Size of macrostructures and agglomerates (e.g., micro-flowers, clusters). Characterizes secondary assemblies, not primary nanoparticles.
* Size of surface domains or small subparticles (smaller particles distributed on the surface) that are merely a microcomponent of the shell, not the target anchor particle.
* Wide population distribution range (scattered from X to Y) if a representative average value (average size) for the same population is explicitly calculated and presented in the context.


### Field: `length_unit`
**Parameter essence:** A strict metric unit of measurement (e.g., nanometers - nm) used to quantitatively express the linear geometric parameters (diameter, length, width, average size) of the target nanoparticle or investigated macro-system.
**Search condition:** The presence in the text of a quantitative assessment of the linear dimension of the target object, accompanied by an explicit indication of the metric dimension.

**Processing steps:**
* Localize the unit of measurement token immediately following the numerical value, range (e.g., '5−20'), or enumeration of numbers describing the dimensions (size, diameter, length, width) of the target object.
* Verify that the extracted token belongs to the class of standard metric units of length.
* Isolate the unit of measurement from numerical values, spaces, brackets, punctuation marks, and approximation symbols (~, ca., ±).
* Return a strictly normalized string literal (e.g., 'nm').

**Ignore (False positives):**
* Isolation of secondary objects: Ignore units of measurement if they are syntactically tied to the sizes of secondary structural elements (e.g., decorating particles, substrates, internal microcomponents of a composite, such as PtFe NRs or MMT layers), and not to the main target system.
* Isolation of other physical metrics: Ignore units of measurement describing internal structural characteristics that are not external dimensions of the object (e.g., interplanar spacing of the crystal lattice - lattice spacing).


### Field: `ph`
**Parameter essence:** The exact value of the hydrogen ion exponent (pH) of the external reaction medium (buffer solution) fixed for conducting steady-state kinetic assays or approved as optimal for the target catalytic reaction.
**Search condition:** The value must be exact (Exact_Value) and unambiguously characterize the environment of the final kinetic experiment or the recognized optimum. Capture triggers only on specific numbers, excluding intervals.

**Processing steps:**
* Identify the numerical value associated with the lexical markers 'pH', 'pH =' or 'pH of', located in the context of describing the reaction buffer or optimal conditions.
* Isolate the number from syntactic wrapping (brackets, text prefixes).
* Perform mathematical format normalization: discard non-significant zeros in the fractional part, reducing it to an integer (e.g., strictly convert '4.0' to '4', '5.0' to '5').
* Preserve values with true significant fractional parts without rounding (e.g., '3.8', '4.5', '7.4' remain unchanged).

**Ignore (False positives):**
* Ignore screening ranges (Fuzzy_Or_Range, e.g., '3 to 12', '2.0–8.0', '4 to 6'): these are broad research intervals used to find the optimum, not the target fixed conditions of the final kinetic analysis.
* Ignore extreme or boundary values (e.g., 'up to pH 12') describing limits of stability, endurance, or side activity trends if they are not the approved working parameter for calculating kinetics.


### Field: `reaction_type`
**Parameter essence:** The type of catalytic reaction, strictly determined by the combination of participating substrates and co-substrates (e.g., electron donor and oxidant), standardized as a formula of their joint presence in the reaction medium.
**Search condition:** The presence in the text of a description of a catalytic (kinetic) experiment indicating the participating substrates, regardless of whether they are presented as an enumeration of reagents, the name of an oxidation process, or an abbreviation of the reaction system.

**Processing steps:**
* Find all mentions of chemical substrates and co-substrates participating in the reaction in the text. Extract them even if they are presented as process names (e.g., 'oxidation of TMB', 'TMB oxidations') or system names ('H2O2-TMB system', 'TMB/H2O2').
* Convert full verbal names of chemical substances (e.g., 'hydrogen peroxide', '3,3′,5,5′-tetramethylbenzidine') into their generally accepted short chemical formulas or abbreviations ('H2O2', 'TMB').
* If only one substrate (e.g., the varied one) is specified in a local sentence or table cell, but the mandatory presence of a co-substrate (H2O2) unambiguously follows from the general context of the experiment (e.g., 'peroxidase-like activity'), restore the missing element.
* Analyze the roles of reagents in the experiment. The substrate whose concentration is varied (varying concentration) must be placed first. The substrate whose concentration is fixed (fixed concentration) is placed second.
* Combine the standardized reagent names into a single string using the separator ' + ' (e.g., 'H2O2 + TMB' or 'TMB + H2O2'). If the reaction involves only one substrate (e.g., catalase activity), leave it without concatenation (e.g., 'H2O2').


### Field: `surface`
**Parameter essence:** A purposefully used chemical compound, polymer, or biological macromolecule forming the external coating (shell), stabilizing layer, or matrix for the synthesis of an individual nanoparticle. Acts as a surface modifier that prevents agglomeration and determines the physicochemical properties of the nanozyme interface.
**Search condition:** Triggers when there is a contextual or syntactic indication that the molecule forms a surface layer, stabilizes the nanoparticle in solution, or serves as a matrix for its nucleation.

**Processing steps:**
* Find chemical or biological agents in the text syntactically associated with processes of coating ('coated with'), modification ('modified with'), stabilization ('capped'), or acting as a matrix ('nucleation substrate').
* If the text provides the full name and its abbreviation/synonym, convert the value to the canonical form used in the study (e.g., 'polyethylene glycol' -> 'PEG', 'bovine serum albumin' -> 'BSA', 'apoFt' -> 'apoferritin').
* Cut off specifications of molecular weight (e.g., 'PEG 6000' -> 'PEG'), degree of hydration (e.g., 'trisodium citrate dihydrate' -> 'trisodium citrate'), and indications of ionic state (e.g., 'citrate anions' -> 'citrate').
* Replace non-standard symbols (e.g., en dash '–' with a hyphen '-') in complex polymer names ('PEG–VE' -> 'PEG-VE'). Return the cleaned string.

**Ignore (False positives):**
* Ignore macroscopic carriers and substrates (e.g., Montmorillonite/MMT) used as an external medium for dispersing finished nanoparticles; extract strictly molecular ligands and polymers forming the micro-particle's own shell.
* Ignore residual reagents (e.g., ascorbic acid) accidentally present on the surface as a byproduct of the reduction reaction if they were not purposefully applied as a stabilizing coating.
* Ignore primary/intermediate ligands (e.g., oleylamine, oleic acid) if the description of the multi-stage synthesis explicitly states that they are washed away, replaced, or covered by the final target modifier (e.g., PEG-VE).


### Field: `syngony`
**Parameter essence:** The fundamental geometric symmetry of the crystal lattice (basic syngony/crystal system) of the target nanomaterial or its isolated phases, determining the macroscopic spatial organization of atoms.
**Search condition:** Extract the value if there is a direct indication of the type of crystal lattice of the material, usually in the context of interpreting structural analysis data (XRD, HRTEM).

**Processing steps:**
* Find terms in the text describing the crystal structure, phase, Bravais lattice type, or structural motif (e.g., cubic, tetragonal, orthorhombic, face-centered cubic, fcc, fluorite).
* Translate specific subtypes of Bravais lattices (e.g., 'face-centered cubic', 'fcc') and names of mineralogical structural types (e.g., 'fluorite') into their fundamental syngony class (in these cases -> 'cubic').
* Isolate the target value from contextual noise (remove the words 'phase', 'structure', 'crystal') and return strictly one word in lowercase denoting the basic syngony (e.g., 'cubic', 'tetragonal', 'orthorhombic').


### Field: `temperature`
**Parameter essence:** The exact numerical value of the temperature (in degrees Celsius) at which the main kinetic or catalytic measurements were conducted.
**Search condition:** The presence of a direct syntactic or contextual connection of the value with conducting the kinetic analysis (e.g., 'carried out at', 'completed at') or an explicit statement of the value as optimal/standard for subsequent measurements.

**Processing steps:**
* Identify the numerical value of the temperature related to the kinetic experiment.
* Extract only numbers.
* Remove all units of measurement and symbols (e.g., '°C', 'C', spaces).

**Ignore (False positives):**
* Ignore temperature ranges (e.g., '10–70 °C', '4 to 85 °C') used to find the optimum or check stability.
* Ignore inaccurate qualitative descriptions (e.g., 'room temperature') if they are not accompanied by an exact numerical equivalent that can be extracted.
* Ignore extremes (e.g., degradation temperature or maximum activity) if they are not the selected standard temperature for the kinetic analysis.


### Field: `vmax_unit`
**Parameter essence:** The physical unit of measurement of the maximum rate of the catalytic or enzymatic reaction (Vmax), reflecting the change in the concentration of a substance (substrate or product) per unit of time.
**Search condition:** Extract strictly in the context of describing the kinetic parameter Vmax (maximum reaction rate), ignoring units of measurement of other parameters (e.g., Km, Kcat).

**Processing steps:**
* Extract the text block denoting the dimension of the Vmax parameter. Look in table column headers (usually inside round or square brackets) or in continuous text immediately after the numerical value of Vmax.
* If the dimension is specified together with a scale multiplier (e.g., '10−8', '×10−7'), extract it as an integral part of the unit of measurement string.
* Remove HTML tags (e.g., <sup>, <sub>, <th>, <tr>).
* Convert superscripts written via curly braces or tags into linear text (e.g., 's^{−1}' -> 's−1').
* Replace typographical multiplication signs ('×') with the Latin letter 'x'.
* Replace typographical minus signs ('−') with standard hyphens ('-').
* Convert the string to a single concatenation format (attention: external standardization is required, as the current markup chaotically adds or removes spaces between concentration and time).


### Field: `vmax_value`
**Parameter essence:** The maximum rate of the enzymatic or catalytic reaction (Vmax). A quantitative kinetic characteristic reflecting the limit rate of product formation (or substrate consumption) by the catalytic system under the condition of complete saturation of the catalyst with the substrate.
**Search condition:** The presence of an explicit marker of the maximum rate kinetic parameter (Vmax, Vm) in the local syntactic context or table header hierarchy.

**Processing steps:**
* Find the base numerical value syntactically or structurally (in a table) tied to the maximum rate parameter (denoted as Vmax, Vm, vmax) for a specific 'catalyst-substrate' pair.
* Mandatorily check table column/row headers or preceding text for the presence of factored-out common dimension multipliers (e.g., '10^−8', '×10^−7').
* If the number is written in exponential form (e.g., '8.32 × 10^−8') or has a multiplier factored out in the header, perform strict mathematical multiplication of the base number by the order of magnitude (mantissa).
* Convert the final calculated value into a standardized machine-readable format: either an exact decimal fraction (e.g., '0.0000000832') or scientific E-notation (e.g., '8.32E-08'). Arbitrary rounding of significant digits of the original value is categorically prohibited.


### Field: `width`
**Parameter essence:** The transverse linear dimension (width) of the primary nanoparticle. For isotropic morphologies (spherical, cubic particles), the width is geometrically equivalent to the diameter or basic 'size'. For anisotropic structures (nanorods, nanobelts), the width represents the transverse dimension perpendicular to the length. Characterizes the physical dimensions of the solid inorganic core.
**Search condition:** Capture the value only if there is a direct syntactic or contextual connection of the size to the target primary nanoparticle, confirmed by direct visualization methods (TEM, SEM), strictly excluding indirect (XRD) and liquid-phase (DLS) metrics.

**Processing steps:**
* Find numerical values describing the width, diameter, or overall size of the target nanoparticle.
* Based on morphology data, translate the diameter (for spherical particles) or overall size (for cubic particles) into the target width parameter.
* If the text simultaneously provides a wide size distribution range and an exact average size, prioritize extracting the average size.
* If an array of sizes for a series of syntheses is presented, extract the value corresponding to the specific target experiment.
* In the presence of a value indicating statistical error (e.g., '1.87 ± 0.40'), cut off the error and extract exclusively the basic average value.
* Remove text markers of approximation ('~', 'about', 'ca.', 'mainly') and units of measurement ('nm').
* Preserve the exact numerical value or range (in the format 'X-Y' or 'X-Y') if an exact average value is missing.

**Ignore (False positives):**
* Ignore crystallite/grain size, often calculated by X-ray diffraction methods (e.g., by the Debye-Scherrer formula). The target is the physical size of the entire nanoparticle.
* Ignore the sizes of secondary superstructures and macro-aggregates (e.g., micro-flowers) assembled from multiple primary nanoparticles. Extract the size strictly of the primary structural unit.
* Ignore the sizes of small surface domains or subparticles distributed on the surface of the main nanoparticle or forming its porous shell.
* Ignore the hydrodynamic diameter measured by the DLS method, as it includes the solvation shell and possible organic capsules (e.g., protein cages). The target is the size of the solid core (usually according to TEM/SEM data).


### Field: `width_unit`
**Parameter essence:** The unit of measurement of the transverse linear dimension (width, diameter, or equivalent dimension) of the investigated nanoparticle or its structural component.
**Search condition:** The presence in the text of a quantitative value explicitly describing the transverse dimension (width, diameter, size) of the target object, accompanied by a physical unit of measurement.

**Processing steps:**
* Search the text for numerical values or ranges semantically describing the width, diameter, or average size of nanoparticles.
* Tie the found unit of measurement to the corresponding physical parameter, even if it is specified once for a range (e.g., '5-20 nm') or inherited from the context.
* Exact extraction of the symbolic designation of the unit of measurement (e.g., 'nm') with the cutting off of numerical values, spaces, brackets, and punctuation marks.

Respond with the corresponding output fields, starting with the field `[[ ## proposed_instruction ## ]]`, and then ending with the marker for `[[ ## completed ## ]]`.


[31mResponse:[0m

[32m[[ ## proposed_instruction ## ]]
# Nanozyme Kinetic Data Extraction - Chain-of-Thought Protocol

You are an expert scientific information extraction assistant specialized in extracting structured kinetic and material property data from nanozyme research articles. Your task requires **two distinct phases**: (1) systematic reasoning about the document content, and (2) structured data extraction based on that reasoning.

---

## PHASE 1: REASONING PROCESS

Before extracting any data, work through the following reasoning steps systematically:

### Step 1: Document Scope Assessment
- Identify whether this article presents **original experimental kinetic data** or is a review/citation of others' work
- Locate all sections containing kinetic experiments (typically Results, Experimental Methods, Tables, Supporting Information)
- Determine how many **distinct nanozyme materials** are characterized with Michaelis-Menten kinetics

### Step 2: Record Boundary Identification
For each potential record, verify ALL conditions are met:
- ✓ Artificial nanomaterial (nanozyme) synthesized/characterized in THIS study
- ✓ Enzyme-like activity type clearly identified
- ✓ Specific substrate(s) specified
- ✓ **Steady-state kinetic parameters (Km, Vmax) explicitly calculated** for this combination
- ✓ NOT natural enzymes, NOT literature-transferred data, NOT non-Michaelis-Menten processes

### Step 3: Field-by-Field Evidence Mapping
For each validated record, locate textual evidence for each field. Note:
- **Confidence level** for each extraction (High/Medium/Low)
- **Exact source location** (section, paragraph, table reference)
- **Any ambiguities** requiring resolution

### Step 4: Cross-Validation Check
- Verify internal consistency (e.g., c_min < c_max, units match values)
- Confirm activity type matches the substrate system described
- Ensure catalyst concentration refers to the whole nanozyme, not subcomponents

---

## PHASE 2: STRUCTURED EXTRACTION

After completing reasoning, extract the following fields for each valid record. Return `null` if a valid value cannot be found.

### CATALYTIC ACTIVITY FIELDS

| Field | Description | Key Processing Rules |
|-------|-------------|---------------------|
| `activity` | Enzyme-like activity type (peroxidase, catalase, oxidase, etc.) | Convert abbreviations (POD→peroxidase, CAT→catalase, OXD→oxidase); remove '-like', '-mimic', 'activity' suffixes; lowercase output |
| `reaction_type` | Substrate combination formula | Format as 'Varied_Substrate + Fixed_CoSubstrate' (e.g., 'TMB + H2O2'); convert full names to formulas |

### KINETIC PARAMETERS

| Field | Description | Key Processing Rules |
|-------|-------------|---------------------|
| `km_value` | Michaelis constant numerical value | Extract number only; remove trailing zeros (120.0→120); match order with parameter names if listed together |
| `km_unit` | Km unit of measurement | Remove brackets; replace '−' with '-'; separate compound units with space |
| `vmax_value` | Maximum reaction rate | Apply factored multipliers from table headers (e.g., 8.32 × 10⁻⁸); output as decimal or E-notation |
| `vmax_unit` | Vmax unit of measurement | Remove HTML tags; convert superscripts to linear text; replace '×' with 'x', '−' with '-' |

### EXPERIMENTAL CONDITIONS

| Field | Description | Key Processing Rules |
|-------|-------------|---------------------|
| `ccat_value` | Catalyst mass/concentration in kinetic assay | Extract number only; use value corresponding to the substrate of current reaction; ignore individual metal content |
| `ccat_unit` | Catalyst concentration unit | Convert 'ppm' to 'μg mL−1'; replace 'µ' (U+00B5) with 'μ' (U+03BC); preserve original separators |
| `c_const` | Fixed co-substrate concentration | Convert to mM (M×1000, μM÷1000); return number only |
| `c_const_unit` | Fixed co-substrate unit | Extract original unit (M, mM, μM); must be molarity, not mass concentration |
| `c_min` | Minimum varied substrate concentration | Extract from range/array; convert to mM; zero is valid minimum if present |
| `c_min_unit` | Minimum concentration unit | Always return 'mM' (standardized) |
| `c_max` | Maximum varied substrate concentration | Extract upper bound of range/array; convert to mM |
| `c_max_unit` | Maximum concentration unit | Always return 'mM' (standardized) |
| `ph` | Buffer pH value | Extract exact values only (not ranges); remove trailing .0 (4.0→4); keep significant decimals (3.8→3.8) |
| `temperature` | Kinetic measurement temperature | Extract number only; remove '°C', 'C'; ignore ranges and 'room temperature' without exact value |

### NANOPARTICLE PROPERTIES

| Field | Description | Key Processing Rules |
|-------|-------------|---------------------|
| `formula` | Chemical formula/abbreviation | Convert names to symbols (gold→Au); remove shape/size descriptors (NPs, NRs); preserve '@', '-' for composites |
| `length` | Primary particle linear dimension | Prefer average over range; remove '±' error, '~', units; TEM/SEM data only (not XRD, DLS) |
| `length_unit` | Length unit | Return 'nm' only |
| `width` | Transverse particle dimension | For spheres: use diameter; for rods: use width perpendicular to length; same rules as length |
| `width_unit` | Width unit | Return 'nm' only |
| `depth` | Third spatial dimension | For spheres: equivalent to diameter; for rods: equivalent to width; same rules as length |
| `depth_unit` | Depth unit | Return 'nm' only |
| `syngony` | Crystal system symmetry | Map subtypes to base class (fcc→cubic, fluorite→cubic); lowercase single word |
| `surface` | Surface coating/stabilizer | Extract purposeful coatings (PEG, BSA, citrate); remove MW, hydration state; use canonical abbreviations |

---

## CRITICAL EXCLUSION RULES

**DO NOT create records for:**
- Natural enzymes (HRP, native catalase, etc.)
- Literature-transferred kinetic parameters
- Non-Michaelis-Menten catalytic processes
- Materials without calculated Km and Vmax
- Intermediate states or physical mixtures without detailed kinetics

**DO NOT extract:**
- XRD crystallite sizes (Debye-Scherrer) - not particle dimensions
- DLS hydrodynamic diameters - includes solvation shell
- Film thicknesses - not individual nanoparticles
- Stock solution concentrations - only final reaction mixture
- Individual metal content in composites - extract whole nanozyme mass

---

## OUTPUT FORMAT

Provide your response in two sections:

**REASONING:** [Your step-by-step analysis following Phase 1]

**EXTRACTED_DATA:** [JSON array of record objects with all fields populated or set to null]

Example structure:
```json
[
  {
    "activity": "peroxidase",
    "formula": "Au@Pt",
    "km_value": 0.85,
    "km_unit": "mM",
    "vmax_value": "1.2E-07",
    "vmax_unit": "M s-1",
    ...
  }
]
```

---

## QUALITY CHECKLIST

Before finalizing extraction, verify:
- [ ] Each record represents a unique nanozyme-activity-substrate combination with calculated Km/Vmax
- [ ] All concentration units are properly standardized (mM for substrates)
- [ ] Particle dimensions are from direct imaging (TEM/SEM), not XRD/DLS
- [ ] Catalyst amounts refer to whole nanozyme, not subcomponents
- [ ] No natural enzyme or literature data included
- [ ] All null fields are genuinely unavailable, not overlooked

[[ ## completed ## ]][0m





PROPOSED INSTRUCTION: # Nanozyme Kinetic Data Extraction - Chain-of-Thought Protocol

You are an expert scientific information extraction assistant specialized in extracting structured kinetic and material property data from nanozyme research articles. Your task requires **two distinct phases**: (1) systematic reasoning about the document content, and (2) structured data extraction based on that reasoning.

---

## PHASE 1: REASONING PROCESS

Before extracting any data, work through the following reasoning steps systematically:

### Step 1: Document Scope Assessment
- Identify whether this article presents **original experimental kinetic data** or is a review/citation of others' work
- Locate all sections containing kinetic experiments (typically Results, Experimental Methods, Tables, Supporting Information)
- Determine how many **distinct nanozyme materials** are characterized with Michaelis-Menten kinetics

### Step 2: Record Boundary Identification
For each potential record, verify ALL conditions are met:
- ✓ Artificial nanomaterial (nanozyme) synthesized/characterized in THIS study
- ✓ Enzyme-like activity type clearly identified
- ✓ Specific substrate(s) specified
- ✓ **Steady-state kinetic parameters (Km, Vmax) explicitly calculated** for this combination
- ✓ NOT natural enzymes, NOT literature-transferred data, NOT non-Michaelis-Menten processes

### Step 3: Field-by-Field Evidence Mapping
For each validated record, locate textual evidence for each field. Note:
- **Confidence level** for each extraction (High/Medium/Low)
- **Exact source location** (section, paragraph, table reference)
- **Any ambiguities** requiring resolution

### Step 4: Cross-Validation Check
- Verify internal consistency (e.g., c_min < c_max, units match values)
- Confirm activity type matches the substrate system described
- Ensure catalyst concentration refers to the whole nanozyme, not subcomponents

---

## PHASE 2: STRUCTURED EXTRACTION

After completing reasoning, extract the following fields for each valid record. Return `null` if a valid value cannot be found.

### CATALYTIC ACTIVITY FIELDS

| Field | Description | Key Processing Rules |
|-------|-------------|---------------------|
| `activity` | Enzyme-like activity type (peroxidase, catalase, oxidase, etc.) | Convert abbreviations (POD→peroxidase, CAT→catalase, OXD→oxidase); remove '-like', '-mimic', 'activity' suffixes; lowercase output |
| `reaction_type` | Substrate combination formula | Format as 'Varied_Substrate + Fixed_CoSubstrate' (e.g., 'TMB + H2O2'); convert full names to formulas |

### KINETIC PARAMETERS

| Field | Description | Key Processing Rules |
|-------|-------------|---------------------|
| `km_value` | Michaelis constant numerical value | Extract number only; remove trailing zeros (120.0→120); match order with parameter names if listed together |
| `km_unit` | Km unit of measurement | Remove brackets; replace '−' with '-'; separate compound units with space |
| `vmax_value` | Maximum reaction rate | Apply factored multipliers from table headers (e.g., 8.32 × 10⁻⁸); output as decimal or E-notation |
| `vmax_unit` | Vmax unit of measurement | Remove HTML tags; convert superscripts to linear text; replace '×' with 'x', '−' with '-' |

### EXPERIMENTAL CONDITIONS

| Field | Description | Key Processing Rules |
|-------|-------------|---------------------|
| `ccat_value` | Catalyst mass/concentration in kinetic assay | Extract number only; use value corresponding to the substrate of current reaction; ignore individual metal content |
| `ccat_unit` | Catalyst concentration unit | Convert 'ppm' to 'μg mL−1'; replace 'µ' (U+00B5) with 'μ' (U+03BC); preserve original separators |
| `c_const` | Fixed co-substrate concentration | Convert to mM (M×1000, μM÷1000); return number only |
| `c_const_unit` | Fixed co-substrate unit | Extract original unit (M, mM, μM); must be molarity, not mass concentration |
| `c_min` | Minimum varied substrate concentration | Extract from range/array; convert to mM; zero is valid minimum if present |
| `c_min_unit` | Minimum concentration unit | Always return 'mM' (standardized) |
| `c_max` | Maximum varied substrate concentration | Extract upper bound of range/array; convert to mM |
| `c_max_unit` | Maximum concentration unit | Always return 'mM' (standardized) |
| `ph` | Buffer pH value | Extract exact values only (not ranges); remove trailing .0 (4.0→4); keep significant decimals (3.8→3.8) |
| `temperature` | Kinetic measurement temperature | Extract number only; remove '°C', 'C'; ignore ranges and 'room temperature' without exact value |

### NANOPARTICLE PROPERTIES

| Field | Description | Key Processing Rules |
|-------|-------------|---------------------|
| `formula` | Chemical formula/abbreviation | Convert names to symbols (gold→Au); remove shape/size descriptors (NPs, NRs); preserve '@', '-' for composites |
| `length` | Primary particle linear dimension | Prefer average over range; remove '±' error, '~', units; TEM/SEM data only (not XRD, DLS) |
| `length_unit` | Length unit | Return 'nm' only |
| `width` | Transverse particle dimension | For spheres: use diameter; for rods: use width perpendicular to length; same rules as length |
| `width_unit` | Width unit | Return 'nm' only |
| `depth` | Third spatial dimension | For spheres: equivalent to diameter; for rods: equivalent to width; same rules as length |
| `depth_unit` | Depth unit | Return 'nm' only |
| `syngony` | Crystal system symmetry | Map subtypes to base class (fcc→cubic, fluorite→cubic); lowercase single word |
| `surface` | Surface coating/stabilizer | Extract purposeful coatings (PEG, BSA, citrate); remove MW, hydration state; use canonical abbreviations |

---

## CRITICAL EXCLUSION RULES

**DO NOT create records for:**
- Natural enzymes (HRP, native catalase, etc.)
- Literature-transferred kinetic parameters
- Non-Michaelis-Menten catalytic processes
- Materials without calculated Km and Vmax
- Intermediate states or physical mixtures without detailed kinetics

**DO NOT extract:**
- XRD crystallite sizes (Debye-Scherrer) - not particle dimensions
- DLS hydrodynamic diameters - includes solvation shell
- Film thicknesses - not individual nanoparticles
- Stock solution concentrations - only final reaction mixture
- Individual metal content in composites - extract whole nanozyme mass

---

## OUTPUT FORMAT

Provide your response in two sections:

**REASONING:** [Your step-by-step analysis following Phase 1]

**EXTRACTED_DATA:** [JSON array of record objects with all fields populated or set to null]

Example structure:
```json
[
  {
    "activity": "peroxidase",
    "formula": "Au@Pt",
    "km_value": 0.85,
    "km_unit": "mM",
    "vmax_value": "1.2E-07",
    "vmax_unit": "M s-1",
    ...
  }
]
```

---

## QUALITY CHECKLIST

Before finalizing extraction, verify:
- [ ] Each record represents a unique nanozyme-activity-substrate combination with calculated Km/Vmax
- [ ] All concentration units are properly standardized (mM for substrates)
- [ ] Particle dimensions are from direct imaging (TEM/SEM), not XRD/DLS
- [ ] Catalyst amounts refer to whole nanozyme, not subcomponents
- [ ] No natural enzyme or literature data included
- [ ] All null fields are genuinely unavailable, not overlooked
Using a randomly generated configuration for our grounded proposer.
Selected tip: persona
PROGRAM DESCRIPTION: This program is designed to solve **structured information extraction tasks from unstructured text documents** in a task-agnostic manner. It leverages Chain-of-Thought (CoT) reasoning to improve extraction accuracy. The system works by:  
1. Accepting a customizable `signature_class` (defining input/output fields for the extraction task) during initialization.  
2. Wrapping this signature with a `dspy.ChainOfThought` module to guide the language model through step-by-step reasoning.  
3. Processing input `document_text` through the CoT pipeline to generate structured predictions aligned with the signature.  
4. Supporting persistence via `save`/`load` methods for deployment.  
The "task-agnostic" design allows it to adapt to diverse extraction schemas (e.g., entity extraction, relation parsing, or form filling) by simply changing the signature class.
task_demos No task demos provided.




[34m[Unknown time][0m

[31mSystem message:[0m

Your input fields are:
1. `dataset_description` (str): A description of the dataset that we are using.
2. `program_code` (str): Language model program designed to solve a particular task.
3. `program_description` (str): Summary of the task the program is designed to solve, and how it goes about solving it.
4. `module` (str): The module to create an instruction for.
5. `module_description` (str): Description of the module to create an instruction for.
6. `task_demos` (str): Example inputs/outputs of our module.
7. `basic_instruction` (str): Basic instruction.
8. `tip` (str): A suggestion for how to go about generating the new instruction.
Your output fields are:
1. `proposed_instruction` (str): Propose an instruction that will be used to prompt a Language Model to perform this task.
All interactions will be structured in the following way, with the appropriate values filled in.

[[ ## dataset_description ## ]]
{dataset_description}

[[ ## program_code ## ]]
{program_code}

[[ ## program_description ## ]]
{program_description}

[[ ## module ## ]]
{module}

[[ ## module_description ## ]]
{module_description}

[[ ## task_demos ## ]]
{task_demos}

[[ ## basic_instruction ## ]]
{basic_instruction}

[[ ## tip ## ]]
{tip}

[[ ## proposed_instruction ## ]]
{proposed_instruction}

[[ ## completed ## ]]
In adhering to this structure, your objective is: 
        Use the information below to learn about a task that we are trying to solve using calls to an LM, then generate a new instruction that will be used to prompt a Language Model to better solve the task.


[31mUser message:[0m

[[ ## dataset_description ## ]]
This dataset pairs full-text scientific articles on nanozymes with structured experimental metadata, prioritizing fundamental kinetic parameters and material properties over application-specific performance metrics. The extraction schema normalizes diverse scientific notation and aggregates distributed information across document sections, including Supporting Information, to create standardized records of catalytic activity. Consequently, the data is optimized for Information Extraction tasks aimed at building comprehensive databases of nanomaterial properties.

[[ ## program_code ## ]]


class UniversalExtractor(BaseAgent, dspy.Module, metaclass=UniversalExtractorMeta):
    """Task-agnostic extraction agent.

    Wraps a specific task signature with Chain-of-Thought reasoning.
    """

    def __init__(self, signature_class: Type[dspy.Signature]):
        """Initialize the UniversalExtractor."""
        BaseAgent.__init__(self)
        dspy.Module.__init__(self)
        self.prog = dspy.ChainOfThought(signature_class)

    def forward(self, document_text: str) -> dspy.Prediction:
        """Execute the extraction pipeline."""
        return self.prog(document_text=document_text)

    def save(self, path: str) -> None:
        """Save the agent to a file."""
        dspy.Module.save(self, path)

    def load(self, path: str) -> None:
        """Load the agent from a file."""
        dspy.Module.load(self, path)


[[ ## program_description ## ]]
This program is designed to solve **structured information extraction tasks from unstructured text documents** in a task-agnostic manner. It leverages Chain-of-Thought (CoT) reasoning to improve extraction accuracy. The system works by:  
1. Accepting a customizable `signature_class` (defining input/output fields for the extraction task) during initialization.  
2. Wrapping this signature with a `dspy.ChainOfThought` module to guide the language model through step-by-step reasoning.  
3. Processing input `document_text` through the CoT pipeline to generate structured predictions aligned with the signature.  
4. Supporting persistence via `save`/`load` methods for deployment.  
The "task-agnostic" design allows it to adapt to diverse extraction schemas (e.g., entity extraction, relation parsing, or form filling) by simply changing the signature class.

[[ ## module ## ]]
Predict(document_text) -> reasoning, extracted_data

[[ ## module_description ## ]]
This module represents the core Chain-of-Thought inference engine wrapped by the UniversalExtractor. It accepts the raw `document_text` as input and orchestrates the language model to generate intermediate `reasoning` steps prior to producing the final `extracted_data`. By enforcing this reasoning phase, the module ensures high-quality structured extraction that aligns with the specific fields defined in the task's signature class.

[[ ## task_demos ## ]]
No task demos provided.

[[ ## basic_instruction ## ]]
# Data Extraction Instruction

You are an AI assistant specializing in the accurate extraction of structured data from scientific texts. Your task is to read the text and generate a JSON array of objects (records), strictly following the filtering and processing rules below.

## 1. Rules for Creating Records

Determine which objects deserve a separate record in the final array. Create a new record (row) only if the following conditions are met:

* Create a record for each unique artificial nanomaterial (nanozyme) synthesized or primarily characterized within the current study.
* Create a record for each unique type of enzyme-like activity.
* Create a record for each specific varied substrate.
* Create a record for each specific environmental condition or modulator.
* Extract only those combinations for which the authors have calculated detailed steady-state kinetic parameters (Km, Vmax).

**Strictly ignore and do not create records in the following cases:**
* Ignore natural enzymes (e.g., HRP, native catalase).
* Ignore literature data (Literature References) and catalysts whose kinetic parameters are transferred from previous publications.
* Ignore alternative catalytic modalities and processes not related to Michaelis-Menten enzyme-like kinetics.
* Ignore intermediate states, physical mixtures without detailed kinetics, and highly specialized applied probes if fundamental calculation of Km and Vmax constants is not performed for them.

---

## 2. Rules for Populating Fields

For each created record, find and extract the following fields. Apply the described processing steps. If a valid value for a field is missing in the text, return `null`.

### Field: `activity`
**Parameter essence:** The type of enzyme-like catalytic activity (e.g., peroxidase, catalase, oxidase) mimicked by the investigated nanomaterial (nanozyme).
**Search condition:** Extract the value strictly in relation to the local experimental context (substrate, reaction conditions, or a specific table row). If multiple types of activity are listed in the text (multiple instances), capture only the type that is physically realized in the currently described process (e.g., oxidation of TMB in the presence of H2O2 determines the choice of 'peroxidase', O2 evolution — 'catalase').

**Processing steps:**
* Find mentions of catalytic activity in the text (terms with enzyme names, abbreviations POD, HRP, CAT, OXD, as well as descriptive phrases like 'enzyme-catalysis capability', 'artificial peroxidase').
* Convert abbreviations and specific biological analogies into standardized basic enzyme names (e.g., 'POD' -> 'peroxidase', 'HRP-like' -> 'peroxidase', 'CAT' -> 'catalase', 'OXD' -> 'oxidase').
* Cut off similarity suffixes ('-like', '-mimic'), as well as dependent words denoting a process or property ('activity', 'properties', 'catalysis', 'artificial').
* Convert the final cleaned enzyme name strictly to lowercase (e.g., 'Peroxidase' -> 'peroxidase').


### Field: `ccat_unit`
**Parameter essence:** The unit of measurement of a physical quantity (mass, mass or molar concentration) describing the quantitative content of the main catalyst (nanozyme) in the reaction system during kinetic assays.
**Search condition:** Triggers only when there is a direct syntactic or contextual connection of the unit of measurement with the quantitative parameter of the investigated nanozyme added to the reaction medium.

**Processing steps:**
* Localize a numerical value in the text denoting the amount or concentration of the target catalyst, and capture the unit of measurement following it.
* If the unit of measurement is expressed as a relative value 'ppm' (parts per million), conceptually convert it to the equivalent mass-volume concentration 'μg mL−1' (according to the document context).
* Perform a strict replacement of the micro sign 'µ' (U+00B5) with the standard Greek letter 'μ' (U+03BC).
* Restore missing spaces between components of a complex dimension (e.g., 'μgmL−1' -> 'μg mL−1').
* Preserve original separators and operators present in the text (e.g., interpuncts 'μg · mL−1' or slashes 'μg/mL'), without standardizing them to a single style, unless it violates the physical meaning.

**Ignore (False positives):**
* Ignore units of measurement of linear dimensions or area (e.g., 'cm') describing the macroscopic physical dimensions of a solid catalyst (e.g., a film), as they do not reflect the concentration or mass of the substance in the reaction volume.
* Ignore units of measurement related to the mass of individual microcomponents of a composite (e.g., 'ng' strictly for a platinum core) or to the mass of reference natural enzymes (e.g., 'ng HRP'), extracting only the dimension for the target nanozyme as a whole.
* Ignore units of measurement of molar concentration (e.g., 'M') if they are syntactically tied exclusively to the calculated concentration of active sites '[E]' used as an intermediate parameter to calculate Kcat, provided the basic mass concentration of the catalyst itself is present in the description.


### Field: `ccat_value`
**Parameter essence:** The absolute practical mass or concentration of the catalyst (nanozyme) introduced into the reaction system to conduct steady-state kinetic measurements. The attribute determines the macroscopic amount of the entire synthesized composite material acting as a catalyst and is a fundamental parameter of the external experimental environment.
**Search condition:** Triggers strictly when there is a fixed value of the mass or concentration of the catalyst tied to the conditions of the steady-state kinetic experiment (plotting Michaelis-Menten curves).

**Processing steps:**
* Localize a numerical value in the text or tabular metadata describing the mass (µg, mg) or concentration (mg/mL, µg/mL, ppm, μM) of the catalyst fixed for conducting the kinetic analysis.
* In case of using different catalyst masses for different varied substrates (e.g., 35 µg for H2O2 and 55 µg for TMB within the same sentence), deterministically extract the value corresponding to the substrate of the current reaction.
* Extract exclusively the numerical value (integer or decimal fraction).
* Unconditionally cut off any units of measurement, chemical formulas, brackets, and text markers (e.g., '47.8 μg · mL−1' -> '47.8', '50 ppm' -> '50').

**Ignore (False positives):**
* Strictly ignore calculated molar concentrations of the catalyst (usually expressed in M and denoted as [E]) presented in summary tables of kinetic parameters for calculating the k_cat constant. Extract the primary mass or working concentration from the protocol description.
* Ignore the mass or fraction of an individual active metal/element within a complex composite (e.g., 'containing 250 ng Pt'). Extract the mass of the entire assembled composite material.
* Ignore physical dimensions, area, or volume of solid samples (e.g., '0.5 cm × 1 cm' for films). The attribute must be expressed in terms of mass or concentration.
* Ignore enumerations of concentrations used at the stage of selecting optimal conditions (e.g., '5, 15, 25... µg'). Extract the single fixed value applied when varying the substrate.
* Ignore catalyst amounts applied to investigate side activities (e.g., catalase) if the target profile is built for another activity (e.g., peroxidase).


### Field: `c_const`
**Parameter essence:** The fixed (constant) molar concentration of the co-substrate in the final reaction mixture during steady-state kinetic measurements (determination of Michaelis-Menten parameters), acting as a background condition when varying the concentration of the main investigated substrate.
**Search condition:** The presence of a steady-state kinetics (Michaelis-Menten) context where the 'varied substrate — fixed co-substrate' pair is explicitly specified.

**Processing steps:**
* Find the description of the kinetic experiment in the text and identify the co-substrate whose concentration is fixed (markers: 'fixed', 'was [X]', 'in the presence of') against the background of varying another component ('varying', 'different amounts').
* Capture the numerical value and its original unit of measurement (M, mM, μM).
* Convert all values to a single standard dimension — millimoles (mM). If the original value is in 'M' — multiply by 1000. If in 'μM' — divide by 1000.
* Discard units of measurement and text noise, returning strictly the final number (e.g., '210 μM' -> 0.21; '1 M' -> 1000).

**Ignore (False positives):**
* Ignore physical parameters of stock (initial) solutions: concentrations, mass fractions, or volumes of reagents prior to their dilution in the reaction mixture (e.g., '20 mg mL−1 in DMSO', '30% H2O2', '10 μL'). These are fundamentally different physical objects (precursors), not properties of the final environment.


### Field: `c_const_unit`
**Parameter essence:** The unit of measurement of the fixed (constant) molar concentration of the co-substrate (e.g., H2O2 or TMB) in the reaction mixture during kinetic assays. Denotes the dimension of the value that remains unchanged while the concentration of another substrate is varied.
**Search condition:** Extract only if the unit of measurement refers to the molar concentration of the fixed co-substrate in the final reaction mixture.

**Processing steps:**
* Find the value of the fixed co-substrate concentration in the text (often accompanied by the words 'fixed', 'constant' or indicated as an exact single value against the background of a varied range of another substrate).
* Capture the unit of measurement (M, mM, μM) syntactically tied to this numerical value.
* Clean the extracted string from brackets, spaces, and punctuation.
* Preserve the original case and prefix (M, mM, μM) without mathematical conversion to other orders of magnitude (unless otherwise dictated by a strict external standard).

**Ignore (False positives):**
* Ignore units of measurement of mass concentration (e.g., mg mL-1). The target attribute is always expressed in units of molarity (M, mM, μM).
* Ignore units of measurement of the concentration of intermediate or initial (stock) solutions (e.g., 'in DMSO'). Extract strictly the dimension of the final working concentration in the reaction medium.


### Field: `c_max`
**Parameter essence:** The exact numerical value of the maximum concentration of the varied substrate (e.g., H2O2, TMB) applied in a series of kinetic experiments to calculate enzyme activity parameters (according to the Michaelis-Menten model). The value represents the upper limit of the investigated concentration range or the maximum element of the array of specified concentrations, strictly normalized to the unit of measurement millimoles per liter (mM).
**Search condition:** The text must describe a kinetic experiment with an explicit indication of varying the concentration of the target substrate (markers: 'varying concentration', 'different amounts', 'ranging from', 'final working concentrations').

**Processing steps:**
* Find syntactic structures describing the change in substrate concentration (enumeration of an array of values 'X, Y, ..., Z mM' or indication of a continuous range 'from X to Z M').
* Isolate the maximum numerical value from the found array or extract the upper boundary of the specified range.
* Mandatorily convert the extracted value to a single dimension — millimolarity (mM). If the original value is specified in M (molarity) — multiply by 1000; if in μM (micromolarity) — divide by 1000; if in mM — leave unchanged.
* Write the final value as a decimal number (mathematical rounding to significant digits is allowed, e.g., recalculation of 832.2 μM -> 0.8322 mM with rounding to 0.832).

**Ignore (False positives):**
* Ignore inaccurate or vague concentration limits (e.g., with the '<' operator, such as '<2 M') that describe general background conditions for conducting the reaction or parameters for reference enzymes (native catalase), and not the specific upper boundary of the tested range for the target catalyst.


### Field: `c_max_unit`
**Parameter essence:** The unit of measurement of the maximum (or boundary) substrate concentration used in kinetic experiments. Reflects the physical dimension of the upper limit of the tested range or the maximum value from the array of concentrations.
**Search condition:** Extract and normalize the unit of measurement only if there is a valid numerical value of the maximum substrate concentration within the description of the kinetic analysis.

**Processing steps:**
* Find the physical dimension in the text (e.g., M, mM, μM) syntactically or contextually tied to the maximum numerical value in the array or range of concentrations of the target substrate (H2O2, TMB, etc.).
* Recognize the extracted string marker as a measure of the molar concentration of the substance in the reaction medium.
* If the original unit of measurement differs from millimolar (e.g., specified in moles 'M' or micromoles 'μM'), initiate conversion to 'mM'. This action must be strictly synchronized with the mathematical recalculation of the numerical value of the maximum concentration itself.
* Convert the final value to a single standard and write it strictly as 'mM'.


### Field: `c_min`
**Parameter essence:** The minimum concentration of the varied substrate in the kinetic experiment.
**Search condition:** Extract the value only for the substrate whose concentration is varied in the described kinetic experiment.

**Processing steps:**
* Identify the range or array of concentrations of the varied substrate.
* Extract the minimum value from the specified range or array.
* If necessary, recalculate the value into the target units of measurement (e.g., from M to mM by multiplying by 1000).
* Normalize the recording format (e.g., conversion to exponential format if required).

**Ignore (False positives):**
* Ignore minimum non-zero values from the array of concentrations if absolute zero (0) is present in the array. Zero is the true minimum of the variation range.


### Field: `c_min_unit`
**Parameter essence:** The physical unit of measurement of the minimum concentration of the target substrate in the reaction mixture, used to plot kinetic curves and calculate catalytic parameters. Absolute invariant: dimension of molar concentration.
**Search condition:** Extraction and normalization of the unit of measurement are performed only if there is a valid numerical value of the minimum substrate concentration within the kinetic experiment.

**Processing steps:**
* Localize the unit of measurement in the text (e.g., M, mM, μM) that is syntactically (at the end of the array/range) or contextually tied to the values of the varied substrate concentration.
* Identify the original scale of molar concentration.
* Forcibly standardize any extracted unit of measurement (M, μM) to millimolarity (mM). This transformation implies a synchronous mathematical recalculation of the numerical value of the concentration itself in the adjacent field.
* Regardless of the source text, always return the strictly formatted string constant 'mM'.


### Field: `depth`
**Parameter essence:** The third spatial (linear) dimension of the primary target nanoparticle as a single physical macro-object (depth/thickness). For isotropic particles (spherical, cubic), it is geometrically equivalent to their diameter or overall size. For anisotropic particles (e.g., nanorods), it is equivalent to the width of the cross-section. Describes the physical dimensions of the dry core of the particle (according to electron microscopy data).
**Search condition:** Extract the value strictly if there is a geometric connection (direct or contextual) between the specified parameter (diameter, size, width) and the third dimension of the target nanoparticle, confirmed by electron microscopy data (TEM, SEM, FESEM).

**Processing steps:**
* Find mentions of linear dimensions (diameter, size, width) related to the target nanoparticle.
* If the particle shape is isotropic (spherical, cube-like), translate the diameter or overall size value into the depth field. If the shape is anisotropic (nanorods), translate the width value into the depth field.
* If the text simultaneously indicates a wide distribution range (scattered from X to Y) or a general description (1-2 nm) and an exact average value (average diameter/size), prioritize extracting the exact average value.
* Clean the numerical value from text markers of approximation ('~', 'about', 'ca.', 'around'), units of measurement ('nm'), and statistical errors (cut off '± X').
* If an exact average value is missing, preserve the range in the format 'X-Y' or 'X−Y'.

**Ignore (False positives):**
* Ignore crystallite or grain size calculated by the Debye-Scherrer equation (XRD), as it describes the internal microstructure of the material, not the external dimensions of the entire particle.
* Ignore the thickness of macroscopic films (film thickness) formed on a substrate, as this is a characteristic of a continuous coating, not an individual nanoparticle.
* Ignore the sizes of secondary structures or agglomerates (e.g., micro-flowers) assembled from primary nanoparticles.
* Ignore the sizes of small surface subparticles or domains distributed on the surface of the main (target) nanoparticle.
* Ignore the hydrodynamic diameter measured by the DLS method, as it includes the solvation shell and conceptually differs from the physical size of the dry core.


### Field: `depth_unit`
**Parameter essence:** The unit of measurement of the spatial extent (depth/thickness) of the target nanostructure. In the context of isotropic (spherical) or complex particles, it is semantically and syntactically equivalent to the unit of measurement of the overall size, diameter, or width characterizing the physical dimensions of the investigated object.
**Search condition:** The presence in the text of an explicit numerical value of a linear dimension attributed to the target nanoparticle.

**Processing steps:**
* Identify a numerical value or range in the text describing the linear dimension (depth, thickness, diameter, width, or overall size) of the target nanoparticle.
* Extract the string token of the unit of measurement (e.g., 'nm') immediately adjacent to the found numerical value.
* If only 'diameter', 'width', or 'overall size' is specified in the text, conceptually inherit (copy) this unit of measurement for the 'depth_unit' field, since these metrics use a single dimension for nanoparticles.
* Normalize format: clean the extracted string from the surrounding context, brackets, and punctuation, returning strictly the letter designation (e.g., 'nm').

**Ignore (False positives):**
* Ignore units of measurement of linear dimensions related to secondary, auxiliary, or attached microcomponents (e.g., decorating nanoparticles) if the main/carrier nanostructure acts as the target object (Macro_System) within the current profile.


### Field: `formula`
**Parameter essence:** The standardized basic chemical formula or generally accepted structural abbreviation (e.g., MMT) of the target catalytically active nanomaterial (nanozyme). Describes the fundamental macro-composition of the object, completely abstracting from its physical morphology, structural epithets, and functional roles in the text.
**Search condition:** Extract the value only for those materials that act as the main investigated catalyst (nanozyme) or a direct control sample within the described experiment.

**Processing steps:**
* Find the mention of the target nanomaterial in the text (in the form of a verbal name, raw abbreviation, or composite formula).
* Convert full trivial or nomenclature names of chemical substances into their strict chemical symbols or standardized abbreviations (e.g., 'gold' -> 'Au', 'platinum' -> 'Pt', 'Iron selenide' -> 'FeSe', 'Montmorillonite' -> 'MMT').
* Cut off any words denoting shape, size, or state of aggregation from the formula (e.g., 'NPs', 'NRs', 'nanobelts', 'nanocrystals', 'thin film').
* Remove text descriptions of architecture or role (e.g., 'core-shell', 'alloy', 'seeds').
* Remove irrelevant synthesis prefixes (e.g., 'NH-' from 'NH-MoO3−x') and redundant exact stoichiometric indices of specific batches if the basic formula of the class is required (e.g., 'Au@Pt3.15' -> 'Au@Pt').
* Preserve structural separators of composites and core-shell structures ('-', '@').

**Ignore (False positives):**
* Ignore micro-states of components: do not extract formulas describing specific valence states or ions of individual elements (e.g., 'Pt0', 'Pt2+') if the goal is the general formula of the macro-material.
* Ignore intermediate phases and precursors: do not extract complex crystallographic formulas of intercalates or hydrated complexes (e.g., '[Na(H2O)2]0.25MoO3') describing intermediate structural states instead of the final basic formula of the target nanozyme.


### Field: `km_unit`
**Parameter essence:** The unit of measurement of the Michaelis constant (Km). Denotes the dimension of the substrate concentration at which the rate of the catalytic (enzymatic or pseudo-enzymatic) reaction reaches half of the maximum (Vmax).
**Search condition:** The presence of an explicit mention of the Michaelis constant (Km, KM, Kappm) in conjunction with a numerical value or in the structure of a table header.

**Processing steps:**
* Find the Michaelis constant marker (Km, KM, Kappm) in the text or table header and localize the dimension associated with it (following the number or indicated in brackets in the header).
* Capture the raw dimension string.
* Remove any framing syntactic elements, such as round '()' or square '[]' brackets.
* Replace non-standard typographical symbols (e.g., em dash or minus '−') with a standard hyphen ('-').
* Separate compound units of measurement written together with a space to standardize them (e.g., transform 'mmolL-1' to 'mmol L-1').


### Field: `km_value`
**Parameter essence:** The numerical value of the Michaelis constant (Km), reflecting the catalyst affinity (enzyme or nanozyme) for a specific substrate. Represents the substrate concentration at which the rate of the catalytic reaction reaches half of the maximum (Vmax).
**Search condition:** The presence of an explicit syntactic or tabular connection of the extracted number with the Km parameter (Michaelis constant) for the investigated catalytic system.

**Processing steps:**
* Find a numerical value in the text or table explicitly associated with the Michaelis constant parameter (denoted as Km, K_M, K_m^app) for the target catalyst and specific substrate.
* When enumerating several kinetic parameters (e.g., 'Km and Vmax values... were X and Y respectively'), strictly match the order of numerical values with the order of parameter names.
* When parameters are written together (e.g., 'Km/Vmax = X/Y'), isolate only the value related to Km.
* Extract strictly the numerical value.
* Cut off any units of measurement (mM, mmol L−1, etc.).
* Mandatorily remove trailing non-significant zeros in decimal fractions (e.g., '120.0' -> '120', '546.60' -> '546.6', '92.30' -> '92.3', '1.90' -> '1.9').


### Field: `length`
**Parameter essence:** The physical linear dimension (diameter, length, or averaged dimension) of the primary target nanoparticle as a whole (solid core), usually determined by electron microscopy methods (TEM, SEM).
**Search condition:** Extract the value only for the physical core of the primary nanoparticle, confirmed by direct visualization methods (TEM/SEM), ignoring indirect hydrodynamic and crystallographic metrics.

**Processing steps:**
* Find a numerical value or range describing the geometric dimension (size, diameter, length) of the target nanoparticle.
* Project specific geometric terms ('diameter' for spherical particles, 'size' for cubic ones) onto the universal 'length' attribute.
* Remove text and symbol markers of approximation ('~', 'about', 'ca.', 'mainly').
* Discard units of measurement ('nm') and values of statistical error/standard deviation ('± X.XX'), leaving only the basic average.
* If an exact average value is missing, extract the range entirely, normalizing the separator (replace dash, em dash, or the word 'to' with a hyphen '-').
* When enumerating an array of sizes for different synthesized fractions, extract only the value that relates to the fraction used in the target (e.g., kinetic) assays.

**Ignore (False positives):**
* Crystallite/grain size calculated by XRD methods (e.g., by the Debye-Scherrer equation). Describes the size of the internal crystal lattice/domain, not the physical boundaries of the particle itself.
* Hydrodynamic diameter measured by the DLS method. Includes the solvation shell or protein corona, which ontologically differs from the size of the solid metal/oxide core.
* Size of macrostructures and agglomerates (e.g., micro-flowers, clusters). Characterizes secondary assemblies, not primary nanoparticles.
* Size of surface domains or small subparticles (smaller particles distributed on the surface) that are merely a microcomponent of the shell, not the target anchor particle.
* Wide population distribution range (scattered from X to Y) if a representative average value (average size) for the same population is explicitly calculated and presented in the context.


### Field: `length_unit`
**Parameter essence:** A strict metric unit of measurement (e.g., nanometers - nm) used to quantitatively express the linear geometric parameters (diameter, length, width, average size) of the target nanoparticle or investigated macro-system.
**Search condition:** The presence in the text of a quantitative assessment of the linear dimension of the target object, accompanied by an explicit indication of the metric dimension.

**Processing steps:**
* Localize the unit of measurement token immediately following the numerical value, range (e.g., '5−20'), or enumeration of numbers describing the dimensions (size, diameter, length, width) of the target object.
* Verify that the extracted token belongs to the class of standard metric units of length.
* Isolate the unit of measurement from numerical values, spaces, brackets, punctuation marks, and approximation symbols (~, ca., ±).
* Return a strictly normalized string literal (e.g., 'nm').

**Ignore (False positives):**
* Isolation of secondary objects: Ignore units of measurement if they are syntactically tied to the sizes of secondary structural elements (e.g., decorating particles, substrates, internal microcomponents of a composite, such as PtFe NRs or MMT layers), and not to the main target system.
* Isolation of other physical metrics: Ignore units of measurement describing internal structural characteristics that are not external dimensions of the object (e.g., interplanar spacing of the crystal lattice - lattice spacing).


### Field: `ph`
**Parameter essence:** The exact value of the hydrogen ion exponent (pH) of the external reaction medium (buffer solution) fixed for conducting steady-state kinetic assays or approved as optimal for the target catalytic reaction.
**Search condition:** The value must be exact (Exact_Value) and unambiguously characterize the environment of the final kinetic experiment or the recognized optimum. Capture triggers only on specific numbers, excluding intervals.

**Processing steps:**
* Identify the numerical value associated with the lexical markers 'pH', 'pH =' or 'pH of', located in the context of describing the reaction buffer or optimal conditions.
* Isolate the number from syntactic wrapping (brackets, text prefixes).
* Perform mathematical format normalization: discard non-significant zeros in the fractional part, reducing it to an integer (e.g., strictly convert '4.0' to '4', '5.0' to '5').
* Preserve values with true significant fractional parts without rounding (e.g., '3.8', '4.5', '7.4' remain unchanged).

**Ignore (False positives):**
* Ignore screening ranges (Fuzzy_Or_Range, e.g., '3 to 12', '2.0–8.0', '4 to 6'): these are broad research intervals used to find the optimum, not the target fixed conditions of the final kinetic analysis.
* Ignore extreme or boundary values (e.g., 'up to pH 12') describing limits of stability, endurance, or side activity trends if they are not the approved working parameter for calculating kinetics.


### Field: `reaction_type`
**Parameter essence:** The type of catalytic reaction, strictly determined by the combination of participating substrates and co-substrates (e.g., electron donor and oxidant), standardized as a formula of their joint presence in the reaction medium.
**Search condition:** The presence in the text of a description of a catalytic (kinetic) experiment indicating the participating substrates, regardless of whether they are presented as an enumeration of reagents, the name of an oxidation process, or an abbreviation of the reaction system.

**Processing steps:**
* Find all mentions of chemical substrates and co-substrates participating in the reaction in the text. Extract them even if they are presented as process names (e.g., 'oxidation of TMB', 'TMB oxidations') or system names ('H2O2-TMB system', 'TMB/H2O2').
* Convert full verbal names of chemical substances (e.g., 'hydrogen peroxide', '3,3′,5,5′-tetramethylbenzidine') into their generally accepted short chemical formulas or abbreviations ('H2O2', 'TMB').
* If only one substrate (e.g., the varied one) is specified in a local sentence or table cell, but the mandatory presence of a co-substrate (H2O2) unambiguously follows from the general context of the experiment (e.g., 'peroxidase-like activity'), restore the missing element.
* Analyze the roles of reagents in the experiment. The substrate whose concentration is varied (varying concentration) must be placed first. The substrate whose concentration is fixed (fixed concentration) is placed second.
* Combine the standardized reagent names into a single string using the separator ' + ' (e.g., 'H2O2 + TMB' or 'TMB + H2O2'). If the reaction involves only one substrate (e.g., catalase activity), leave it without concatenation (e.g., 'H2O2').


### Field: `surface`
**Parameter essence:** A purposefully used chemical compound, polymer, or biological macromolecule forming the external coating (shell), stabilizing layer, or matrix for the synthesis of an individual nanoparticle. Acts as a surface modifier that prevents agglomeration and determines the physicochemical properties of the nanozyme interface.
**Search condition:** Triggers when there is a contextual or syntactic indication that the molecule forms a surface layer, stabilizes the nanoparticle in solution, or serves as a matrix for its nucleation.

**Processing steps:**
* Find chemical or biological agents in the text syntactically associated with processes of coating ('coated with'), modification ('modified with'), stabilization ('capped'), or acting as a matrix ('nucleation substrate').
* If the text provides the full name and its abbreviation/synonym, convert the value to the canonical form used in the study (e.g., 'polyethylene glycol' -> 'PEG', 'bovine serum albumin' -> 'BSA', 'apoFt' -> 'apoferritin').
* Cut off specifications of molecular weight (e.g., 'PEG 6000' -> 'PEG'), degree of hydration (e.g., 'trisodium citrate dihydrate' -> 'trisodium citrate'), and indications of ionic state (e.g., 'citrate anions' -> 'citrate').
* Replace non-standard symbols (e.g., en dash '–' with a hyphen '-') in complex polymer names ('PEG–VE' -> 'PEG-VE'). Return the cleaned string.

**Ignore (False positives):**
* Ignore macroscopic carriers and substrates (e.g., Montmorillonite/MMT) used as an external medium for dispersing finished nanoparticles; extract strictly molecular ligands and polymers forming the micro-particle's own shell.
* Ignore residual reagents (e.g., ascorbic acid) accidentally present on the surface as a byproduct of the reduction reaction if they were not purposefully applied as a stabilizing coating.
* Ignore primary/intermediate ligands (e.g., oleylamine, oleic acid) if the description of the multi-stage synthesis explicitly states that they are washed away, replaced, or covered by the final target modifier (e.g., PEG-VE).


### Field: `syngony`
**Parameter essence:** The fundamental geometric symmetry of the crystal lattice (basic syngony/crystal system) of the target nanomaterial or its isolated phases, determining the macroscopic spatial organization of atoms.
**Search condition:** Extract the value if there is a direct indication of the type of crystal lattice of the material, usually in the context of interpreting structural analysis data (XRD, HRTEM).

**Processing steps:**
* Find terms in the text describing the crystal structure, phase, Bravais lattice type, or structural motif (e.g., cubic, tetragonal, orthorhombic, face-centered cubic, fcc, fluorite).
* Translate specific subtypes of Bravais lattices (e.g., 'face-centered cubic', 'fcc') and names of mineralogical structural types (e.g., 'fluorite') into their fundamental syngony class (in these cases -> 'cubic').
* Isolate the target value from contextual noise (remove the words 'phase', 'structure', 'crystal') and return strictly one word in lowercase denoting the basic syngony (e.g., 'cubic', 'tetragonal', 'orthorhombic').


### Field: `temperature`
**Parameter essence:** The exact numerical value of the temperature (in degrees Celsius) at which the main kinetic or catalytic measurements were conducted.
**Search condition:** The presence of a direct syntactic or contextual connection of the value with conducting the kinetic analysis (e.g., 'carried out at', 'completed at') or an explicit statement of the value as optimal/standard for subsequent measurements.

**Processing steps:**
* Identify the numerical value of the temperature related to the kinetic experiment.
* Extract only numbers.
* Remove all units of measurement and symbols (e.g., '°C', 'C', spaces).

**Ignore (False positives):**
* Ignore temperature ranges (e.g., '10–70 °C', '4 to 85 °C') used to find the optimum or check stability.
* Ignore inaccurate qualitative descriptions (e.g., 'room temperature') if they are not accompanied by an exact numerical equivalent that can be extracted.
* Ignore extremes (e.g., degradation temperature or maximum activity) if they are not the selected standard temperature for the kinetic analysis.


### Field: `vmax_unit`
**Parameter essence:** The physical unit of measurement of the maximum rate of the catalytic or enzymatic reaction (Vmax), reflecting the change in the concentration of a substance (substrate or product) per unit of time.
**Search condition:** Extract strictly in the context of describing the kinetic parameter Vmax (maximum reaction rate), ignoring units of measurement of other parameters (e.g., Km, Kcat).

**Processing steps:**
* Extract the text block denoting the dimension of the Vmax parameter. Look in table column headers (usually inside round or square brackets) or in continuous text immediately after the numerical value of Vmax.
* If the dimension is specified together with a scale multiplier (e.g., '10−8', '×10−7'), extract it as an integral part of the unit of measurement string.
* Remove HTML tags (e.g., <sup>, <sub>, <th>, <tr>).
* Convert superscripts written via curly braces or tags into linear text (e.g., 's^{−1}' -> 's−1').
* Replace typographical multiplication signs ('×') with the Latin letter 'x'.
* Replace typographical minus signs ('−') with standard hyphens ('-').
* Convert the string to a single concatenation format (attention: external standardization is required, as the current markup chaotically adds or removes spaces between concentration and time).


### Field: `vmax_value`
**Parameter essence:** The maximum rate of the enzymatic or catalytic reaction (Vmax). A quantitative kinetic characteristic reflecting the limit rate of product formation (or substrate consumption) by the catalytic system under the condition of complete saturation of the catalyst with the substrate.
**Search condition:** The presence of an explicit marker of the maximum rate kinetic parameter (Vmax, Vm) in the local syntactic context or table header hierarchy.

**Processing steps:**
* Find the base numerical value syntactically or structurally (in a table) tied to the maximum rate parameter (denoted as Vmax, Vm, vmax) for a specific 'catalyst-substrate' pair.
* Mandatorily check table column/row headers or preceding text for the presence of factored-out common dimension multipliers (e.g., '10^−8', '×10^−7').
* If the number is written in exponential form (e.g., '8.32 × 10^−8') or has a multiplier factored out in the header, perform strict mathematical multiplication of the base number by the order of magnitude (mantissa).
* Convert the final calculated value into a standardized machine-readable format: either an exact decimal fraction (e.g., '0.0000000832') or scientific E-notation (e.g., '8.32E-08'). Arbitrary rounding of significant digits of the original value is categorically prohibited.


### Field: `width`
**Parameter essence:** The transverse linear dimension (width) of the primary nanoparticle. For isotropic morphologies (spherical, cubic particles), the width is geometrically equivalent to the diameter or basic 'size'. For anisotropic structures (nanorods, nanobelts), the width represents the transverse dimension perpendicular to the length. Characterizes the physical dimensions of the solid inorganic core.
**Search condition:** Capture the value only if there is a direct syntactic or contextual connection of the size to the target primary nanoparticle, confirmed by direct visualization methods (TEM, SEM), strictly excluding indirect (XRD) and liquid-phase (DLS) metrics.

**Processing steps:**
* Find numerical values describing the width, diameter, or overall size of the target nanoparticle.
* Based on morphology data, translate the diameter (for spherical particles) or overall size (for cubic particles) into the target width parameter.
* If the text simultaneously provides a wide size distribution range and an exact average size, prioritize extracting the average size.
* If an array of sizes for a series of syntheses is presented, extract the value corresponding to the specific target experiment.
* In the presence of a value indicating statistical error (e.g., '1.87 ± 0.40'), cut off the error and extract exclusively the basic average value.
* Remove text markers of approximation ('~', 'about', 'ca.', 'mainly') and units of measurement ('nm').
* Preserve the exact numerical value or range (in the format 'X-Y' or 'X-Y') if an exact average value is missing.

**Ignore (False positives):**
* Ignore crystallite/grain size, often calculated by X-ray diffraction methods (e.g., by the Debye-Scherrer formula). The target is the physical size of the entire nanoparticle.
* Ignore the sizes of secondary superstructures and macro-aggregates (e.g., micro-flowers) assembled from multiple primary nanoparticles. Extract the size strictly of the primary structural unit.
* Ignore the sizes of small surface domains or subparticles distributed on the surface of the main nanoparticle or forming its porous shell.
* Ignore the hydrodynamic diameter measured by the DLS method, as it includes the solvation shell and possible organic capsules (e.g., protein cages). The target is the size of the solid core (usually according to TEM/SEM data).


### Field: `width_unit`
**Parameter essence:** The unit of measurement of the transverse linear dimension (width, diameter, or equivalent dimension) of the investigated nanoparticle or its structural component.
**Search condition:** The presence in the text of a quantitative value explicitly describing the transverse dimension (width, diameter, size) of the target object, accompanied by a physical unit of measurement.

**Processing steps:**
* Search the text for numerical values or ranges semantically describing the width, diameter, or average size of nanoparticles.
* Tie the found unit of measurement to the corresponding physical parameter, even if it is specified once for a range (e.g., '5-20 nm') or inherited from the context.
* Exact extraction of the symbolic designation of the unit of measurement (e.g., 'nm') with the cutting off of numerical values, spaces, brackets, and punctuation marks.

[[ ## tip ## ]]
Include a persona that is relevant to the task in the instruction (ie. "You are a ...")

Respond with the corresponding output fields, starting with the field `[[ ## proposed_instruction ## ]]`, and then ending with the marker for `[[ ## completed ## ]]`.


[31mResponse:[0m

[32m[[ ## proposed_instruction ## ]]
# Nanozyme Kinetic Data Extraction Instruction

You are an expert scientific data extraction specialist with deep expertise in nanomaterial catalysis, enzyme kinetics, and materials characterization. Your role is to analyze full-text scientific articles on nanozymes and extract structured experimental metadata with precision and accuracy.

## Task Overview

You will receive a scientific document text and must perform a two-stage extraction process:

1. **Reasoning Phase**: First, carefully analyze the document to identify all relevant nanozyme experiments, their conditions, and kinetic parameters. Document your thought process about which experiments qualify for extraction based on the filtering criteria.

2. **Extraction Phase**: Generate structured JSON records containing the extracted data fields, strictly following the rules below.

---

## Stage 1: Reasoning Guidelines

Before extracting data, reason through the following:

1. **Identify Target Nanozymes**: Locate all artificial nanomaterials synthesized or primarily characterized in the study. Distinguish these from natural enzymes and literature references.

2. **Verify Kinetic Data**: Confirm that detailed steady-state kinetic parameters (Km, Vmax) were calculated for each nanozyme-substrate combination. Only proceed with extraction if Michaelis-Menten analysis was performed.

3. **Map Experimental Conditions**: For each valid experiment, identify the activity type, substrates, concentrations, pH, temperature, and material properties.

4. **Handle Multiple Experiments**: If the study contains multiple nanozymes, activities, or conditions, create separate records for each unique combination.

---

## Stage 2: Extraction Rules

### Record Creation Criteria

**Create a record when ALL of the following are true:**
- The material is an artificial nanomaterial (nanozyme) synthesized or primarily characterized in the current study
- Enzyme-like activity is demonstrated
- Specific substrate(s) are used
- Detailed steady-state kinetic parameters (Km, Vmax) are calculated

**Do NOT create records for:**
- Natural enzymes (HRP, native catalase, etc.)
- Literature data or catalysts with parameters transferred from previous publications
- Non-Michaelis-Menten catalytic processes
- Intermediate states or physical mixtures without detailed kinetics

---

### Field Extraction Specifications

For each record, extract the following fields. Return `null` if a valid value is not found.

| Field | Description | Key Processing Rules |
|-------|-------------|---------------------|
| `activity` | Enzyme-like catalytic activity type | Normalize to lowercase (peroxidase, catalase, oxidase); remove '-like', '-mimic' suffixes |
| `ccat_value` | Catalyst mass/concentration | Extract numerical value only; ignore units, formulas, brackets |
| `ccat_unit` | Catalyst concentration unit | Normalize µ (U+00B5) to μ (U+03BC); preserve original separators |
| `c_const` | Fixed co-substrate concentration | Convert to mM; extract numerical value only |
| `c_const_unit` | Fixed co-substrate unit | Extract molarity units (M, mM, μM) only |
| `c_max` | Maximum varied substrate concentration | Convert to mM; extract upper boundary of range |
| `c_max_unit` | Maximum substrate unit | Standardize to 'mM' |
| `c_min` | Minimum varied substrate concentration | Convert to mM; include zero if present in range |
| `c_min_unit` | Minimum substrate unit | Standardize to 'mM' |
| `depth` | Nanoparticle depth/thickness | Extract from TEM/SEM data; prioritize average over range |
| `depth_unit` | Depth unit | Extract 'nm' or equivalent |
| `formula` | Chemical formula/abbreviation | Remove shape descriptors (NPs, NRs); preserve core-shell separators (@) |
| `km_value` | Michaelis constant value | Remove trailing zeros (120.0 → 120); extract number only |
| `km_unit` | Michaelis constant unit | Standardize format (mmol L-1 → mmol L-1) |
| `length` | Nanoparticle length/diameter | From TEM/SEM only; exclude XRD, DLS |
| `length_unit` | Length unit | Extract 'nm' |
| `ph` | Reaction medium pH | Convert 4.0 → 4; ignore ranges |
| `reaction_type` | Substrate combination | Format as 'H2O2 + TMB'; varied substrate first |
| `surface` | Surface coating/stabilizer | Normalize to canonical forms (PEG, BSA); remove MW specs |
| `syngony` | Crystal system symmetry | Translate fcc → cubic; lowercase single word |
| `temperature` | Kinetic measurement temperature | Extract number only; ignore ranges |
| `vmax_value` | Maximum reaction rate | Apply factored multipliers; use decimal or E-notation |
| `vmax_unit` | Vmax unit | Remove HTML tags; standardize superscripts |
| `width` | Nanoparticle width | From TEM/SEM; exclude secondary structures |
| `width_unit` | Width unit | Extract 'nm' |

---

## Output Format

Your response must contain two components:

1. **reasoning**: A detailed explanation of your extraction decisions, including which experiments qualified, why certain data was excluded, and how you resolved ambiguities.

2. **extracted_data**: A JSON array of record objects, where each object contains the fields specified above with extracted values or `null`.

```json
{
  "reasoning": "...",
  "extracted_data": [...]
}
```

---

## Quality Standards

- **Precision**: Extract exact values from the text; do not estimate or infer missing data
- **Consistency**: Apply normalization rules uniformly across all records
- **Completeness**: Include all valid experiments that meet the criteria
- **Traceability**: Your reasoning should allow verification of each extraction decision

[[ ## completed ## ]][0m





PROPOSED INSTRUCTION: # Nanozyme Kinetic Data Extraction Instruction

You are an expert scientific data extraction specialist with deep expertise in nanomaterial catalysis, enzyme kinetics, and materials characterization. Your role is to analyze full-text scientific articles on nanozymes and extract structured experimental metadata with precision and accuracy.

## Task Overview

You will receive a scientific document text and must perform a two-stage extraction process:

1. **Reasoning Phase**: First, carefully analyze the document to identify all relevant nanozyme experiments, their conditions, and kinetic parameters. Document your thought process about which experiments qualify for extraction based on the filtering criteria.

2. **Extraction Phase**: Generate structured JSON records containing the extracted data fields, strictly following the rules below.

---

## Stage 1: Reasoning Guidelines

Before extracting data, reason through the following:

1. **Identify Target Nanozymes**: Locate all artificial nanomaterials synthesized or primarily characterized in the study. Distinguish these from natural enzymes and literature references.

2. **Verify Kinetic Data**: Confirm that detailed steady-state kinetic parameters (Km, Vmax) were calculated for each nanozyme-substrate combination. Only proceed with extraction if Michaelis-Menten analysis was performed.

3. **Map Experimental Conditions**: For each valid experiment, identify the activity type, substrates, concentrations, pH, temperature, and material properties.

4. **Handle Multiple Experiments**: If the study contains multiple nanozymes, activities, or conditions, create separate records for each unique combination.

---

## Stage 2: Extraction Rules

### Record Creation Criteria

**Create a record when ALL of the following are true:**
- The material is an artificial nanomaterial (nanozyme) synthesized or primarily characterized in the current study
- Enzyme-like activity is demonstrated
- Specific substrate(s) are used
- Detailed steady-state kinetic parameters (Km, Vmax) are calculated

**Do NOT create records for:**
- Natural enzymes (HRP, native catalase, etc.)
- Literature data or catalysts with parameters transferred from previous publications
- Non-Michaelis-Menten catalytic processes
- Intermediate states or physical mixtures without detailed kinetics

---

### Field Extraction Specifications

For each record, extract the following fields. Return `null` if a valid value is not found.

| Field | Description | Key Processing Rules |
|-------|-------------|---------------------|
| `activity` | Enzyme-like catalytic activity type | Normalize to lowercase (peroxidase, catalase, oxidase); remove '-like', '-mimic' suffixes |
| `ccat_value` | Catalyst mass/concentration | Extract numerical value only; ignore units, formulas, brackets |
| `ccat_unit` | Catalyst concentration unit | Normalize µ (U+00B5) to μ (U+03BC); preserve original separators |
| `c_const` | Fixed co-substrate concentration | Convert to mM; extract numerical value only |
| `c_const_unit` | Fixed co-substrate unit | Extract molarity units (M, mM, μM) only |
| `c_max` | Maximum varied substrate concentration | Convert to mM; extract upper boundary of range |
| `c_max_unit` | Maximum substrate unit | Standardize to 'mM' |
| `c_min` | Minimum varied substrate concentration | Convert to mM; include zero if present in range |
| `c_min_unit` | Minimum substrate unit | Standardize to 'mM' |
| `depth` | Nanoparticle depth/thickness | Extract from TEM/SEM data; prioritize average over range |
| `depth_unit` | Depth unit | Extract 'nm' or equivalent |
| `formula` | Chemical formula/abbreviation | Remove shape descriptors (NPs, NRs); preserve core-shell separators (@) |
| `km_value` | Michaelis constant value | Remove trailing zeros (120.0 → 120); extract number only |
| `km_unit` | Michaelis constant unit | Standardize format (mmol L-1 → mmol L-1) |
| `length` | Nanoparticle length/diameter | From TEM/SEM only; exclude XRD, DLS |
| `length_unit` | Length unit | Extract 'nm' |
| `ph` | Reaction medium pH | Convert 4.0 → 4; ignore ranges |
| `reaction_type` | Substrate combination | Format as 'H2O2 + TMB'; varied substrate first |
| `surface` | Surface coating/stabilizer | Normalize to canonical forms (PEG, BSA); remove MW specs |
| `syngony` | Crystal system symmetry | Translate fcc → cubic; lowercase single word |
| `temperature` | Kinetic measurement temperature | Extract number only; ignore ranges |
| `vmax_value` | Maximum reaction rate | Apply factored multipliers; use decimal or E-notation |
| `vmax_unit` | Vmax unit | Remove HTML tags; standardize superscripts |
| `width` | Nanoparticle width | From TEM/SEM; exclude secondary structures |
| `width_unit` | Width unit | Extract 'nm' |

---

## Output Format

Your response must contain two components:

1. **reasoning**: A detailed explanation of your extraction decisions, including which experiments qualified, why certain data was excluded, and how you resolved ambiguities.

2. **extracted_data**: A JSON array of record objects, where each object contains the fields specified above with extracted values or `null`.

```json
{
  "reasoning": "...",
  "extracted_data": [...]
}
```

---

## Quality Standards

- **Precision**: Extract exact values from the text; do not estimate or infer missing data
- **Consistency**: Apply normalization rules uniformly across all records
- **Completeness**: Include all valid experiments that meet the criteria
- **Traceability**: Your reasoning should allow verification of each extraction decision
Using a randomly generated configuration for our grounded proposer.
Selected tip: simple
PROGRAM DESCRIPTION: This program is designed to solve **structured information extraction tasks from unstructured text documents** in a task-agnostic manner. It leverages Chain-of-Thought (CoT) reasoning to improve extraction accuracy. The system works by:  
1. Accepting a customizable `signature_class` (defining input/output fields for the extraction task) during initialization.  
2. Wrapping this signature with a `dspy.ChainOfThought` module to guide the language model through step-by-step reasoning.  
3. Processing input `document_text` through the CoT pipeline to generate structured predictions aligned with the signature.  
4. Supporting persistence via `save`/`load` methods for deployment.  
The "task-agnostic" design allows it to adapt to diverse extraction schemas (e.g., entity extraction, relation parsing, or form filling) by simply changing the signature class.
task_demos No task demos provided.




[34m[Unknown time][0m

[31mSystem message:[0m

Your input fields are:
1. `dataset_description` (str): A description of the dataset that we are using.
2. `program_code` (str): Language model program designed to solve a particular task.
3. `program_description` (str): Summary of the task the program is designed to solve, and how it goes about solving it.
4. `module` (str): The module to create an instruction for.
5. `module_description` (str): Description of the module to create an instruction for.
6. `task_demos` (str): Example inputs/outputs of our module.
7. `basic_instruction` (str): Basic instruction.
8. `tip` (str): A suggestion for how to go about generating the new instruction.
Your output fields are:
1. `proposed_instruction` (str): Propose an instruction that will be used to prompt a Language Model to perform this task.
All interactions will be structured in the following way, with the appropriate values filled in.

[[ ## dataset_description ## ]]
{dataset_description}

[[ ## program_code ## ]]
{program_code}

[[ ## program_description ## ]]
{program_description}

[[ ## module ## ]]
{module}

[[ ## module_description ## ]]
{module_description}

[[ ## task_demos ## ]]
{task_demos}

[[ ## basic_instruction ## ]]
{basic_instruction}

[[ ## tip ## ]]
{tip}

[[ ## proposed_instruction ## ]]
{proposed_instruction}

[[ ## completed ## ]]
In adhering to this structure, your objective is: 
        Use the information below to learn about a task that we are trying to solve using calls to an LM, then generate a new instruction that will be used to prompt a Language Model to better solve the task.


[31mUser message:[0m

[[ ## dataset_description ## ]]
This dataset pairs full-text scientific articles on nanozymes with structured experimental metadata, prioritizing fundamental kinetic parameters and material properties over application-specific performance metrics. The extraction schema normalizes diverse scientific notation and aggregates distributed information across document sections, including Supporting Information, to create standardized records of catalytic activity. Consequently, the data is optimized for Information Extraction tasks aimed at building comprehensive databases of nanomaterial properties.

[[ ## program_code ## ]]


class UniversalExtractor(BaseAgent, dspy.Module, metaclass=UniversalExtractorMeta):
    """Task-agnostic extraction agent.

    Wraps a specific task signature with Chain-of-Thought reasoning.
    """

    def __init__(self, signature_class: Type[dspy.Signature]):
        """Initialize the UniversalExtractor."""
        BaseAgent.__init__(self)
        dspy.Module.__init__(self)
        self.prog = dspy.ChainOfThought(signature_class)

    def forward(self, document_text: str) -> dspy.Prediction:
        """Execute the extraction pipeline."""
        return self.prog(document_text=document_text)

    def save(self, path: str) -> None:
        """Save the agent to a file."""
        dspy.Module.save(self, path)

    def load(self, path: str) -> None:
        """Load the agent from a file."""
        dspy.Module.load(self, path)


[[ ## program_description ## ]]
This program is designed to solve **structured information extraction tasks from unstructured text documents** in a task-agnostic manner. It leverages Chain-of-Thought (CoT) reasoning to improve extraction accuracy. The system works by:  
1. Accepting a customizable `signature_class` (defining input/output fields for the extraction task) during initialization.  
2. Wrapping this signature with a `dspy.ChainOfThought` module to guide the language model through step-by-step reasoning.  
3. Processing input `document_text` through the CoT pipeline to generate structured predictions aligned with the signature.  
4. Supporting persistence via `save`/`load` methods for deployment.  
The "task-agnostic" design allows it to adapt to diverse extraction schemas (e.g., entity extraction, relation parsing, or form filling) by simply changing the signature class.

[[ ## module ## ]]
Predict(document_text) -> reasoning, extracted_data

[[ ## module_description ## ]]
This module represents the core Chain-of-Thought inference engine wrapped by the UniversalExtractor. It accepts the raw `document_text` as input and orchestrates the language model to generate intermediate `reasoning` steps prior to producing the final `extracted_data`. By enforcing this reasoning phase, the module ensures high-quality structured extraction that aligns with the specific fields defined in the task's signature class.

[[ ## task_demos ## ]]
No task demos provided.

[[ ## basic_instruction ## ]]
# Data Extraction Instruction

You are an AI assistant specializing in the accurate extraction of structured data from scientific texts. Your task is to read the text and generate a JSON array of objects (records), strictly following the filtering and processing rules below.

## 1. Rules for Creating Records

Determine which objects deserve a separate record in the final array. Create a new record (row) only if the following conditions are met:

* Create a record for each unique artificial nanomaterial (nanozyme) synthesized or primarily characterized within the current study.
* Create a record for each unique type of enzyme-like activity.
* Create a record for each specific varied substrate.
* Create a record for each specific environmental condition or modulator.
* Extract only those combinations for which the authors have calculated detailed steady-state kinetic parameters (Km, Vmax).

**Strictly ignore and do not create records in the following cases:**
* Ignore natural enzymes (e.g., HRP, native catalase).
* Ignore literature data (Literature References) and catalysts whose kinetic parameters are transferred from previous publications.
* Ignore alternative catalytic modalities and processes not related to Michaelis-Menten enzyme-like kinetics.
* Ignore intermediate states, physical mixtures without detailed kinetics, and highly specialized applied probes if fundamental calculation of Km and Vmax constants is not performed for them.

---

## 2. Rules for Populating Fields

For each created record, find and extract the following fields. Apply the described processing steps. If a valid value for a field is missing in the text, return `null`.

### Field: `activity`
**Parameter essence:** The type of enzyme-like catalytic activity (e.g., peroxidase, catalase, oxidase) mimicked by the investigated nanomaterial (nanozyme).
**Search condition:** Extract the value strictly in relation to the local experimental context (substrate, reaction conditions, or a specific table row). If multiple types of activity are listed in the text (multiple instances), capture only the type that is physically realized in the currently described process (e.g., oxidation of TMB in the presence of H2O2 determines the choice of 'peroxidase', O2 evolution — 'catalase').

**Processing steps:**
* Find mentions of catalytic activity in the text (terms with enzyme names, abbreviations POD, HRP, CAT, OXD, as well as descriptive phrases like 'enzyme-catalysis capability', 'artificial peroxidase').
* Convert abbreviations and specific biological analogies into standardized basic enzyme names (e.g., 'POD' -> 'peroxidase', 'HRP-like' -> 'peroxidase', 'CAT' -> 'catalase', 'OXD' -> 'oxidase').
* Cut off similarity suffixes ('-like', '-mimic'), as well as dependent words denoting a process or property ('activity', 'properties', 'catalysis', 'artificial').
* Convert the final cleaned enzyme name strictly to lowercase (e.g., 'Peroxidase' -> 'peroxidase').


### Field: `ccat_unit`
**Parameter essence:** The unit of measurement of a physical quantity (mass, mass or molar concentration) describing the quantitative content of the main catalyst (nanozyme) in the reaction system during kinetic assays.
**Search condition:** Triggers only when there is a direct syntactic or contextual connection of the unit of measurement with the quantitative parameter of the investigated nanozyme added to the reaction medium.

**Processing steps:**
* Localize a numerical value in the text denoting the amount or concentration of the target catalyst, and capture the unit of measurement following it.
* If the unit of measurement is expressed as a relative value 'ppm' (parts per million), conceptually convert it to the equivalent mass-volume concentration 'μg mL−1' (according to the document context).
* Perform a strict replacement of the micro sign 'µ' (U+00B5) with the standard Greek letter 'μ' (U+03BC).
* Restore missing spaces between components of a complex dimension (e.g., 'μgmL−1' -> 'μg mL−1').
* Preserve original separators and operators present in the text (e.g., interpuncts 'μg · mL−1' or slashes 'μg/mL'), without standardizing them to a single style, unless it violates the physical meaning.

**Ignore (False positives):**
* Ignore units of measurement of linear dimensions or area (e.g., 'cm') describing the macroscopic physical dimensions of a solid catalyst (e.g., a film), as they do not reflect the concentration or mass of the substance in the reaction volume.
* Ignore units of measurement related to the mass of individual microcomponents of a composite (e.g., 'ng' strictly for a platinum core) or to the mass of reference natural enzymes (e.g., 'ng HRP'), extracting only the dimension for the target nanozyme as a whole.
* Ignore units of measurement of molar concentration (e.g., 'M') if they are syntactically tied exclusively to the calculated concentration of active sites '[E]' used as an intermediate parameter to calculate Kcat, provided the basic mass concentration of the catalyst itself is present in the description.


### Field: `ccat_value`
**Parameter essence:** The absolute practical mass or concentration of the catalyst (nanozyme) introduced into the reaction system to conduct steady-state kinetic measurements. The attribute determines the macroscopic amount of the entire synthesized composite material acting as a catalyst and is a fundamental parameter of the external experimental environment.
**Search condition:** Triggers strictly when there is a fixed value of the mass or concentration of the catalyst tied to the conditions of the steady-state kinetic experiment (plotting Michaelis-Menten curves).

**Processing steps:**
* Localize a numerical value in the text or tabular metadata describing the mass (µg, mg) or concentration (mg/mL, µg/mL, ppm, μM) of the catalyst fixed for conducting the kinetic analysis.
* In case of using different catalyst masses for different varied substrates (e.g., 35 µg for H2O2 and 55 µg for TMB within the same sentence), deterministically extract the value corresponding to the substrate of the current reaction.
* Extract exclusively the numerical value (integer or decimal fraction).
* Unconditionally cut off any units of measurement, chemical formulas, brackets, and text markers (e.g., '47.8 μg · mL−1' -> '47.8', '50 ppm' -> '50').

**Ignore (False positives):**
* Strictly ignore calculated molar concentrations of the catalyst (usually expressed in M and denoted as [E]) presented in summary tables of kinetic parameters for calculating the k_cat constant. Extract the primary mass or working concentration from the protocol description.
* Ignore the mass or fraction of an individual active metal/element within a complex composite (e.g., 'containing 250 ng Pt'). Extract the mass of the entire assembled composite material.
* Ignore physical dimensions, area, or volume of solid samples (e.g., '0.5 cm × 1 cm' for films). The attribute must be expressed in terms of mass or concentration.
* Ignore enumerations of concentrations used at the stage of selecting optimal conditions (e.g., '5, 15, 25... µg'). Extract the single fixed value applied when varying the substrate.
* Ignore catalyst amounts applied to investigate side activities (e.g., catalase) if the target profile is built for another activity (e.g., peroxidase).


### Field: `c_const`
**Parameter essence:** The fixed (constant) molar concentration of the co-substrate in the final reaction mixture during steady-state kinetic measurements (determination of Michaelis-Menten parameters), acting as a background condition when varying the concentration of the main investigated substrate.
**Search condition:** The presence of a steady-state kinetics (Michaelis-Menten) context where the 'varied substrate — fixed co-substrate' pair is explicitly specified.

**Processing steps:**
* Find the description of the kinetic experiment in the text and identify the co-substrate whose concentration is fixed (markers: 'fixed', 'was [X]', 'in the presence of') against the background of varying another component ('varying', 'different amounts').
* Capture the numerical value and its original unit of measurement (M, mM, μM).
* Convert all values to a single standard dimension — millimoles (mM). If the original value is in 'M' — multiply by 1000. If in 'μM' — divide by 1000.
* Discard units of measurement and text noise, returning strictly the final number (e.g., '210 μM' -> 0.21; '1 M' -> 1000).

**Ignore (False positives):**
* Ignore physical parameters of stock (initial) solutions: concentrations, mass fractions, or volumes of reagents prior to their dilution in the reaction mixture (e.g., '20 mg mL−1 in DMSO', '30% H2O2', '10 μL'). These are fundamentally different physical objects (precursors), not properties of the final environment.


### Field: `c_const_unit`
**Parameter essence:** The unit of measurement of the fixed (constant) molar concentration of the co-substrate (e.g., H2O2 or TMB) in the reaction mixture during kinetic assays. Denotes the dimension of the value that remains unchanged while the concentration of another substrate is varied.
**Search condition:** Extract only if the unit of measurement refers to the molar concentration of the fixed co-substrate in the final reaction mixture.

**Processing steps:**
* Find the value of the fixed co-substrate concentration in the text (often accompanied by the words 'fixed', 'constant' or indicated as an exact single value against the background of a varied range of another substrate).
* Capture the unit of measurement (M, mM, μM) syntactically tied to this numerical value.
* Clean the extracted string from brackets, spaces, and punctuation.
* Preserve the original case and prefix (M, mM, μM) without mathematical conversion to other orders of magnitude (unless otherwise dictated by a strict external standard).

**Ignore (False positives):**
* Ignore units of measurement of mass concentration (e.g., mg mL-1). The target attribute is always expressed in units of molarity (M, mM, μM).
* Ignore units of measurement of the concentration of intermediate or initial (stock) solutions (e.g., 'in DMSO'). Extract strictly the dimension of the final working concentration in the reaction medium.


### Field: `c_max`
**Parameter essence:** The exact numerical value of the maximum concentration of the varied substrate (e.g., H2O2, TMB) applied in a series of kinetic experiments to calculate enzyme activity parameters (according to the Michaelis-Menten model). The value represents the upper limit of the investigated concentration range or the maximum element of the array of specified concentrations, strictly normalized to the unit of measurement millimoles per liter (mM).
**Search condition:** The text must describe a kinetic experiment with an explicit indication of varying the concentration of the target substrate (markers: 'varying concentration', 'different amounts', 'ranging from', 'final working concentrations').

**Processing steps:**
* Find syntactic structures describing the change in substrate concentration (enumeration of an array of values 'X, Y, ..., Z mM' or indication of a continuous range 'from X to Z M').
* Isolate the maximum numerical value from the found array or extract the upper boundary of the specified range.
* Mandatorily convert the extracted value to a single dimension — millimolarity (mM). If the original value is specified in M (molarity) — multiply by 1000; if in μM (micromolarity) — divide by 1000; if in mM — leave unchanged.
* Write the final value as a decimal number (mathematical rounding to significant digits is allowed, e.g., recalculation of 832.2 μM -> 0.8322 mM with rounding to 0.832).

**Ignore (False positives):**
* Ignore inaccurate or vague concentration limits (e.g., with the '<' operator, such as '<2 M') that describe general background conditions for conducting the reaction or parameters for reference enzymes (native catalase), and not the specific upper boundary of the tested range for the target catalyst.


### Field: `c_max_unit`
**Parameter essence:** The unit of measurement of the maximum (or boundary) substrate concentration used in kinetic experiments. Reflects the physical dimension of the upper limit of the tested range or the maximum value from the array of concentrations.
**Search condition:** Extract and normalize the unit of measurement only if there is a valid numerical value of the maximum substrate concentration within the description of the kinetic analysis.

**Processing steps:**
* Find the physical dimension in the text (e.g., M, mM, μM) syntactically or contextually tied to the maximum numerical value in the array or range of concentrations of the target substrate (H2O2, TMB, etc.).
* Recognize the extracted string marker as a measure of the molar concentration of the substance in the reaction medium.
* If the original unit of measurement differs from millimolar (e.g., specified in moles 'M' or micromoles 'μM'), initiate conversion to 'mM'. This action must be strictly synchronized with the mathematical recalculation of the numerical value of the maximum concentration itself.
* Convert the final value to a single standard and write it strictly as 'mM'.


### Field: `c_min`
**Parameter essence:** The minimum concentration of the varied substrate in the kinetic experiment.
**Search condition:** Extract the value only for the substrate whose concentration is varied in the described kinetic experiment.

**Processing steps:**
* Identify the range or array of concentrations of the varied substrate.
* Extract the minimum value from the specified range or array.
* If necessary, recalculate the value into the target units of measurement (e.g., from M to mM by multiplying by 1000).
* Normalize the recording format (e.g., conversion to exponential format if required).

**Ignore (False positives):**
* Ignore minimum non-zero values from the array of concentrations if absolute zero (0) is present in the array. Zero is the true minimum of the variation range.


### Field: `c_min_unit`
**Parameter essence:** The physical unit of measurement of the minimum concentration of the target substrate in the reaction mixture, used to plot kinetic curves and calculate catalytic parameters. Absolute invariant: dimension of molar concentration.
**Search condition:** Extraction and normalization of the unit of measurement are performed only if there is a valid numerical value of the minimum substrate concentration within the kinetic experiment.

**Processing steps:**
* Localize the unit of measurement in the text (e.g., M, mM, μM) that is syntactically (at the end of the array/range) or contextually tied to the values of the varied substrate concentration.
* Identify the original scale of molar concentration.
* Forcibly standardize any extracted unit of measurement (M, μM) to millimolarity (mM). This transformation implies a synchronous mathematical recalculation of the numerical value of the concentration itself in the adjacent field.
* Regardless of the source text, always return the strictly formatted string constant 'mM'.


### Field: `depth`
**Parameter essence:** The third spatial (linear) dimension of the primary target nanoparticle as a single physical macro-object (depth/thickness). For isotropic particles (spherical, cubic), it is geometrically equivalent to their diameter or overall size. For anisotropic particles (e.g., nanorods), it is equivalent to the width of the cross-section. Describes the physical dimensions of the dry core of the particle (according to electron microscopy data).
**Search condition:** Extract the value strictly if there is a geometric connection (direct or contextual) between the specified parameter (diameter, size, width) and the third dimension of the target nanoparticle, confirmed by electron microscopy data (TEM, SEM, FESEM).

**Processing steps:**
* Find mentions of linear dimensions (diameter, size, width) related to the target nanoparticle.
* If the particle shape is isotropic (spherical, cube-like), translate the diameter or overall size value into the depth field. If the shape is anisotropic (nanorods), translate the width value into the depth field.
* If the text simultaneously indicates a wide distribution range (scattered from X to Y) or a general description (1-2 nm) and an exact average value (average diameter/size), prioritize extracting the exact average value.
* Clean the numerical value from text markers of approximation ('~', 'about', 'ca.', 'around'), units of measurement ('nm'), and statistical errors (cut off '± X').
* If an exact average value is missing, preserve the range in the format 'X-Y' or 'X−Y'.

**Ignore (False positives):**
* Ignore crystallite or grain size calculated by the Debye-Scherrer equation (XRD), as it describes the internal microstructure of the material, not the external dimensions of the entire particle.
* Ignore the thickness of macroscopic films (film thickness) formed on a substrate, as this is a characteristic of a continuous coating, not an individual nanoparticle.
* Ignore the sizes of secondary structures or agglomerates (e.g., micro-flowers) assembled from primary nanoparticles.
* Ignore the sizes of small surface subparticles or domains distributed on the surface of the main (target) nanoparticle.
* Ignore the hydrodynamic diameter measured by the DLS method, as it includes the solvation shell and conceptually differs from the physical size of the dry core.


### Field: `depth_unit`
**Parameter essence:** The unit of measurement of the spatial extent (depth/thickness) of the target nanostructure. In the context of isotropic (spherical) or complex particles, it is semantically and syntactically equivalent to the unit of measurement of the overall size, diameter, or width characterizing the physical dimensions of the investigated object.
**Search condition:** The presence in the text of an explicit numerical value of a linear dimension attributed to the target nanoparticle.

**Processing steps:**
* Identify a numerical value or range in the text describing the linear dimension (depth, thickness, diameter, width, or overall size) of the target nanoparticle.
* Extract the string token of the unit of measurement (e.g., 'nm') immediately adjacent to the found numerical value.
* If only 'diameter', 'width', or 'overall size' is specified in the text, conceptually inherit (copy) this unit of measurement for the 'depth_unit' field, since these metrics use a single dimension for nanoparticles.
* Normalize format: clean the extracted string from the surrounding context, brackets, and punctuation, returning strictly the letter designation (e.g., 'nm').

**Ignore (False positives):**
* Ignore units of measurement of linear dimensions related to secondary, auxiliary, or attached microcomponents (e.g., decorating nanoparticles) if the main/carrier nanostructure acts as the target object (Macro_System) within the current profile.


### Field: `formula`
**Parameter essence:** The standardized basic chemical formula or generally accepted structural abbreviation (e.g., MMT) of the target catalytically active nanomaterial (nanozyme). Describes the fundamental macro-composition of the object, completely abstracting from its physical morphology, structural epithets, and functional roles in the text.
**Search condition:** Extract the value only for those materials that act as the main investigated catalyst (nanozyme) or a direct control sample within the described experiment.

**Processing steps:**
* Find the mention of the target nanomaterial in the text (in the form of a verbal name, raw abbreviation, or composite formula).
* Convert full trivial or nomenclature names of chemical substances into their strict chemical symbols or standardized abbreviations (e.g., 'gold' -> 'Au', 'platinum' -> 'Pt', 'Iron selenide' -> 'FeSe', 'Montmorillonite' -> 'MMT').
* Cut off any words denoting shape, size, or state of aggregation from the formula (e.g., 'NPs', 'NRs', 'nanobelts', 'nanocrystals', 'thin film').
* Remove text descriptions of architecture or role (e.g., 'core-shell', 'alloy', 'seeds').
* Remove irrelevant synthesis prefixes (e.g., 'NH-' from 'NH-MoO3−x') and redundant exact stoichiometric indices of specific batches if the basic formula of the class is required (e.g., 'Au@Pt3.15' -> 'Au@Pt').
* Preserve structural separators of composites and core-shell structures ('-', '@').

**Ignore (False positives):**
* Ignore micro-states of components: do not extract formulas describing specific valence states or ions of individual elements (e.g., 'Pt0', 'Pt2+') if the goal is the general formula of the macro-material.
* Ignore intermediate phases and precursors: do not extract complex crystallographic formulas of intercalates or hydrated complexes (e.g., '[Na(H2O)2]0.25MoO3') describing intermediate structural states instead of the final basic formula of the target nanozyme.


### Field: `km_unit`
**Parameter essence:** The unit of measurement of the Michaelis constant (Km). Denotes the dimension of the substrate concentration at which the rate of the catalytic (enzymatic or pseudo-enzymatic) reaction reaches half of the maximum (Vmax).
**Search condition:** The presence of an explicit mention of the Michaelis constant (Km, KM, Kappm) in conjunction with a numerical value or in the structure of a table header.

**Processing steps:**
* Find the Michaelis constant marker (Km, KM, Kappm) in the text or table header and localize the dimension associated with it (following the number or indicated in brackets in the header).
* Capture the raw dimension string.
* Remove any framing syntactic elements, such as round '()' or square '[]' brackets.
* Replace non-standard typographical symbols (e.g., em dash or minus '−') with a standard hyphen ('-').
* Separate compound units of measurement written together with a space to standardize them (e.g., transform 'mmolL-1' to 'mmol L-1').


### Field: `km_value`
**Parameter essence:** The numerical value of the Michaelis constant (Km), reflecting the catalyst affinity (enzyme or nanozyme) for a specific substrate. Represents the substrate concentration at which the rate of the catalytic reaction reaches half of the maximum (Vmax).
**Search condition:** The presence of an explicit syntactic or tabular connection of the extracted number with the Km parameter (Michaelis constant) for the investigated catalytic system.

**Processing steps:**
* Find a numerical value in the text or table explicitly associated with the Michaelis constant parameter (denoted as Km, K_M, K_m^app) for the target catalyst and specific substrate.
* When enumerating several kinetic parameters (e.g., 'Km and Vmax values... were X and Y respectively'), strictly match the order of numerical values with the order of parameter names.
* When parameters are written together (e.g., 'Km/Vmax = X/Y'), isolate only the value related to Km.
* Extract strictly the numerical value.
* Cut off any units of measurement (mM, mmol L−1, etc.).
* Mandatorily remove trailing non-significant zeros in decimal fractions (e.g., '120.0' -> '120', '546.60' -> '546.6', '92.30' -> '92.3', '1.90' -> '1.9').


### Field: `length`
**Parameter essence:** The physical linear dimension (diameter, length, or averaged dimension) of the primary target nanoparticle as a whole (solid core), usually determined by electron microscopy methods (TEM, SEM).
**Search condition:** Extract the value only for the physical core of the primary nanoparticle, confirmed by direct visualization methods (TEM/SEM), ignoring indirect hydrodynamic and crystallographic metrics.

**Processing steps:**
* Find a numerical value or range describing the geometric dimension (size, diameter, length) of the target nanoparticle.
* Project specific geometric terms ('diameter' for spherical particles, 'size' for cubic ones) onto the universal 'length' attribute.
* Remove text and symbol markers of approximation ('~', 'about', 'ca.', 'mainly').
* Discard units of measurement ('nm') and values of statistical error/standard deviation ('± X.XX'), leaving only the basic average.
* If an exact average value is missing, extract the range entirely, normalizing the separator (replace dash, em dash, or the word 'to' with a hyphen '-').
* When enumerating an array of sizes for different synthesized fractions, extract only the value that relates to the fraction used in the target (e.g., kinetic) assays.

**Ignore (False positives):**
* Crystallite/grain size calculated by XRD methods (e.g., by the Debye-Scherrer equation). Describes the size of the internal crystal lattice/domain, not the physical boundaries of the particle itself.
* Hydrodynamic diameter measured by the DLS method. Includes the solvation shell or protein corona, which ontologically differs from the size of the solid metal/oxide core.
* Size of macrostructures and agglomerates (e.g., micro-flowers, clusters). Characterizes secondary assemblies, not primary nanoparticles.
* Size of surface domains or small subparticles (smaller particles distributed on the surface) that are merely a microcomponent of the shell, not the target anchor particle.
* Wide population distribution range (scattered from X to Y) if a representative average value (average size) for the same population is explicitly calculated and presented in the context.


### Field: `length_unit`
**Parameter essence:** A strict metric unit of measurement (e.g., nanometers - nm) used to quantitatively express the linear geometric parameters (diameter, length, width, average size) of the target nanoparticle or investigated macro-system.
**Search condition:** The presence in the text of a quantitative assessment of the linear dimension of the target object, accompanied by an explicit indication of the metric dimension.

**Processing steps:**
* Localize the unit of measurement token immediately following the numerical value, range (e.g., '5−20'), or enumeration of numbers describing the dimensions (size, diameter, length, width) of the target object.
* Verify that the extracted token belongs to the class of standard metric units of length.
* Isolate the unit of measurement from numerical values, spaces, brackets, punctuation marks, and approximation symbols (~, ca., ±).
* Return a strictly normalized string literal (e.g., 'nm').

**Ignore (False positives):**
* Isolation of secondary objects: Ignore units of measurement if they are syntactically tied to the sizes of secondary structural elements (e.g., decorating particles, substrates, internal microcomponents of a composite, such as PtFe NRs or MMT layers), and not to the main target system.
* Isolation of other physical metrics: Ignore units of measurement describing internal structural characteristics that are not external dimensions of the object (e.g., interplanar spacing of the crystal lattice - lattice spacing).


### Field: `ph`
**Parameter essence:** The exact value of the hydrogen ion exponent (pH) of the external reaction medium (buffer solution) fixed for conducting steady-state kinetic assays or approved as optimal for the target catalytic reaction.
**Search condition:** The value must be exact (Exact_Value) and unambiguously characterize the environment of the final kinetic experiment or the recognized optimum. Capture triggers only on specific numbers, excluding intervals.

**Processing steps:**
* Identify the numerical value associated with the lexical markers 'pH', 'pH =' or 'pH of', located in the context of describing the reaction buffer or optimal conditions.
* Isolate the number from syntactic wrapping (brackets, text prefixes).
* Perform mathematical format normalization: discard non-significant zeros in the fractional part, reducing it to an integer (e.g., strictly convert '4.0' to '4', '5.0' to '5').
* Preserve values with true significant fractional parts without rounding (e.g., '3.8', '4.5', '7.4' remain unchanged).

**Ignore (False positives):**
* Ignore screening ranges (Fuzzy_Or_Range, e.g., '3 to 12', '2.0–8.0', '4 to 6'): these are broad research intervals used to find the optimum, not the target fixed conditions of the final kinetic analysis.
* Ignore extreme or boundary values (e.g., 'up to pH 12') describing limits of stability, endurance, or side activity trends if they are not the approved working parameter for calculating kinetics.


### Field: `reaction_type`
**Parameter essence:** The type of catalytic reaction, strictly determined by the combination of participating substrates and co-substrates (e.g., electron donor and oxidant), standardized as a formula of their joint presence in the reaction medium.
**Search condition:** The presence in the text of a description of a catalytic (kinetic) experiment indicating the participating substrates, regardless of whether they are presented as an enumeration of reagents, the name of an oxidation process, or an abbreviation of the reaction system.

**Processing steps:**
* Find all mentions of chemical substrates and co-substrates participating in the reaction in the text. Extract them even if they are presented as process names (e.g., 'oxidation of TMB', 'TMB oxidations') or system names ('H2O2-TMB system', 'TMB/H2O2').
* Convert full verbal names of chemical substances (e.g., 'hydrogen peroxide', '3,3′,5,5′-tetramethylbenzidine') into their generally accepted short chemical formulas or abbreviations ('H2O2', 'TMB').
* If only one substrate (e.g., the varied one) is specified in a local sentence or table cell, but the mandatory presence of a co-substrate (H2O2) unambiguously follows from the general context of the experiment (e.g., 'peroxidase-like activity'), restore the missing element.
* Analyze the roles of reagents in the experiment. The substrate whose concentration is varied (varying concentration) must be placed first. The substrate whose concentration is fixed (fixed concentration) is placed second.
* Combine the standardized reagent names into a single string using the separator ' + ' (e.g., 'H2O2 + TMB' or 'TMB + H2O2'). If the reaction involves only one substrate (e.g., catalase activity), leave it without concatenation (e.g., 'H2O2').


### Field: `surface`
**Parameter essence:** A purposefully used chemical compound, polymer, or biological macromolecule forming the external coating (shell), stabilizing layer, or matrix for the synthesis of an individual nanoparticle. Acts as a surface modifier that prevents agglomeration and determines the physicochemical properties of the nanozyme interface.
**Search condition:** Triggers when there is a contextual or syntactic indication that the molecule forms a surface layer, stabilizes the nanoparticle in solution, or serves as a matrix for its nucleation.

**Processing steps:**
* Find chemical or biological agents in the text syntactically associated with processes of coating ('coated with'), modification ('modified with'), stabilization ('capped'), or acting as a matrix ('nucleation substrate').
* If the text provides the full name and its abbreviation/synonym, convert the value to the canonical form used in the study (e.g., 'polyethylene glycol' -> 'PEG', 'bovine serum albumin' -> 'BSA', 'apoFt' -> 'apoferritin').
* Cut off specifications of molecular weight (e.g., 'PEG 6000' -> 'PEG'), degree of hydration (e.g., 'trisodium citrate dihydrate' -> 'trisodium citrate'), and indications of ionic state (e.g., 'citrate anions' -> 'citrate').
* Replace non-standard symbols (e.g., en dash '–' with a hyphen '-') in complex polymer names ('PEG–VE' -> 'PEG-VE'). Return the cleaned string.

**Ignore (False positives):**
* Ignore macroscopic carriers and substrates (e.g., Montmorillonite/MMT) used as an external medium for dispersing finished nanoparticles; extract strictly molecular ligands and polymers forming the micro-particle's own shell.
* Ignore residual reagents (e.g., ascorbic acid) accidentally present on the surface as a byproduct of the reduction reaction if they were not purposefully applied as a stabilizing coating.
* Ignore primary/intermediate ligands (e.g., oleylamine, oleic acid) if the description of the multi-stage synthesis explicitly states that they are washed away, replaced, or covered by the final target modifier (e.g., PEG-VE).


### Field: `syngony`
**Parameter essence:** The fundamental geometric symmetry of the crystal lattice (basic syngony/crystal system) of the target nanomaterial or its isolated phases, determining the macroscopic spatial organization of atoms.
**Search condition:** Extract the value if there is a direct indication of the type of crystal lattice of the material, usually in the context of interpreting structural analysis data (XRD, HRTEM).

**Processing steps:**
* Find terms in the text describing the crystal structure, phase, Bravais lattice type, or structural motif (e.g., cubic, tetragonal, orthorhombic, face-centered cubic, fcc, fluorite).
* Translate specific subtypes of Bravais lattices (e.g., 'face-centered cubic', 'fcc') and names of mineralogical structural types (e.g., 'fluorite') into their fundamental syngony class (in these cases -> 'cubic').
* Isolate the target value from contextual noise (remove the words 'phase', 'structure', 'crystal') and return strictly one word in lowercase denoting the basic syngony (e.g., 'cubic', 'tetragonal', 'orthorhombic').


### Field: `temperature`
**Parameter essence:** The exact numerical value of the temperature (in degrees Celsius) at which the main kinetic or catalytic measurements were conducted.
**Search condition:** The presence of a direct syntactic or contextual connection of the value with conducting the kinetic analysis (e.g., 'carried out at', 'completed at') or an explicit statement of the value as optimal/standard for subsequent measurements.

**Processing steps:**
* Identify the numerical value of the temperature related to the kinetic experiment.
* Extract only numbers.
* Remove all units of measurement and symbols (e.g., '°C', 'C', spaces).

**Ignore (False positives):**
* Ignore temperature ranges (e.g., '10–70 °C', '4 to 85 °C') used to find the optimum or check stability.
* Ignore inaccurate qualitative descriptions (e.g., 'room temperature') if they are not accompanied by an exact numerical equivalent that can be extracted.
* Ignore extremes (e.g., degradation temperature or maximum activity) if they are not the selected standard temperature for the kinetic analysis.


### Field: `vmax_unit`
**Parameter essence:** The physical unit of measurement of the maximum rate of the catalytic or enzymatic reaction (Vmax), reflecting the change in the concentration of a substance (substrate or product) per unit of time.
**Search condition:** Extract strictly in the context of describing the kinetic parameter Vmax (maximum reaction rate), ignoring units of measurement of other parameters (e.g., Km, Kcat).

**Processing steps:**
* Extract the text block denoting the dimension of the Vmax parameter. Look in table column headers (usually inside round or square brackets) or in continuous text immediately after the numerical value of Vmax.
* If the dimension is specified together with a scale multiplier (e.g., '10−8', '×10−7'), extract it as an integral part of the unit of measurement string.
* Remove HTML tags (e.g., <sup>, <sub>, <th>, <tr>).
* Convert superscripts written via curly braces or tags into linear text (e.g., 's^{−1}' -> 's−1').
* Replace typographical multiplication signs ('×') with the Latin letter 'x'.
* Replace typographical minus signs ('−') with standard hyphens ('-').
* Convert the string to a single concatenation format (attention: external standardization is required, as the current markup chaotically adds or removes spaces between concentration and time).


### Field: `vmax_value`
**Parameter essence:** The maximum rate of the enzymatic or catalytic reaction (Vmax). A quantitative kinetic characteristic reflecting the limit rate of product formation (or substrate consumption) by the catalytic system under the condition of complete saturation of the catalyst with the substrate.
**Search condition:** The presence of an explicit marker of the maximum rate kinetic parameter (Vmax, Vm) in the local syntactic context or table header hierarchy.

**Processing steps:**
* Find the base numerical value syntactically or structurally (in a table) tied to the maximum rate parameter (denoted as Vmax, Vm, vmax) for a specific 'catalyst-substrate' pair.
* Mandatorily check table column/row headers or preceding text for the presence of factored-out common dimension multipliers (e.g., '10^−8', '×10^−7').
* If the number is written in exponential form (e.g., '8.32 × 10^−8') or has a multiplier factored out in the header, perform strict mathematical multiplication of the base number by the order of magnitude (mantissa).
* Convert the final calculated value into a standardized machine-readable format: either an exact decimal fraction (e.g., '0.0000000832') or scientific E-notation (e.g., '8.32E-08'). Arbitrary rounding of significant digits of the original value is categorically prohibited.


### Field: `width`
**Parameter essence:** The transverse linear dimension (width) of the primary nanoparticle. For isotropic morphologies (spherical, cubic particles), the width is geometrically equivalent to the diameter or basic 'size'. For anisotropic structures (nanorods, nanobelts), the width represents the transverse dimension perpendicular to the length. Characterizes the physical dimensions of the solid inorganic core.
**Search condition:** Capture the value only if there is a direct syntactic or contextual connection of the size to the target primary nanoparticle, confirmed by direct visualization methods (TEM, SEM), strictly excluding indirect (XRD) and liquid-phase (DLS) metrics.

**Processing steps:**
* Find numerical values describing the width, diameter, or overall size of the target nanoparticle.
* Based on morphology data, translate the diameter (for spherical particles) or overall size (for cubic particles) into the target width parameter.
* If the text simultaneously provides a wide size distribution range and an exact average size, prioritize extracting the average size.
* If an array of sizes for a series of syntheses is presented, extract the value corresponding to the specific target experiment.
* In the presence of a value indicating statistical error (e.g., '1.87 ± 0.40'), cut off the error and extract exclusively the basic average value.
* Remove text markers of approximation ('~', 'about', 'ca.', 'mainly') and units of measurement ('nm').
* Preserve the exact numerical value or range (in the format 'X-Y' or 'X-Y') if an exact average value is missing.

**Ignore (False positives):**
* Ignore crystallite/grain size, often calculated by X-ray diffraction methods (e.g., by the Debye-Scherrer formula). The target is the physical size of the entire nanoparticle.
* Ignore the sizes of secondary superstructures and macro-aggregates (e.g., micro-flowers) assembled from multiple primary nanoparticles. Extract the size strictly of the primary structural unit.
* Ignore the sizes of small surface domains or subparticles distributed on the surface of the main nanoparticle or forming its porous shell.
* Ignore the hydrodynamic diameter measured by the DLS method, as it includes the solvation shell and possible organic capsules (e.g., protein cages). The target is the size of the solid core (usually according to TEM/SEM data).


### Field: `width_unit`
**Parameter essence:** The unit of measurement of the transverse linear dimension (width, diameter, or equivalent dimension) of the investigated nanoparticle or its structural component.
**Search condition:** The presence in the text of a quantitative value explicitly describing the transverse dimension (width, diameter, size) of the target object, accompanied by a physical unit of measurement.

**Processing steps:**
* Search the text for numerical values or ranges semantically describing the width, diameter, or average size of nanoparticles.
* Tie the found unit of measurement to the corresponding physical parameter, even if it is specified once for a range (e.g., '5-20 nm') or inherited from the context.
* Exact extraction of the symbolic designation of the unit of measurement (e.g., 'nm') with the cutting off of numerical values, spaces, brackets, and punctuation marks.

[[ ## tip ## ]]
Keep the instruction clear and concise.

Respond with the corresponding output fields, starting with the field `[[ ## proposed_instruction ## ]]`, and then ending with the marker for `[[ ## completed ## ]]`.


[31mResponse:[0m

[32m[[ ## proposed_instruction ## ]]
# Nanozyme Kinetic Data Extraction Instruction

You are an expert scientific data extraction assistant. Your task is to extract structured kinetic and material property data from nanozyme research articles using Chain-of-Thought reasoning.

## Task Overview
Read the scientific text carefully and extract standardized records of catalytic activity data. Each record should represent a unique combination of nanozyme, enzyme-like activity, substrate, and experimental conditions where Michaelis-Menten kinetic parameters (Km, Vmax) were calculated.

## Reasoning Process
Before extracting data, think through these steps:
1. **Identify the target nanozyme**: Determine which artificial nanomaterial is being characterized in this study
2. **Locate kinetic experiments**: Find sections describing steady-state kinetic measurements with varied substrate concentrations
3. **Verify eligibility**: Confirm the experiment includes calculated Km and Vmax values (exclude literature data, natural enzymes, or experiments without full kinetics)
4. **Extract systematically**: For each valid experiment, populate all applicable fields following the normalization rules below

## Extraction Rules

### Record Creation Criteria
- **Include**: Unique nanozymes synthesized/characterized in this study with calculated Km and Vmax
- **Exclude**: Natural enzymes, literature-referenced catalysts, experiments without Michaelis-Menten kinetics

### Field Extraction Guidelines

| Field | Description | Key Processing Rules |
|-------|-------------|---------------------|
| `activity` | Enzyme-like activity type | Normalize to lowercase (peroxidase, catalase, oxidase); remove '-like', '-mimic' suffixes |
| `formula` | Chemical formula of nanozyme | Extract base formula only; remove morphology descriptors (NPs, NRs, nanocrystals) |
| `km_value`, `km_unit` | Michaelis constant | Extract numerical value separately from unit; remove trailing zeros |
| `vmax_value`, `vmax_unit` | Maximum reaction rate | Apply any factored-out multipliers from table headers; preserve scientific notation |
| `ccat_value`, `ccat_unit` | Catalyst concentration | Extract working concentration from kinetic protocol (not stock solutions) |
| `c_const`, `c_const_unit` | Fixed co-substrate concentration | Convert to mM; identify the non-varied substrate |
| `c_min`, `c_max`, `c_min_unit`, `c_max_unit` | Varied substrate range | Extract min/max from concentration range; normalize units to mM |
| `length`, `width`, `depth`, `length_unit`, `width_unit`, `depth_unit` | Particle dimensions | Extract from TEM/SEM data only; exclude XRD crystallite size and DLS hydrodynamic diameter |
| `ph` | Reaction pH | Extract exact value from kinetic experiment; exclude screening ranges |
| `temperature` | Experimental temperature | Extract numerical value in Celsius only |
| `reaction_type` | Substrate combination | Format as 'Substrate1 + Substrate2' (varied substrate first) |
| `surface` | Surface coating/modifier | Extract stabilizing ligands or polymers (PEG, BSA, citrate, etc.) |
| `syngony` | Crystal system | Normalize to basic syngony class (cubic, tetragonal, orthorhombic, etc.) |

### Quality Checks
- Return `null` for any field where valid data cannot be found
- Ensure units are properly separated from numerical values
- Verify extracted values match the specific kinetic experiment context
- Cross-reference table data with text descriptions for consistency

## Output Format
Generate your response with:
1. **Reasoning**: Step-by-step analysis of how you identified records and extracted each field
2. **Extracted Data**: JSON array of record objects with all applicable fields populated

[[ ## completed ## ]][0m





PROPOSED INSTRUCTION: # Nanozyme Kinetic Data Extraction Instruction

You are an expert scientific data extraction assistant. Your task is to extract structured kinetic and material property data from nanozyme research articles using Chain-of-Thought reasoning.

## Task Overview
Read the scientific text carefully and extract standardized records of catalytic activity data. Each record should represent a unique combination of nanozyme, enzyme-like activity, substrate, and experimental conditions where Michaelis-Menten kinetic parameters (Km, Vmax) were calculated.

## Reasoning Process
Before extracting data, think through these steps:
1. **Identify the target nanozyme**: Determine which artificial nanomaterial is being characterized in this study
2. **Locate kinetic experiments**: Find sections describing steady-state kinetic measurements with varied substrate concentrations
3. **Verify eligibility**: Confirm the experiment includes calculated Km and Vmax values (exclude literature data, natural enzymes, or experiments without full kinetics)
4. **Extract systematically**: For each valid experiment, populate all applicable fields following the normalization rules below

## Extraction Rules

### Record Creation Criteria
- **Include**: Unique nanozymes synthesized/characterized in this study with calculated Km and Vmax
- **Exclude**: Natural enzymes, literature-referenced catalysts, experiments without Michaelis-Menten kinetics

### Field Extraction Guidelines

| Field | Description | Key Processing Rules |
|-------|-------------|---------------------|
| `activity` | Enzyme-like activity type | Normalize to lowercase (peroxidase, catalase, oxidase); remove '-like', '-mimic' suffixes |
| `formula` | Chemical formula of nanozyme | Extract base formula only; remove morphology descriptors (NPs, NRs, nanocrystals) |
| `km_value`, `km_unit` | Michaelis constant | Extract numerical value separately from unit; remove trailing zeros |
| `vmax_value`, `vmax_unit` | Maximum reaction rate | Apply any factored-out multipliers from table headers; preserve scientific notation |
| `ccat_value`, `ccat_unit` | Catalyst concentration | Extract working concentration from kinetic protocol (not stock solutions) |
| `c_const`, `c_const_unit` | Fixed co-substrate concentration | Convert to mM; identify the non-varied substrate |
| `c_min`, `c_max`, `c_min_unit`, `c_max_unit` | Varied substrate range | Extract min/max from concentration range; normalize units to mM |
| `length`, `width`, `depth`, `length_unit`, `width_unit`, `depth_unit` | Particle dimensions | Extract from TEM/SEM data only; exclude XRD crystallite size and DLS hydrodynamic diameter |
| `ph` | Reaction pH | Extract exact value from kinetic experiment; exclude screening ranges |
| `temperature` | Experimental temperature | Extract numerical value in Celsius only |
| `reaction_type` | Substrate combination | Format as 'Substrate1 + Substrate2' (varied substrate first) |
| `surface` | Surface coating/modifier | Extract stabilizing ligands or polymers (PEG, BSA, citrate, etc.) |
| `syngony` | Crystal system | Normalize to basic syngony class (cubic, tetragonal, orthorhombic, etc.) |

### Quality Checks
- Return `null` for any field where valid data cannot be found
- Ensure units are properly separated from numerical values
- Verify extracted values match the specific kinetic experiment context
- Cross-reference table data with text descriptions for consistency

## Output Format
Generate your response with:
1. **Reasoning**: Step-by-step analysis of how you identified records and extracted each field
2. **Extracted Data**: JSON array of record objects with all applicable fields populated
Using a randomly generated configuration for our grounded proposer.
Selected tip: creative
PROGRAM DESCRIPTION: This program is designed to solve **structured information extraction tasks from unstructured text documents** in a task-agnostic manner. It leverages Chain-of-Thought (CoT) reasoning to improve extraction accuracy. The system works by:  
1. Accepting a customizable `signature_class` (defining input/output fields for the extraction task) during initialization.  
2. Wrapping this signature with a `dspy.ChainOfThought` module to guide the language model through step-by-step reasoning.  
3. Processing input `document_text` through the CoT pipeline to generate structured predictions aligned with the signature.  
4. Supporting persistence via `save`/`load` methods for deployment.  
The "task-agnostic" design allows it to adapt to diverse extraction schemas (e.g., entity extraction, relation parsing, or form filling) by simply changing the signature class.
task_demos No task demos provided.




[34m[Unknown time][0m

[31mSystem message:[0m

Your input fields are:
1. `dataset_description` (str): A description of the dataset that we are using.
2. `program_code` (str): Language model program designed to solve a particular task.
3. `program_description` (str): Summary of the task the program is designed to solve, and how it goes about solving it.
4. `module` (str): The module to create an instruction for.
5. `module_description` (str): Description of the module to create an instruction for.
6. `task_demos` (str): Example inputs/outputs of our module.
7. `basic_instruction` (str): Basic instruction.
8. `tip` (str): A suggestion for how to go about generating the new instruction.
Your output fields are:
1. `proposed_instruction` (str): Propose an instruction that will be used to prompt a Language Model to perform this task.
All interactions will be structured in the following way, with the appropriate values filled in.

[[ ## dataset_description ## ]]
{dataset_description}

[[ ## program_code ## ]]
{program_code}

[[ ## program_description ## ]]
{program_description}

[[ ## module ## ]]
{module}

[[ ## module_description ## ]]
{module_description}

[[ ## task_demos ## ]]
{task_demos}

[[ ## basic_instruction ## ]]
{basic_instruction}

[[ ## tip ## ]]
{tip}

[[ ## proposed_instruction ## ]]
{proposed_instruction}

[[ ## completed ## ]]
In adhering to this structure, your objective is: 
        Use the information below to learn about a task that we are trying to solve using calls to an LM, then generate a new instruction that will be used to prompt a Language Model to better solve the task.


[31mUser message:[0m

[[ ## dataset_description ## ]]
This dataset pairs full-text scientific articles on nanozymes with structured experimental metadata, prioritizing fundamental kinetic parameters and material properties over application-specific performance metrics. The extraction schema normalizes diverse scientific notation and aggregates distributed information across document sections, including Supporting Information, to create standardized records of catalytic activity. Consequently, the data is optimized for Information Extraction tasks aimed at building comprehensive databases of nanomaterial properties.

[[ ## program_code ## ]]


class UniversalExtractor(BaseAgent, dspy.Module, metaclass=UniversalExtractorMeta):
    """Task-agnostic extraction agent.

    Wraps a specific task signature with Chain-of-Thought reasoning.
    """

    def __init__(self, signature_class: Type[dspy.Signature]):
        """Initialize the UniversalExtractor."""
        BaseAgent.__init__(self)
        dspy.Module.__init__(self)
        self.prog = dspy.ChainOfThought(signature_class)

    def forward(self, document_text: str) -> dspy.Prediction:
        """Execute the extraction pipeline."""
        return self.prog(document_text=document_text)

    def save(self, path: str) -> None:
        """Save the agent to a file."""
        dspy.Module.save(self, path)

    def load(self, path: str) -> None:
        """Load the agent from a file."""
        dspy.Module.load(self, path)


[[ ## program_description ## ]]
This program is designed to solve **structured information extraction tasks from unstructured text documents** in a task-agnostic manner. It leverages Chain-of-Thought (CoT) reasoning to improve extraction accuracy. The system works by:  
1. Accepting a customizable `signature_class` (defining input/output fields for the extraction task) during initialization.  
2. Wrapping this signature with a `dspy.ChainOfThought` module to guide the language model through step-by-step reasoning.  
3. Processing input `document_text` through the CoT pipeline to generate structured predictions aligned with the signature.  
4. Supporting persistence via `save`/`load` methods for deployment.  
The "task-agnostic" design allows it to adapt to diverse extraction schemas (e.g., entity extraction, relation parsing, or form filling) by simply changing the signature class.

[[ ## module ## ]]
Predict(document_text) -> reasoning, extracted_data

[[ ## module_description ## ]]
This module represents the core Chain-of-Thought inference engine wrapped by the UniversalExtractor. It accepts the raw `document_text` as input and orchestrates the language model to generate intermediate `reasoning` steps prior to producing the final `extracted_data`. By enforcing this reasoning phase, the module ensures high-quality structured extraction that aligns with the specific fields defined in the task's signature class.

[[ ## task_demos ## ]]
No task demos provided.

[[ ## basic_instruction ## ]]
# Data Extraction Instruction

You are an AI assistant specializing in the accurate extraction of structured data from scientific texts. Your task is to read the text and generate a JSON array of objects (records), strictly following the filtering and processing rules below.

## 1. Rules for Creating Records

Determine which objects deserve a separate record in the final array. Create a new record (row) only if the following conditions are met:

* Create a record for each unique artificial nanomaterial (nanozyme) synthesized or primarily characterized within the current study.
* Create a record for each unique type of enzyme-like activity.
* Create a record for each specific varied substrate.
* Create a record for each specific environmental condition or modulator.
* Extract only those combinations for which the authors have calculated detailed steady-state kinetic parameters (Km, Vmax).

**Strictly ignore and do not create records in the following cases:**
* Ignore natural enzymes (e.g., HRP, native catalase).
* Ignore literature data (Literature References) and catalysts whose kinetic parameters are transferred from previous publications.
* Ignore alternative catalytic modalities and processes not related to Michaelis-Menten enzyme-like kinetics.
* Ignore intermediate states, physical mixtures without detailed kinetics, and highly specialized applied probes if fundamental calculation of Km and Vmax constants is not performed for them.

---

## 2. Rules for Populating Fields

For each created record, find and extract the following fields. Apply the described processing steps. If a valid value for a field is missing in the text, return `null`.

### Field: `activity`
**Parameter essence:** The type of enzyme-like catalytic activity (e.g., peroxidase, catalase, oxidase) mimicked by the investigated nanomaterial (nanozyme).
**Search condition:** Extract the value strictly in relation to the local experimental context (substrate, reaction conditions, or a specific table row). If multiple types of activity are listed in the text (multiple instances), capture only the type that is physically realized in the currently described process (e.g., oxidation of TMB in the presence of H2O2 determines the choice of 'peroxidase', O2 evolution — 'catalase').

**Processing steps:**
* Find mentions of catalytic activity in the text (terms with enzyme names, abbreviations POD, HRP, CAT, OXD, as well as descriptive phrases like 'enzyme-catalysis capability', 'artificial peroxidase').
* Convert abbreviations and specific biological analogies into standardized basic enzyme names (e.g., 'POD' -> 'peroxidase', 'HRP-like' -> 'peroxidase', 'CAT' -> 'catalase', 'OXD' -> 'oxidase').
* Cut off similarity suffixes ('-like', '-mimic'), as well as dependent words denoting a process or property ('activity', 'properties', 'catalysis', 'artificial').
* Convert the final cleaned enzyme name strictly to lowercase (e.g., 'Peroxidase' -> 'peroxidase').


### Field: `ccat_unit`
**Parameter essence:** The unit of measurement of a physical quantity (mass, mass or molar concentration) describing the quantitative content of the main catalyst (nanozyme) in the reaction system during kinetic assays.
**Search condition:** Triggers only when there is a direct syntactic or contextual connection of the unit of measurement with the quantitative parameter of the investigated nanozyme added to the reaction medium.

**Processing steps:**
* Localize a numerical value in the text denoting the amount or concentration of the target catalyst, and capture the unit of measurement following it.
* If the unit of measurement is expressed as a relative value 'ppm' (parts per million), conceptually convert it to the equivalent mass-volume concentration 'μg mL−1' (according to the document context).
* Perform a strict replacement of the micro sign 'µ' (U+00B5) with the standard Greek letter 'μ' (U+03BC).
* Restore missing spaces between components of a complex dimension (e.g., 'μgmL−1' -> 'μg mL−1').
* Preserve original separators and operators present in the text (e.g., interpuncts 'μg · mL−1' or slashes 'μg/mL'), without standardizing them to a single style, unless it violates the physical meaning.

**Ignore (False positives):**
* Ignore units of measurement of linear dimensions or area (e.g., 'cm') describing the macroscopic physical dimensions of a solid catalyst (e.g., a film), as they do not reflect the concentration or mass of the substance in the reaction volume.
* Ignore units of measurement related to the mass of individual microcomponents of a composite (e.g., 'ng' strictly for a platinum core) or to the mass of reference natural enzymes (e.g., 'ng HRP'), extracting only the dimension for the target nanozyme as a whole.
* Ignore units of measurement of molar concentration (e.g., 'M') if they are syntactically tied exclusively to the calculated concentration of active sites '[E]' used as an intermediate parameter to calculate Kcat, provided the basic mass concentration of the catalyst itself is present in the description.


### Field: `ccat_value`
**Parameter essence:** The absolute practical mass or concentration of the catalyst (nanozyme) introduced into the reaction system to conduct steady-state kinetic measurements. The attribute determines the macroscopic amount of the entire synthesized composite material acting as a catalyst and is a fundamental parameter of the external experimental environment.
**Search condition:** Triggers strictly when there is a fixed value of the mass or concentration of the catalyst tied to the conditions of the steady-state kinetic experiment (plotting Michaelis-Menten curves).

**Processing steps:**
* Localize a numerical value in the text or tabular metadata describing the mass (µg, mg) or concentration (mg/mL, µg/mL, ppm, μM) of the catalyst fixed for conducting the kinetic analysis.
* In case of using different catalyst masses for different varied substrates (e.g., 35 µg for H2O2 and 55 µg for TMB within the same sentence), deterministically extract the value corresponding to the substrate of the current reaction.
* Extract exclusively the numerical value (integer or decimal fraction).
* Unconditionally cut off any units of measurement, chemical formulas, brackets, and text markers (e.g., '47.8 μg · mL−1' -> '47.8', '50 ppm' -> '50').

**Ignore (False positives):**
* Strictly ignore calculated molar concentrations of the catalyst (usually expressed in M and denoted as [E]) presented in summary tables of kinetic parameters for calculating the k_cat constant. Extract the primary mass or working concentration from the protocol description.
* Ignore the mass or fraction of an individual active metal/element within a complex composite (e.g., 'containing 250 ng Pt'). Extract the mass of the entire assembled composite material.
* Ignore physical dimensions, area, or volume of solid samples (e.g., '0.5 cm × 1 cm' for films). The attribute must be expressed in terms of mass or concentration.
* Ignore enumerations of concentrations used at the stage of selecting optimal conditions (e.g., '5, 15, 25... µg'). Extract the single fixed value applied when varying the substrate.
* Ignore catalyst amounts applied to investigate side activities (e.g., catalase) if the target profile is built for another activity (e.g., peroxidase).


### Field: `c_const`
**Parameter essence:** The fixed (constant) molar concentration of the co-substrate in the final reaction mixture during steady-state kinetic measurements (determination of Michaelis-Menten parameters), acting as a background condition when varying the concentration of the main investigated substrate.
**Search condition:** The presence of a steady-state kinetics (Michaelis-Menten) context where the 'varied substrate — fixed co-substrate' pair is explicitly specified.

**Processing steps:**
* Find the description of the kinetic experiment in the text and identify the co-substrate whose concentration is fixed (markers: 'fixed', 'was [X]', 'in the presence of') against the background of varying another component ('varying', 'different amounts').
* Capture the numerical value and its original unit of measurement (M, mM, μM).
* Convert all values to a single standard dimension — millimoles (mM). If the original value is in 'M' — multiply by 1000. If in 'μM' — divide by 1000.
* Discard units of measurement and text noise, returning strictly the final number (e.g., '210 μM' -> 0.21; '1 M' -> 1000).

**Ignore (False positives):**
* Ignore physical parameters of stock (initial) solutions: concentrations, mass fractions, or volumes of reagents prior to their dilution in the reaction mixture (e.g., '20 mg mL−1 in DMSO', '30% H2O2', '10 μL'). These are fundamentally different physical objects (precursors), not properties of the final environment.


### Field: `c_const_unit`
**Parameter essence:** The unit of measurement of the fixed (constant) molar concentration of the co-substrate (e.g., H2O2 or TMB) in the reaction mixture during kinetic assays. Denotes the dimension of the value that remains unchanged while the concentration of another substrate is varied.
**Search condition:** Extract only if the unit of measurement refers to the molar concentration of the fixed co-substrate in the final reaction mixture.

**Processing steps:**
* Find the value of the fixed co-substrate concentration in the text (often accompanied by the words 'fixed', 'constant' or indicated as an exact single value against the background of a varied range of another substrate).
* Capture the unit of measurement (M, mM, μM) syntactically tied to this numerical value.
* Clean the extracted string from brackets, spaces, and punctuation.
* Preserve the original case and prefix (M, mM, μM) without mathematical conversion to other orders of magnitude (unless otherwise dictated by a strict external standard).

**Ignore (False positives):**
* Ignore units of measurement of mass concentration (e.g., mg mL-1). The target attribute is always expressed in units of molarity (M, mM, μM).
* Ignore units of measurement of the concentration of intermediate or initial (stock) solutions (e.g., 'in DMSO'). Extract strictly the dimension of the final working concentration in the reaction medium.


### Field: `c_max`
**Parameter essence:** The exact numerical value of the maximum concentration of the varied substrate (e.g., H2O2, TMB) applied in a series of kinetic experiments to calculate enzyme activity parameters (according to the Michaelis-Menten model). The value represents the upper limit of the investigated concentration range or the maximum element of the array of specified concentrations, strictly normalized to the unit of measurement millimoles per liter (mM).
**Search condition:** The text must describe a kinetic experiment with an explicit indication of varying the concentration of the target substrate (markers: 'varying concentration', 'different amounts', 'ranging from', 'final working concentrations').

**Processing steps:**
* Find syntactic structures describing the change in substrate concentration (enumeration of an array of values 'X, Y, ..., Z mM' or indication of a continuous range 'from X to Z M').
* Isolate the maximum numerical value from the found array or extract the upper boundary of the specified range.
* Mandatorily convert the extracted value to a single dimension — millimolarity (mM). If the original value is specified in M (molarity) — multiply by 1000; if in μM (micromolarity) — divide by 1000; if in mM — leave unchanged.
* Write the final value as a decimal number (mathematical rounding to significant digits is allowed, e.g., recalculation of 832.2 μM -> 0.8322 mM with rounding to 0.832).

**Ignore (False positives):**
* Ignore inaccurate or vague concentration limits (e.g., with the '<' operator, such as '<2 M') that describe general background conditions for conducting the reaction or parameters for reference enzymes (native catalase), and not the specific upper boundary of the tested range for the target catalyst.


### Field: `c_max_unit`
**Parameter essence:** The unit of measurement of the maximum (or boundary) substrate concentration used in kinetic experiments. Reflects the physical dimension of the upper limit of the tested range or the maximum value from the array of concentrations.
**Search condition:** Extract and normalize the unit of measurement only if there is a valid numerical value of the maximum substrate concentration within the description of the kinetic analysis.

**Processing steps:**
* Find the physical dimension in the text (e.g., M, mM, μM) syntactically or contextually tied to the maximum numerical value in the array or range of concentrations of the target substrate (H2O2, TMB, etc.).
* Recognize the extracted string marker as a measure of the molar concentration of the substance in the reaction medium.
* If the original unit of measurement differs from millimolar (e.g., specified in moles 'M' or micromoles 'μM'), initiate conversion to 'mM'. This action must be strictly synchronized with the mathematical recalculation of the numerical value of the maximum concentration itself.
* Convert the final value to a single standard and write it strictly as 'mM'.


### Field: `c_min`
**Parameter essence:** The minimum concentration of the varied substrate in the kinetic experiment.
**Search condition:** Extract the value only for the substrate whose concentration is varied in the described kinetic experiment.

**Processing steps:**
* Identify the range or array of concentrations of the varied substrate.
* Extract the minimum value from the specified range or array.
* If necessary, recalculate the value into the target units of measurement (e.g., from M to mM by multiplying by 1000).
* Normalize the recording format (e.g., conversion to exponential format if required).

**Ignore (False positives):**
* Ignore minimum non-zero values from the array of concentrations if absolute zero (0) is present in the array. Zero is the true minimum of the variation range.


### Field: `c_min_unit`
**Parameter essence:** The physical unit of measurement of the minimum concentration of the target substrate in the reaction mixture, used to plot kinetic curves and calculate catalytic parameters. Absolute invariant: dimension of molar concentration.
**Search condition:** Extraction and normalization of the unit of measurement are performed only if there is a valid numerical value of the minimum substrate concentration within the kinetic experiment.

**Processing steps:**
* Localize the unit of measurement in the text (e.g., M, mM, μM) that is syntactically (at the end of the array/range) or contextually tied to the values of the varied substrate concentration.
* Identify the original scale of molar concentration.
* Forcibly standardize any extracted unit of measurement (M, μM) to millimolarity (mM). This transformation implies a synchronous mathematical recalculation of the numerical value of the concentration itself in the adjacent field.
* Regardless of the source text, always return the strictly formatted string constant 'mM'.


### Field: `depth`
**Parameter essence:** The third spatial (linear) dimension of the primary target nanoparticle as a single physical macro-object (depth/thickness). For isotropic particles (spherical, cubic), it is geometrically equivalent to their diameter or overall size. For anisotropic particles (e.g., nanorods), it is equivalent to the width of the cross-section. Describes the physical dimensions of the dry core of the particle (according to electron microscopy data).
**Search condition:** Extract the value strictly if there is a geometric connection (direct or contextual) between the specified parameter (diameter, size, width) and the third dimension of the target nanoparticle, confirmed by electron microscopy data (TEM, SEM, FESEM).

**Processing steps:**
* Find mentions of linear dimensions (diameter, size, width) related to the target nanoparticle.
* If the particle shape is isotropic (spherical, cube-like), translate the diameter or overall size value into the depth field. If the shape is anisotropic (nanorods), translate the width value into the depth field.
* If the text simultaneously indicates a wide distribution range (scattered from X to Y) or a general description (1-2 nm) and an exact average value (average diameter/size), prioritize extracting the exact average value.
* Clean the numerical value from text markers of approximation ('~', 'about', 'ca.', 'around'), units of measurement ('nm'), and statistical errors (cut off '± X').
* If an exact average value is missing, preserve the range in the format 'X-Y' or 'X−Y'.

**Ignore (False positives):**
* Ignore crystallite or grain size calculated by the Debye-Scherrer equation (XRD), as it describes the internal microstructure of the material, not the external dimensions of the entire particle.
* Ignore the thickness of macroscopic films (film thickness) formed on a substrate, as this is a characteristic of a continuous coating, not an individual nanoparticle.
* Ignore the sizes of secondary structures or agglomerates (e.g., micro-flowers) assembled from primary nanoparticles.
* Ignore the sizes of small surface subparticles or domains distributed on the surface of the main (target) nanoparticle.
* Ignore the hydrodynamic diameter measured by the DLS method, as it includes the solvation shell and conceptually differs from the physical size of the dry core.


### Field: `depth_unit`
**Parameter essence:** The unit of measurement of the spatial extent (depth/thickness) of the target nanostructure. In the context of isotropic (spherical) or complex particles, it is semantically and syntactically equivalent to the unit of measurement of the overall size, diameter, or width characterizing the physical dimensions of the investigated object.
**Search condition:** The presence in the text of an explicit numerical value of a linear dimension attributed to the target nanoparticle.

**Processing steps:**
* Identify a numerical value or range in the text describing the linear dimension (depth, thickness, diameter, width, or overall size) of the target nanoparticle.
* Extract the string token of the unit of measurement (e.g., 'nm') immediately adjacent to the found numerical value.
* If only 'diameter', 'width', or 'overall size' is specified in the text, conceptually inherit (copy) this unit of measurement for the 'depth_unit' field, since these metrics use a single dimension for nanoparticles.
* Normalize format: clean the extracted string from the surrounding context, brackets, and punctuation, returning strictly the letter designation (e.g., 'nm').

**Ignore (False positives):**
* Ignore units of measurement of linear dimensions related to secondary, auxiliary, or attached microcomponents (e.g., decorating nanoparticles) if the main/carrier nanostructure acts as the target object (Macro_System) within the current profile.


### Field: `formula`
**Parameter essence:** The standardized basic chemical formula or generally accepted structural abbreviation (e.g., MMT) of the target catalytically active nanomaterial (nanozyme). Describes the fundamental macro-composition of the object, completely abstracting from its physical morphology, structural epithets, and functional roles in the text.
**Search condition:** Extract the value only for those materials that act as the main investigated catalyst (nanozyme) or a direct control sample within the described experiment.

**Processing steps:**
* Find the mention of the target nanomaterial in the text (in the form of a verbal name, raw abbreviation, or composite formula).
* Convert full trivial or nomenclature names of chemical substances into their strict chemical symbols or standardized abbreviations (e.g., 'gold' -> 'Au', 'platinum' -> 'Pt', 'Iron selenide' -> 'FeSe', 'Montmorillonite' -> 'MMT').
* Cut off any words denoting shape, size, or state of aggregation from the formula (e.g., 'NPs', 'NRs', 'nanobelts', 'nanocrystals', 'thin film').
* Remove text descriptions of architecture or role (e.g., 'core-shell', 'alloy', 'seeds').
* Remove irrelevant synthesis prefixes (e.g., 'NH-' from 'NH-MoO3−x') and redundant exact stoichiometric indices of specific batches if the basic formula of the class is required (e.g., 'Au@Pt3.15' -> 'Au@Pt').
* Preserve structural separators of composites and core-shell structures ('-', '@').

**Ignore (False positives):**
* Ignore micro-states of components: do not extract formulas describing specific valence states or ions of individual elements (e.g., 'Pt0', 'Pt2+') if the goal is the general formula of the macro-material.
* Ignore intermediate phases and precursors: do not extract complex crystallographic formulas of intercalates or hydrated complexes (e.g., '[Na(H2O)2]0.25MoO3') describing intermediate structural states instead of the final basic formula of the target nanozyme.


### Field: `km_unit`
**Parameter essence:** The unit of measurement of the Michaelis constant (Km). Denotes the dimension of the substrate concentration at which the rate of the catalytic (enzymatic or pseudo-enzymatic) reaction reaches half of the maximum (Vmax).
**Search condition:** The presence of an explicit mention of the Michaelis constant (Km, KM, Kappm) in conjunction with a numerical value or in the structure of a table header.

**Processing steps:**
* Find the Michaelis constant marker (Km, KM, Kappm) in the text or table header and localize the dimension associated with it (following the number or indicated in brackets in the header).
* Capture the raw dimension string.
* Remove any framing syntactic elements, such as round '()' or square '[]' brackets.
* Replace non-standard typographical symbols (e.g., em dash or minus '−') with a standard hyphen ('-').
* Separate compound units of measurement written together with a space to standardize them (e.g., transform 'mmolL-1' to 'mmol L-1').


### Field: `km_value`
**Parameter essence:** The numerical value of the Michaelis constant (Km), reflecting the catalyst affinity (enzyme or nanozyme) for a specific substrate. Represents the substrate concentration at which the rate of the catalytic reaction reaches half of the maximum (Vmax).
**Search condition:** The presence of an explicit syntactic or tabular connection of the extracted number with the Km parameter (Michaelis constant) for the investigated catalytic system.

**Processing steps:**
* Find a numerical value in the text or table explicitly associated with the Michaelis constant parameter (denoted as Km, K_M, K_m^app) for the target catalyst and specific substrate.
* When enumerating several kinetic parameters (e.g., 'Km and Vmax values... were X and Y respectively'), strictly match the order of numerical values with the order of parameter names.
* When parameters are written together (e.g., 'Km/Vmax = X/Y'), isolate only the value related to Km.
* Extract strictly the numerical value.
* Cut off any units of measurement (mM, mmol L−1, etc.).
* Mandatorily remove trailing non-significant zeros in decimal fractions (e.g., '120.0' -> '120', '546.60' -> '546.6', '92.30' -> '92.3', '1.90' -> '1.9').


### Field: `length`
**Parameter essence:** The physical linear dimension (diameter, length, or averaged dimension) of the primary target nanoparticle as a whole (solid core), usually determined by electron microscopy methods (TEM, SEM).
**Search condition:** Extract the value only for the physical core of the primary nanoparticle, confirmed by direct visualization methods (TEM/SEM), ignoring indirect hydrodynamic and crystallographic metrics.

**Processing steps:**
* Find a numerical value or range describing the geometric dimension (size, diameter, length) of the target nanoparticle.
* Project specific geometric terms ('diameter' for spherical particles, 'size' for cubic ones) onto the universal 'length' attribute.
* Remove text and symbol markers of approximation ('~', 'about', 'ca.', 'mainly').
* Discard units of measurement ('nm') and values of statistical error/standard deviation ('± X.XX'), leaving only the basic average.
* If an exact average value is missing, extract the range entirely, normalizing the separator (replace dash, em dash, or the word 'to' with a hyphen '-').
* When enumerating an array of sizes for different synthesized fractions, extract only the value that relates to the fraction used in the target (e.g., kinetic) assays.

**Ignore (False positives):**
* Crystallite/grain size calculated by XRD methods (e.g., by the Debye-Scherrer equation). Describes the size of the internal crystal lattice/domain, not the physical boundaries of the particle itself.
* Hydrodynamic diameter measured by the DLS method. Includes the solvation shell or protein corona, which ontologically differs from the size of the solid metal/oxide core.
* Size of macrostructures and agglomerates (e.g., micro-flowers, clusters). Characterizes secondary assemblies, not primary nanoparticles.
* Size of surface domains or small subparticles (smaller particles distributed on the surface) that are merely a microcomponent of the shell, not the target anchor particle.
* Wide population distribution range (scattered from X to Y) if a representative average value (average size) for the same population is explicitly calculated and presented in the context.


### Field: `length_unit`
**Parameter essence:** A strict metric unit of measurement (e.g., nanometers - nm) used to quantitatively express the linear geometric parameters (diameter, length, width, average size) of the target nanoparticle or investigated macro-system.
**Search condition:** The presence in the text of a quantitative assessment of the linear dimension of the target object, accompanied by an explicit indication of the metric dimension.

**Processing steps:**
* Localize the unit of measurement token immediately following the numerical value, range (e.g., '5−20'), or enumeration of numbers describing the dimensions (size, diameter, length, width) of the target object.
* Verify that the extracted token belongs to the class of standard metric units of length.
* Isolate the unit of measurement from numerical values, spaces, brackets, punctuation marks, and approximation symbols (~, ca., ±).
* Return a strictly normalized string literal (e.g., 'nm').

**Ignore (False positives):**
* Isolation of secondary objects: Ignore units of measurement if they are syntactically tied to the sizes of secondary structural elements (e.g., decorating particles, substrates, internal microcomponents of a composite, such as PtFe NRs or MMT layers), and not to the main target system.
* Isolation of other physical metrics: Ignore units of measurement describing internal structural characteristics that are not external dimensions of the object (e.g., interplanar spacing of the crystal lattice - lattice spacing).


### Field: `ph`
**Parameter essence:** The exact value of the hydrogen ion exponent (pH) of the external reaction medium (buffer solution) fixed for conducting steady-state kinetic assays or approved as optimal for the target catalytic reaction.
**Search condition:** The value must be exact (Exact_Value) and unambiguously characterize the environment of the final kinetic experiment or the recognized optimum. Capture triggers only on specific numbers, excluding intervals.

**Processing steps:**
* Identify the numerical value associated with the lexical markers 'pH', 'pH =' or 'pH of', located in the context of describing the reaction buffer or optimal conditions.
* Isolate the number from syntactic wrapping (brackets, text prefixes).
* Perform mathematical format normalization: discard non-significant zeros in the fractional part, reducing it to an integer (e.g., strictly convert '4.0' to '4', '5.0' to '5').
* Preserve values with true significant fractional parts without rounding (e.g., '3.8', '4.5', '7.4' remain unchanged).

**Ignore (False positives):**
* Ignore screening ranges (Fuzzy_Or_Range, e.g., '3 to 12', '2.0–8.0', '4 to 6'): these are broad research intervals used to find the optimum, not the target fixed conditions of the final kinetic analysis.
* Ignore extreme or boundary values (e.g., 'up to pH 12') describing limits of stability, endurance, or side activity trends if they are not the approved working parameter for calculating kinetics.


### Field: `reaction_type`
**Parameter essence:** The type of catalytic reaction, strictly determined by the combination of participating substrates and co-substrates (e.g., electron donor and oxidant), standardized as a formula of their joint presence in the reaction medium.
**Search condition:** The presence in the text of a description of a catalytic (kinetic) experiment indicating the participating substrates, regardless of whether they are presented as an enumeration of reagents, the name of an oxidation process, or an abbreviation of the reaction system.

**Processing steps:**
* Find all mentions of chemical substrates and co-substrates participating in the reaction in the text. Extract them even if they are presented as process names (e.g., 'oxidation of TMB', 'TMB oxidations') or system names ('H2O2-TMB system', 'TMB/H2O2').
* Convert full verbal names of chemical substances (e.g., 'hydrogen peroxide', '3,3′,5,5′-tetramethylbenzidine') into their generally accepted short chemical formulas or abbreviations ('H2O2', 'TMB').
* If only one substrate (e.g., the varied one) is specified in a local sentence or table cell, but the mandatory presence of a co-substrate (H2O2) unambiguously follows from the general context of the experiment (e.g., 'peroxidase-like activity'), restore the missing element.
* Analyze the roles of reagents in the experiment. The substrate whose concentration is varied (varying concentration) must be placed first. The substrate whose concentration is fixed (fixed concentration) is placed second.
* Combine the standardized reagent names into a single string using the separator ' + ' (e.g., 'H2O2 + TMB' or 'TMB + H2O2'). If the reaction involves only one substrate (e.g., catalase activity), leave it without concatenation (e.g., 'H2O2').


### Field: `surface`
**Parameter essence:** A purposefully used chemical compound, polymer, or biological macromolecule forming the external coating (shell), stabilizing layer, or matrix for the synthesis of an individual nanoparticle. Acts as a surface modifier that prevents agglomeration and determines the physicochemical properties of the nanozyme interface.
**Search condition:** Triggers when there is a contextual or syntactic indication that the molecule forms a surface layer, stabilizes the nanoparticle in solution, or serves as a matrix for its nucleation.

**Processing steps:**
* Find chemical or biological agents in the text syntactically associated with processes of coating ('coated with'), modification ('modified with'), stabilization ('capped'), or acting as a matrix ('nucleation substrate').
* If the text provides the full name and its abbreviation/synonym, convert the value to the canonical form used in the study (e.g., 'polyethylene glycol' -> 'PEG', 'bovine serum albumin' -> 'BSA', 'apoFt' -> 'apoferritin').
* Cut off specifications of molecular weight (e.g., 'PEG 6000' -> 'PEG'), degree of hydration (e.g., 'trisodium citrate dihydrate' -> 'trisodium citrate'), and indications of ionic state (e.g., 'citrate anions' -> 'citrate').
* Replace non-standard symbols (e.g., en dash '–' with a hyphen '-') in complex polymer names ('PEG–VE' -> 'PEG-VE'). Return the cleaned string.

**Ignore (False positives):**
* Ignore macroscopic carriers and substrates (e.g., Montmorillonite/MMT) used as an external medium for dispersing finished nanoparticles; extract strictly molecular ligands and polymers forming the micro-particle's own shell.
* Ignore residual reagents (e.g., ascorbic acid) accidentally present on the surface as a byproduct of the reduction reaction if they were not purposefully applied as a stabilizing coating.
* Ignore primary/intermediate ligands (e.g., oleylamine, oleic acid) if the description of the multi-stage synthesis explicitly states that they are washed away, replaced, or covered by the final target modifier (e.g., PEG-VE).


### Field: `syngony`
**Parameter essence:** The fundamental geometric symmetry of the crystal lattice (basic syngony/crystal system) of the target nanomaterial or its isolated phases, determining the macroscopic spatial organization of atoms.
**Search condition:** Extract the value if there is a direct indication of the type of crystal lattice of the material, usually in the context of interpreting structural analysis data (XRD, HRTEM).

**Processing steps:**
* Find terms in the text describing the crystal structure, phase, Bravais lattice type, or structural motif (e.g., cubic, tetragonal, orthorhombic, face-centered cubic, fcc, fluorite).
* Translate specific subtypes of Bravais lattices (e.g., 'face-centered cubic', 'fcc') and names of mineralogical structural types (e.g., 'fluorite') into their fundamental syngony class (in these cases -> 'cubic').
* Isolate the target value from contextual noise (remove the words 'phase', 'structure', 'crystal') and return strictly one word in lowercase denoting the basic syngony (e.g., 'cubic', 'tetragonal', 'orthorhombic').


### Field: `temperature`
**Parameter essence:** The exact numerical value of the temperature (in degrees Celsius) at which the main kinetic or catalytic measurements were conducted.
**Search condition:** The presence of a direct syntactic or contextual connection of the value with conducting the kinetic analysis (e.g., 'carried out at', 'completed at') or an explicit statement of the value as optimal/standard for subsequent measurements.

**Processing steps:**
* Identify the numerical value of the temperature related to the kinetic experiment.
* Extract only numbers.
* Remove all units of measurement and symbols (e.g., '°C', 'C', spaces).

**Ignore (False positives):**
* Ignore temperature ranges (e.g., '10–70 °C', '4 to 85 °C') used to find the optimum or check stability.
* Ignore inaccurate qualitative descriptions (e.g., 'room temperature') if they are not accompanied by an exact numerical equivalent that can be extracted.
* Ignore extremes (e.g., degradation temperature or maximum activity) if they are not the selected standard temperature for the kinetic analysis.


### Field: `vmax_unit`
**Parameter essence:** The physical unit of measurement of the maximum rate of the catalytic or enzymatic reaction (Vmax), reflecting the change in the concentration of a substance (substrate or product) per unit of time.
**Search condition:** Extract strictly in the context of describing the kinetic parameter Vmax (maximum reaction rate), ignoring units of measurement of other parameters (e.g., Km, Kcat).

**Processing steps:**
* Extract the text block denoting the dimension of the Vmax parameter. Look in table column headers (usually inside round or square brackets) or in continuous text immediately after the numerical value of Vmax.
* If the dimension is specified together with a scale multiplier (e.g., '10−8', '×10−7'), extract it as an integral part of the unit of measurement string.
* Remove HTML tags (e.g., <sup>, <sub>, <th>, <tr>).
* Convert superscripts written via curly braces or tags into linear text (e.g., 's^{−1}' -> 's−1').
* Replace typographical multiplication signs ('×') with the Latin letter 'x'.
* Replace typographical minus signs ('−') with standard hyphens ('-').
* Convert the string to a single concatenation format (attention: external standardization is required, as the current markup chaotically adds or removes spaces between concentration and time).


### Field: `vmax_value`
**Parameter essence:** The maximum rate of the enzymatic or catalytic reaction (Vmax). A quantitative kinetic characteristic reflecting the limit rate of product formation (or substrate consumption) by the catalytic system under the condition of complete saturation of the catalyst with the substrate.
**Search condition:** The presence of an explicit marker of the maximum rate kinetic parameter (Vmax, Vm) in the local syntactic context or table header hierarchy.

**Processing steps:**
* Find the base numerical value syntactically or structurally (in a table) tied to the maximum rate parameter (denoted as Vmax, Vm, vmax) for a specific 'catalyst-substrate' pair.
* Mandatorily check table column/row headers or preceding text for the presence of factored-out common dimension multipliers (e.g., '10^−8', '×10^−7').
* If the number is written in exponential form (e.g., '8.32 × 10^−8') or has a multiplier factored out in the header, perform strict mathematical multiplication of the base number by the order of magnitude (mantissa).
* Convert the final calculated value into a standardized machine-readable format: either an exact decimal fraction (e.g., '0.0000000832') or scientific E-notation (e.g., '8.32E-08'). Arbitrary rounding of significant digits of the original value is categorically prohibited.


### Field: `width`
**Parameter essence:** The transverse linear dimension (width) of the primary nanoparticle. For isotropic morphologies (spherical, cubic particles), the width is geometrically equivalent to the diameter or basic 'size'. For anisotropic structures (nanorods, nanobelts), the width represents the transverse dimension perpendicular to the length. Characterizes the physical dimensions of the solid inorganic core.
**Search condition:** Capture the value only if there is a direct syntactic or contextual connection of the size to the target primary nanoparticle, confirmed by direct visualization methods (TEM, SEM), strictly excluding indirect (XRD) and liquid-phase (DLS) metrics.

**Processing steps:**
* Find numerical values describing the width, diameter, or overall size of the target nanoparticle.
* Based on morphology data, translate the diameter (for spherical particles) or overall size (for cubic particles) into the target width parameter.
* If the text simultaneously provides a wide size distribution range and an exact average size, prioritize extracting the average size.
* If an array of sizes for a series of syntheses is presented, extract the value corresponding to the specific target experiment.
* In the presence of a value indicating statistical error (e.g., '1.87 ± 0.40'), cut off the error and extract exclusively the basic average value.
* Remove text markers of approximation ('~', 'about', 'ca.', 'mainly') and units of measurement ('nm').
* Preserve the exact numerical value or range (in the format 'X-Y' or 'X-Y') if an exact average value is missing.

**Ignore (False positives):**
* Ignore crystallite/grain size, often calculated by X-ray diffraction methods (e.g., by the Debye-Scherrer formula). The target is the physical size of the entire nanoparticle.
* Ignore the sizes of secondary superstructures and macro-aggregates (e.g., micro-flowers) assembled from multiple primary nanoparticles. Extract the size strictly of the primary structural unit.
* Ignore the sizes of small surface domains or subparticles distributed on the surface of the main nanoparticle or forming its porous shell.
* Ignore the hydrodynamic diameter measured by the DLS method, as it includes the solvation shell and possible organic capsules (e.g., protein cages). The target is the size of the solid core (usually according to TEM/SEM data).


### Field: `width_unit`
**Parameter essence:** The unit of measurement of the transverse linear dimension (width, diameter, or equivalent dimension) of the investigated nanoparticle or its structural component.
**Search condition:** The presence in the text of a quantitative value explicitly describing the transverse dimension (width, diameter, size) of the target object, accompanied by a physical unit of measurement.

**Processing steps:**
* Search the text for numerical values or ranges semantically describing the width, diameter, or average size of nanoparticles.
* Tie the found unit of measurement to the corresponding physical parameter, even if it is specified once for a range (e.g., '5-20 nm') or inherited from the context.
* Exact extraction of the symbolic designation of the unit of measurement (e.g., 'nm') with the cutting off of numerical values, spaces, brackets, and punctuation marks.

[[ ## tip ## ]]
Don't be afraid to be creative when creating the new instruction!

Respond with the corresponding output fields, starting with the field `[[ ## proposed_instruction ## ]]`, and then ending with the marker for `[[ ## completed ## ]]`.


[31mResponse:[0m

[32m[[ ## proposed_instruction ## ]]
# Nanozyme Kinetic Data Extraction Protocol

You are an expert scientific data curator specializing in extracting structured kinetic and material property data from nanozyme research articles. Your task is to analyze the provided document text and produce structured extraction records following a rigorous Chain-of-Thought reasoning process.

## Execution Framework

**Before extracting any data, you MUST first generate detailed reasoning that:**
1. Identifies all candidate nanozymes mentioned in the text
2. Distinguishes between primary experimental data vs. literature references
3. Maps which kinetic experiments correspond to which nanozyme-substrate combinations
4. Documents your confidence level for each extracted value and any ambiguities encountered

**Only after completing this reasoning phase should you populate the `extracted_data` field.**

---

## Record Creation Criteria

Create a **separate record** for each unique combination that satisfies ALL of the following:

### ✅ INCLUDE when:
- The nanozyme was **synthesized or primarily characterized** in the current study
- **Steady-state kinetic parameters** (Km, Vmax) were explicitly calculated for this combination
- The combination specifies: nanozyme + enzyme-like activity type + substrate + experimental conditions

### ❌ EXCLUDE when:
- Natural enzymes (HRP, native catalase, etc.)
- Literature data transferred from previous publications
- Non-Michaelis-Menten catalytic processes
- Intermediate states or physical mixtures without detailed Km/Vmax calculations
- Catalysts where only applied performance metrics are reported (no fundamental kinetics)

---

## Field Extraction Specifications

For each valid record, extract the following fields with strict adherence to these processing rules:

### Kinetic Parameters

| Field | Essence | Processing Rules |
|-------|---------|------------------|
| `km_value` | Michaelis constant numerical value | Extract number only; remove trailing zeros (120.0→120); match order when multiple parameters listed |
| `km_unit` | Km measurement unit | Remove brackets; replace em-dash with hyphen; separate compound units with space |
| `vmax_value` | Maximum reaction rate | Apply factored multipliers from headers (e.g., 10⁻⁸); output as decimal or E-notation |
| `vmax_unit` | Vmax measurement unit | Remove HTML tags; convert superscripts to linear (s^{−1}→s−1); replace × with x |
| `activity` | Enzyme-like activity type | Standardize abbreviations (POD→peroxidase); remove suffixes (-like, -mimic); lowercase output |

### Experimental Conditions

| Field | Essence | Processing Rules |
|-------|---------|------------------|
| `ccat_value` | Catalyst mass/concentration | Extract number only; match to current substrate if multiple values given |
| `ccat_unit` | Catalyst unit | Convert ppm→μg mL⁻¹; replace µ (U+00B5) with μ (U+03BC); preserve original separators |
| `c_const` | Fixed co-substrate concentration | Convert to mM (M×1000, μM÷1000); return number only |
| `c_const_unit` | Fixed co-substrate unit | Extract M/mM/μM; clean brackets and punctuation |
| `c_min` | Minimum varied substrate concentration | Extract from range/array; convert to mM; zero is valid minimum |
| `c_min_unit` | Minimum concentration unit | Always return 'mM' (standardize from any source unit) |
| `c_max` | Maximum varied substrate concentration | Extract upper bound; convert to mM; ignore '<' operators |
| `c_max_unit` | Maximum concentration unit | Always return 'mM' (standardize from any source unit) |
| `ph` | Reaction medium pH | Extract exact values only; remove trailing zeros (4.0→4); ignore ranges |
| `temperature` | Kinetic measurement temperature | Extract number only; remove °C symbols; ignore ranges and "room temperature" |
| `reaction_type` | Substrate combination | Standardize names (hydrogen peroxide→H₂O₂); order: varied + fixed; use ' + ' separator |

### Material Properties

| Field | Essence | Processing Rules |
|-------|---------|------------------|
| `formula` | Chemical formula/abbreviation | Convert names to symbols (gold→Au); remove shape descriptors (NPs, NRs); preserve @ and - |
| `length` | Primary nanoparticle dimension | Extract from TEM/SEM only; remove ± error and approximation markers; prioritize average over range |
| `length_unit` | Length measurement unit | Extract only (e.g., 'nm'); ignore secondary structures and DLS data |
| `width` | Transverse nanoparticle dimension | For isotropic: equals diameter; for anisotropic: perpendicular to length |
| `width_unit` | Width measurement unit | Extract only (e.g., 'nm'); inherit from context if specified once for range |
| `depth` | Third spatial dimension | For spheres: equals diameter; for rods: equals width; prioritize average values |
| `depth_unit` | Depth measurement unit | Extract only (e.g., 'nm'); equivalent to diameter/size unit |
| `syngony` | Crystal system symmetry | Translate subtypes to base class (fcc→cubic); lowercase single word output |
| `surface` | Surface coating/stabilizer | Convert to canonical forms (polyethylene glycol→PEG); remove MW and hydration specs |

---

## Quality Control Checklist

Before finalizing extraction, verify:

1. **Source Validation**: Is this primary experimental data from the current study?
2. **Kinetic Completeness**: Are both Km and Vmax available for this record?
3. **Unit Consistency**: Have all concentration units been standardized to mM where required?
4. **Nanozyme Focus**: Are we extracting the composite material, not individual components (e.g., whole Au@Pt, not just Pt)?
5. **Method Exclusion**: Have XRD crystallite sizes and DLS hydrodynamic diameters been excluded?
6. **Null Handling**: Are missing fields properly marked as `null` rather than omitted?

---

## Output Format

Return your response as a JSON object with two keys:
- `reasoning`: Detailed step-by-step analysis documenting your extraction decisions
- `extracted_data`: Array of record objects, each containing all 24 fields (use `null` for unavailable values)

**Example reasoning structure:**
```
1. Identified 3 candidate nanozymes: Au-Pt NPs, Fe₃O₄@C, and literature HRP control
2. Excluded HRP (natural enzyme) and Fe₃O₄@C (no Km/Vmax reported)
3. Au-Pt NPs has complete kinetics for peroxidase activity with TMB/H₂O₂ system
4. Km=0.21 mM found in Table 2, Vmax=8.32E-08 in text with 10⁻⁸ multiplier
5. Catalyst concentration 50 μg/mL specified for TMB variation experiment
...
```

**Example extracted_data structure:**
```json
[
  {
    "activity": "peroxidase",
    "ccat_unit": "μg mL⁻¹",
    "ccat_value": "50",
    "c_const": 10,
    "c_const_unit": "mM",
    "c_max": 2.0,
    "c_max_unit": "mM",
    "c_min": 0.1,
    "c_min_unit": "mM",
    "depth": "15",
    "depth_unit": "nm",
    "formula": "Au@Pt",
    "km_unit": "mM",
    "km_value": "0.21",
    "length": "15",
    "length_unit": "nm",
    "ph": "4",
    "reaction_type": "TMB + H₂O₂",
    "surface": "PEG",
    "syngony": "cubic",
    "temperature": "25",
    "vmax_unit": "M s−1",
    "vmax_value": "8.32E-08",
    "width": "15",
    "width_unit": "nm"
  }
]
```

---

## Critical Reminders

- **Reasoning First**: Never skip the reasoning phase—it ensures extraction accuracy
- **Primary Data Only**: Literature values and natural enzymes must be excluded
- **Unit Standardization**: Concentration units must follow the specified conversions
- **Null for Missing**: Use `null` explicitly for any field where valid data cannot be extracted
- **Composite Materials**: Extract the full nanozyme formula, not individual elemental components

[[ ## completed ## ]][0m





PROPOSED INSTRUCTION: # Nanozyme Kinetic Data Extraction Protocol

You are an expert scientific data curator specializing in extracting structured kinetic and material property data from nanozyme research articles. Your task is to analyze the provided document text and produce structured extraction records following a rigorous Chain-of-Thought reasoning process.

## Execution Framework

**Before extracting any data, you MUST first generate detailed reasoning that:**
1. Identifies all candidate nanozymes mentioned in the text
2. Distinguishes between primary experimental data vs. literature references
3. Maps which kinetic experiments correspond to which nanozyme-substrate combinations
4. Documents your confidence level for each extracted value and any ambiguities encountered

**Only after completing this reasoning phase should you populate the `extracted_data` field.**

---

## Record Creation Criteria

Create a **separate record** for each unique combination that satisfies ALL of the following:

### ✅ INCLUDE when:
- The nanozyme was **synthesized or primarily characterized** in the current study
- **Steady-state kinetic parameters** (Km, Vmax) were explicitly calculated for this combination
- The combination specifies: nanozyme + enzyme-like activity type + substrate + experimental conditions

### ❌ EXCLUDE when:
- Natural enzymes (HRP, native catalase, etc.)
- Literature data transferred from previous publications
- Non-Michaelis-Menten catalytic processes
- Intermediate states or physical mixtures without detailed Km/Vmax calculations
- Catalysts where only applied performance metrics are reported (no fundamental kinetics)

---

## Field Extraction Specifications

For each valid record, extract the following fields with strict adherence to these processing rules:

### Kinetic Parameters

| Field | Essence | Processing Rules |
|-------|---------|------------------|
| `km_value` | Michaelis constant numerical value | Extract number only; remove trailing zeros (120.0→120); match order when multiple parameters listed |
| `km_unit` | Km measurement unit | Remove brackets; replace em-dash with hyphen; separate compound units with space |
| `vmax_value` | Maximum reaction rate | Apply factored multipliers from headers (e.g., 10⁻⁸); output as decimal or E-notation |
| `vmax_unit` | Vmax measurement unit | Remove HTML tags; convert superscripts to linear (s^{−1}→s−1); replace × with x |
| `activity` | Enzyme-like activity type | Standardize abbreviations (POD→peroxidase); remove suffixes (-like, -mimic); lowercase output |

### Experimental Conditions

| Field | Essence | Processing Rules |
|-------|---------|------------------|
| `ccat_value` | Catalyst mass/concentration | Extract number only; match to current substrate if multiple values given |
| `ccat_unit` | Catalyst unit | Convert ppm→μg mL⁻¹; replace µ (U+00B5) with μ (U+03BC); preserve original separators |
| `c_const` | Fixed co-substrate concentration | Convert to mM (M×1000, μM÷1000); return number only |
| `c_const_unit` | Fixed co-substrate unit | Extract M/mM/μM; clean brackets and punctuation |
| `c_min` | Minimum varied substrate concentration | Extract from range/array; convert to mM; zero is valid minimum |
| `c_min_unit` | Minimum concentration unit | Always return 'mM' (standardize from any source unit) |
| `c_max` | Maximum varied substrate concentration | Extract upper bound; convert to mM; ignore '<' operators |
| `c_max_unit` | Maximum concentration unit | Always return 'mM' (standardize from any source unit) |
| `ph` | Reaction medium pH | Extract exact values only; remove trailing zeros (4.0→4); ignore ranges |
| `temperature` | Kinetic measurement temperature | Extract number only; remove °C symbols; ignore ranges and "room temperature" |
| `reaction_type` | Substrate combination | Standardize names (hydrogen peroxide→H₂O₂); order: varied + fixed; use ' + ' separator |

### Material Properties

| Field | Essence | Processing Rules |
|-------|---------|------------------|
| `formula` | Chemical formula/abbreviation | Convert names to symbols (gold→Au); remove shape descriptors (NPs, NRs); preserve @ and - |
| `length` | Primary nanoparticle dimension | Extract from TEM/SEM only; remove ± error and approximation markers; prioritize average over range |
| `length_unit` | Length measurement unit | Extract only (e.g., 'nm'); ignore secondary structures and DLS data |
| `width` | Transverse nanoparticle dimension | For isotropic: equals diameter; for anisotropic: perpendicular to length |
| `width_unit` | Width measurement unit | Extract only (e.g., 'nm'); inherit from context if specified once for range |
| `depth` | Third spatial dimension | For spheres: equals diameter; for rods: equals width; prioritize average values |
| `depth_unit` | Depth measurement unit | Extract only (e.g., 'nm'); equivalent to diameter/size unit |
| `syngony` | Crystal system symmetry | Translate subtypes to base class (fcc→cubic); lowercase single word output |
| `surface` | Surface coating/stabilizer | Convert to canonical forms (polyethylene glycol→PEG); remove MW and hydration specs |

---

## Quality Control Checklist

Before finalizing extraction, verify:

1. **Source Validation**: Is this primary experimental data from the current study?
2. **Kinetic Completeness**: Are both Km and Vmax available for this record?
3. **Unit Consistency**: Have all concentration units been standardized to mM where required?
4. **Nanozyme Focus**: Are we extracting the composite material, not individual components (e.g., whole Au@Pt, not just Pt)?
5. **Method Exclusion**: Have XRD crystallite sizes and DLS hydrodynamic diameters been excluded?
6. **Null Handling**: Are missing fields properly marked as `null` rather than omitted?

---

## Output Format

Return your response as a JSON object with two keys:
- `reasoning`: Detailed step-by-step analysis documenting your extraction decisions
- `extracted_data`: Array of record objects, each containing all 24 fields (use `null` for unavailable values)

**Example reasoning structure:**
```
1. Identified 3 candidate nanozymes: Au-Pt NPs, Fe₃O₄@C, and literature HRP control
2. Excluded HRP (natural enzyme) and Fe₃O₄@C (no Km/Vmax reported)
3. Au-Pt NPs has complete kinetics for peroxidase activity with TMB/H₂O₂ system
4. Km=0.21 mM found in Table 2, Vmax=8.32E-08 in text with 10⁻⁸ multiplier
5. Catalyst concentration 50 μg/mL specified for TMB variation experiment
...
```

**Example extracted_data structure:**
```json
[
  {
    "activity": "peroxidase",
    "ccat_unit": "μg mL⁻¹",
    "ccat_value": "50",
    "c_const": 10,
    "c_const_unit": "mM",
    "c_max": 2.0,
    "c_max_unit": "mM",
    "c_min": 0.1,
    "c_min_unit": "mM",
    "depth": "15",
    "depth_unit": "nm",
    "formula": "Au@Pt",
    "km_unit": "mM",
    "km_value": "0.21",
    "length": "15",
    "length_unit": "nm",
    "ph": "4",
    "reaction_type": "TMB + H₂O₂",
    "surface": "PEG",
    "syngony": "cubic",
    "temperature": "25",
    "vmax_unit": "M s−1",
    "vmax_value": "8.32E-08",
    "width": "15",
    "width_unit": "nm"
  }
]
```

---

## Critical Reminders

- **Reasoning First**: Never skip the reasoning phase—it ensures extraction accuracy
- **Primary Data Only**: Literature values and natural enzymes must be excluded
- **Unit Standardization**: Concentration units must follow the specified conversions
- **Null for Missing**: Use `null` explicitly for any field where valid data cannot be extracted
- **Composite Materials**: Extract the full nanozyme formula, not individual elemental components
Using a randomly generated configuration for our grounded proposer.
Selected tip: none
PROGRAM DESCRIPTION: This program is designed to perform task-agnostic information extraction from text documents using a language model. It works by wrapping a customizable task signature (defined via `signature_class`) with Chain-of-Thought (CoT) reasoning. The `UniversalExtractor` class initializes a CoT module that processes input `document_text`, guiding the language model to reason step-by-step before producing structured extraction outputs. The system supports saving/loading configurations for reuse, enabling flexible adaptation to different extraction tasks (e.g., entity recognition, relation extraction) without modifying core logic. The metaclass and inheritance structure suggest integration with a larger agent framework for modular deployment.
task_demos No task demos provided.




[34m[Unknown time][0m

[31mSystem message:[0m

Your input fields are:
1. `dataset_description` (str): A description of the dataset that we are using.
2. `program_code` (str): Language model program designed to solve a particular task.
3. `program_description` (str): Summary of the task the program is designed to solve, and how it goes about solving it.
4. `module` (str): The module to create an instruction for.
5. `module_description` (str): Description of the module to create an instruction for.
6. `task_demos` (str): Example inputs/outputs of our module.
7. `basic_instruction` (str): Basic instruction.
Your output fields are:
1. `proposed_instruction` (str): Propose an instruction that will be used to prompt a Language Model to perform this task.
All interactions will be structured in the following way, with the appropriate values filled in.

[[ ## dataset_description ## ]]
{dataset_description}

[[ ## program_code ## ]]
{program_code}

[[ ## program_description ## ]]
{program_description}

[[ ## module ## ]]
{module}

[[ ## module_description ## ]]
{module_description}

[[ ## task_demos ## ]]
{task_demos}

[[ ## basic_instruction ## ]]
{basic_instruction}

[[ ## proposed_instruction ## ]]
{proposed_instruction}

[[ ## completed ## ]]
In adhering to this structure, your objective is: 
        Use the information below to learn about a task that we are trying to solve using calls to an LM, then generate a new instruction that will be used to prompt a Language Model to better solve the task.


[31mUser message:[0m

[[ ## dataset_description ## ]]
This dataset pairs full-text scientific articles on nanozymes with structured experimental metadata, prioritizing fundamental kinetic parameters and material properties over application-specific performance metrics. The extraction schema normalizes diverse scientific notation and aggregates distributed information across document sections, including Supporting Information, to create standardized records of catalytic activity. Consequently, the data is optimized for Information Extraction tasks aimed at building comprehensive databases of nanomaterial properties.

[[ ## program_code ## ]]


class UniversalExtractor(BaseAgent, dspy.Module, metaclass=UniversalExtractorMeta):
    """Task-agnostic extraction agent.

    Wraps a specific task signature with Chain-of-Thought reasoning.
    """

    def __init__(self, signature_class: Type[dspy.Signature]):
        """Initialize the UniversalExtractor."""
        BaseAgent.__init__(self)
        dspy.Module.__init__(self)
        self.prog = dspy.ChainOfThought(signature_class)

    def forward(self, document_text: str) -> dspy.Prediction:
        """Execute the extraction pipeline."""
        return self.prog(document_text=document_text)

    def save(self, path: str) -> None:
        """Save the agent to a file."""
        dspy.Module.save(self, path)

    def load(self, path: str) -> None:
        """Load the agent from a file."""
        dspy.Module.load(self, path)


[[ ## program_description ## ]]
This program is designed to perform task-agnostic information extraction from text documents using a language model. It works by wrapping a customizable task signature (defined via `signature_class`) with Chain-of-Thought (CoT) reasoning. The `UniversalExtractor` class initializes a CoT module that processes input `document_text`, guiding the language model to reason step-by-step before producing structured extraction outputs. The system supports saving/loading configurations for reuse, enabling flexible adaptation to different extraction tasks (e.g., entity recognition, relation extraction) without modifying core logic. The metaclass and inheritance structure suggest integration with a larger agent framework for modular deployment.

[[ ## module ## ]]
Predict(document_text) -> reasoning, extracted_data

[[ ## module_description ## ]]
This module represents the core inference operation within the `UniversalExtractor` pipeline. It accepts the raw `document_text` as input and invokes the Chain-of-Thought (CoT) mechanism initialized in the `__init__` method. During execution, it guides the language model to generate intermediate `reasoning` steps based on the customizable task signature before producing the final `extracted_data`. This step embodies the actual information extraction logic, ensuring that the model explicitly reasons through the task requirements prior to outputting structured results, thereby improving accuracy and interpretability.

[[ ## task_demos ## ]]
No task demos provided.

[[ ## basic_instruction ## ]]
# Data Extraction Instruction

You are an AI assistant specializing in the accurate extraction of structured data from scientific texts. Your task is to read the text and generate a JSON array of objects (records), strictly following the filtering and processing rules below.

## 1. Rules for Creating Records

Determine which objects deserve a separate record in the final array. Create a new record (row) only if the following conditions are met:

* Create a record for each unique artificial nanomaterial (nanozyme) synthesized or primarily characterized within the current study.
* Create a record for each unique type of enzyme-like activity.
* Create a record for each specific varied substrate.
* Create a record for each specific environmental condition or modulator.
* Extract only those combinations for which the authors have calculated detailed steady-state kinetic parameters (Km, Vmax).

**Strictly ignore and do not create records in the following cases:**
* Ignore natural enzymes (e.g., HRP, native catalase).
* Ignore literature data (Literature References) and catalysts whose kinetic parameters are transferred from previous publications.
* Ignore alternative catalytic modalities and processes not related to Michaelis-Menten enzyme-like kinetics.
* Ignore intermediate states, physical mixtures without detailed kinetics, and highly specialized applied probes if fundamental calculation of Km and Vmax constants is not performed for them.

---

## 2. Rules for Populating Fields

For each created record, find and extract the following fields. Apply the described processing steps. If a valid value for a field is missing in the text, return `null`.

### Field: `activity`
**Parameter essence:** The type of enzyme-like catalytic activity (e.g., peroxidase, catalase, oxidase) mimicked by the investigated nanomaterial (nanozyme).
**Search condition:** Extract the value strictly in relation to the local experimental context (substrate, reaction conditions, or a specific table row). If multiple types of activity are listed in the text (multiple instances), capture only the type that is physically realized in the currently described process (e.g., oxidation of TMB in the presence of H2O2 determines the choice of 'peroxidase', O2 evolution — 'catalase').

**Processing steps:**
* Find mentions of catalytic activity in the text (terms with enzyme names, abbreviations POD, HRP, CAT, OXD, as well as descriptive phrases like 'enzyme-catalysis capability', 'artificial peroxidase').
* Convert abbreviations and specific biological analogies into standardized basic enzyme names (e.g., 'POD' -> 'peroxidase', 'HRP-like' -> 'peroxidase', 'CAT' -> 'catalase', 'OXD' -> 'oxidase').
* Cut off similarity suffixes ('-like', '-mimic'), as well as dependent words denoting a process or property ('activity', 'properties', 'catalysis', 'artificial').
* Convert the final cleaned enzyme name strictly to lowercase (e.g., 'Peroxidase' -> 'peroxidase').


### Field: `ccat_unit`
**Parameter essence:** The unit of measurement of a physical quantity (mass, mass or molar concentration) describing the quantitative content of the main catalyst (nanozyme) in the reaction system during kinetic assays.
**Search condition:** Triggers only when there is a direct syntactic or contextual connection of the unit of measurement with the quantitative parameter of the investigated nanozyme added to the reaction medium.

**Processing steps:**
* Localize a numerical value in the text denoting the amount or concentration of the target catalyst, and capture the unit of measurement following it.
* If the unit of measurement is expressed as a relative value 'ppm' (parts per million), conceptually convert it to the equivalent mass-volume concentration 'μg mL−1' (according to the document context).
* Perform a strict replacement of the micro sign 'µ' (U+00B5) with the standard Greek letter 'μ' (U+03BC).
* Restore missing spaces between components of a complex dimension (e.g., 'μgmL−1' -> 'μg mL−1').
* Preserve original separators and operators present in the text (e.g., interpuncts 'μg · mL−1' or slashes 'μg/mL'), without standardizing them to a single style, unless it violates the physical meaning.

**Ignore (False positives):**
* Ignore units of measurement of linear dimensions or area (e.g., 'cm') describing the macroscopic physical dimensions of a solid catalyst (e.g., a film), as they do not reflect the concentration or mass of the substance in the reaction volume.
* Ignore units of measurement related to the mass of individual microcomponents of a composite (e.g., 'ng' strictly for a platinum core) or to the mass of reference natural enzymes (e.g., 'ng HRP'), extracting only the dimension for the target nanozyme as a whole.
* Ignore units of measurement of molar concentration (e.g., 'M') if they are syntactically tied exclusively to the calculated concentration of active sites '[E]' used as an intermediate parameter to calculate Kcat, provided the basic mass concentration of the catalyst itself is present in the description.


### Field: `ccat_value`
**Parameter essence:** The absolute practical mass or concentration of the catalyst (nanozyme) introduced into the reaction system to conduct steady-state kinetic measurements. The attribute determines the macroscopic amount of the entire synthesized composite material acting as a catalyst and is a fundamental parameter of the external experimental environment.
**Search condition:** Triggers strictly when there is a fixed value of the mass or concentration of the catalyst tied to the conditions of the steady-state kinetic experiment (plotting Michaelis-Menten curves).

**Processing steps:**
* Localize a numerical value in the text or tabular metadata describing the mass (µg, mg) or concentration (mg/mL, µg/mL, ppm, μM) of the catalyst fixed for conducting the kinetic analysis.
* In case of using different catalyst masses for different varied substrates (e.g., 35 µg for H2O2 and 55 µg for TMB within the same sentence), deterministically extract the value corresponding to the substrate of the current reaction.
* Extract exclusively the numerical value (integer or decimal fraction).
* Unconditionally cut off any units of measurement, chemical formulas, brackets, and text markers (e.g., '47.8 μg · mL−1' -> '47.8', '50 ppm' -> '50').

**Ignore (False positives):**
* Strictly ignore calculated molar concentrations of the catalyst (usually expressed in M and denoted as [E]) presented in summary tables of kinetic parameters for calculating the k_cat constant. Extract the primary mass or working concentration from the protocol description.
* Ignore the mass or fraction of an individual active metal/element within a complex composite (e.g., 'containing 250 ng Pt'). Extract the mass of the entire assembled composite material.
* Ignore physical dimensions, area, or volume of solid samples (e.g., '0.5 cm × 1 cm' for films). The attribute must be expressed in terms of mass or concentration.
* Ignore enumerations of concentrations used at the stage of selecting optimal conditions (e.g., '5, 15, 25... µg'). Extract the single fixed value applied when varying the substrate.
* Ignore catalyst amounts applied to investigate side activities (e.g., catalase) if the target profile is built for another activity (e.g., peroxidase).


### Field: `c_const`
**Parameter essence:** The fixed (constant) molar concentration of the co-substrate in the final reaction mixture during steady-state kinetic measurements (determination of Michaelis-Menten parameters), acting as a background condition when varying the concentration of the main investigated substrate.
**Search condition:** The presence of a steady-state kinetics (Michaelis-Menten) context where the 'varied substrate — fixed co-substrate' pair is explicitly specified.

**Processing steps:**
* Find the description of the kinetic experiment in the text and identify the co-substrate whose concentration is fixed (markers: 'fixed', 'was [X]', 'in the presence of') against the background of varying another component ('varying', 'different amounts').
* Capture the numerical value and its original unit of measurement (M, mM, μM).
* Convert all values to a single standard dimension — millimoles (mM). If the original value is in 'M' — multiply by 1000. If in 'μM' — divide by 1000.
* Discard units of measurement and text noise, returning strictly the final number (e.g., '210 μM' -> 0.21; '1 M' -> 1000).

**Ignore (False positives):**
* Ignore physical parameters of stock (initial) solutions: concentrations, mass fractions, or volumes of reagents prior to their dilution in the reaction mixture (e.g., '20 mg mL−1 in DMSO', '30% H2O2', '10 μL'). These are fundamentally different physical objects (precursors), not properties of the final environment.


### Field: `c_const_unit`
**Parameter essence:** The unit of measurement of the fixed (constant) molar concentration of the co-substrate (e.g., H2O2 or TMB) in the reaction mixture during kinetic assays. Denotes the dimension of the value that remains unchanged while the concentration of another substrate is varied.
**Search condition:** Extract only if the unit of measurement refers to the molar concentration of the fixed co-substrate in the final reaction mixture.

**Processing steps:**
* Find the value of the fixed co-substrate concentration in the text (often accompanied by the words 'fixed', 'constant' or indicated as an exact single value against the background of a varied range of another substrate).
* Capture the unit of measurement (M, mM, μM) syntactically tied to this numerical value.
* Clean the extracted string from brackets, spaces, and punctuation.
* Preserve the original case and prefix (M, mM, μM) without mathematical conversion to other orders of magnitude (unless otherwise dictated by a strict external standard).

**Ignore (False positives):**
* Ignore units of measurement of mass concentration (e.g., mg mL-1). The target attribute is always expressed in units of molarity (M, mM, μM).
* Ignore units of measurement of the concentration of intermediate or initial (stock) solutions (e.g., 'in DMSO'). Extract strictly the dimension of the final working concentration in the reaction medium.


### Field: `c_max`
**Parameter essence:** The exact numerical value of the maximum concentration of the varied substrate (e.g., H2O2, TMB) applied in a series of kinetic experiments to calculate enzyme activity parameters (according to the Michaelis-Menten model). The value represents the upper limit of the investigated concentration range or the maximum element of the array of specified concentrations, strictly normalized to the unit of measurement millimoles per liter (mM).
**Search condition:** The text must describe a kinetic experiment with an explicit indication of varying the concentration of the target substrate (markers: 'varying concentration', 'different amounts', 'ranging from', 'final working concentrations').

**Processing steps:**
* Find syntactic structures describing the change in substrate concentration (enumeration of an array of values 'X, Y, ..., Z mM' or indication of a continuous range 'from X to Z M').
* Isolate the maximum numerical value from the found array or extract the upper boundary of the specified range.
* Mandatorily convert the extracted value to a single dimension — millimolarity (mM). If the original value is specified in M (molarity) — multiply by 1000; if in μM (micromolarity) — divide by 1000; if in mM — leave unchanged.
* Write the final value as a decimal number (mathematical rounding to significant digits is allowed, e.g., recalculation of 832.2 μM -> 0.8322 mM with rounding to 0.832).

**Ignore (False positives):**
* Ignore inaccurate or vague concentration limits (e.g., with the '<' operator, such as '<2 M') that describe general background conditions for conducting the reaction or parameters for reference enzymes (native catalase), and not the specific upper boundary of the tested range for the target catalyst.


### Field: `c_max_unit`
**Parameter essence:** The unit of measurement of the maximum (or boundary) substrate concentration used in kinetic experiments. Reflects the physical dimension of the upper limit of the tested range or the maximum value from the array of concentrations.
**Search condition:** Extract and normalize the unit of measurement only if there is a valid numerical value of the maximum substrate concentration within the description of the kinetic analysis.

**Processing steps:**
* Find the physical dimension in the text (e.g., M, mM, μM) syntactically or contextually tied to the maximum numerical value in the array or range of concentrations of the target substrate (H2O2, TMB, etc.).
* Recognize the extracted string marker as a measure of the molar concentration of the substance in the reaction medium.
* If the original unit of measurement differs from millimolar (e.g., specified in moles 'M' or micromoles 'μM'), initiate conversion to 'mM'. This action must be strictly synchronized with the mathematical recalculation of the numerical value of the maximum concentration itself.
* Convert the final value to a single standard and write it strictly as 'mM'.


### Field: `c_min`
**Parameter essence:** The minimum concentration of the varied substrate in the kinetic experiment.
**Search condition:** Extract the value only for the substrate whose concentration is varied in the described kinetic experiment.

**Processing steps:**
* Identify the range or array of concentrations of the varied substrate.
* Extract the minimum value from the specified range or array.
* If necessary, recalculate the value into the target units of measurement (e.g., from M to mM by multiplying by 1000).
* Normalize the recording format (e.g., conversion to exponential format if required).

**Ignore (False positives):**
* Ignore minimum non-zero values from the array of concentrations if absolute zero (0) is present in the array. Zero is the true minimum of the variation range.


### Field: `c_min_unit`
**Parameter essence:** The physical unit of measurement of the minimum concentration of the target substrate in the reaction mixture, used to plot kinetic curves and calculate catalytic parameters. Absolute invariant: dimension of molar concentration.
**Search condition:** Extraction and normalization of the unit of measurement are performed only if there is a valid numerical value of the minimum substrate concentration within the kinetic experiment.

**Processing steps:**
* Localize the unit of measurement in the text (e.g., M, mM, μM) that is syntactically (at the end of the array/range) or contextually tied to the values of the varied substrate concentration.
* Identify the original scale of molar concentration.
* Forcibly standardize any extracted unit of measurement (M, μM) to millimolarity (mM). This transformation implies a synchronous mathematical recalculation of the numerical value of the concentration itself in the adjacent field.
* Regardless of the source text, always return the strictly formatted string constant 'mM'.


### Field: `depth`
**Parameter essence:** The third spatial (linear) dimension of the primary target nanoparticle as a single physical macro-object (depth/thickness). For isotropic particles (spherical, cubic), it is geometrically equivalent to their diameter or overall size. For anisotropic particles (e.g., nanorods), it is equivalent to the width of the cross-section. Describes the physical dimensions of the dry core of the particle (according to electron microscopy data).
**Search condition:** Extract the value strictly if there is a geometric connection (direct or contextual) between the specified parameter (diameter, size, width) and the third dimension of the target nanoparticle, confirmed by electron microscopy data (TEM, SEM, FESEM).

**Processing steps:**
* Find mentions of linear dimensions (diameter, size, width) related to the target nanoparticle.
* If the particle shape is isotropic (spherical, cube-like), translate the diameter or overall size value into the depth field. If the shape is anisotropic (nanorods), translate the width value into the depth field.
* If the text simultaneously indicates a wide distribution range (scattered from X to Y) or a general description (1-2 nm) and an exact average value (average diameter/size), prioritize extracting the exact average value.
* Clean the numerical value from text markers of approximation ('~', 'about', 'ca.', 'around'), units of measurement ('nm'), and statistical errors (cut off '± X').
* If an exact average value is missing, preserve the range in the format 'X-Y' or 'X−Y'.

**Ignore (False positives):**
* Ignore crystallite or grain size calculated by the Debye-Scherrer equation (XRD), as it describes the internal microstructure of the material, not the external dimensions of the entire particle.
* Ignore the thickness of macroscopic films (film thickness) formed on a substrate, as this is a characteristic of a continuous coating, not an individual nanoparticle.
* Ignore the sizes of secondary structures or agglomerates (e.g., micro-flowers) assembled from primary nanoparticles.
* Ignore the sizes of small surface subparticles or domains distributed on the surface of the main (target) nanoparticle.
* Ignore the hydrodynamic diameter measured by the DLS method, as it includes the solvation shell and conceptually differs from the physical size of the dry core.


### Field: `depth_unit`
**Parameter essence:** The unit of measurement of the spatial extent (depth/thickness) of the target nanostructure. In the context of isotropic (spherical) or complex particles, it is semantically and syntactically equivalent to the unit of measurement of the overall size, diameter, or width characterizing the physical dimensions of the investigated object.
**Search condition:** The presence in the text of an explicit numerical value of a linear dimension attributed to the target nanoparticle.

**Processing steps:**
* Identify a numerical value or range in the text describing the linear dimension (depth, thickness, diameter, width, or overall size) of the target nanoparticle.
* Extract the string token of the unit of measurement (e.g., 'nm') immediately adjacent to the found numerical value.
* If only 'diameter', 'width', or 'overall size' is specified in the text, conceptually inherit (copy) this unit of measurement for the 'depth_unit' field, since these metrics use a single dimension for nanoparticles.
* Normalize format: clean the extracted string from the surrounding context, brackets, and punctuation, returning strictly the letter designation (e.g., 'nm').

**Ignore (False positives):**
* Ignore units of measurement of linear dimensions related to secondary, auxiliary, or attached microcomponents (e.g., decorating nanoparticles) if the main/carrier nanostructure acts as the target object (Macro_System) within the current profile.


### Field: `formula`
**Parameter essence:** The standardized basic chemical formula or generally accepted structural abbreviation (e.g., MMT) of the target catalytically active nanomaterial (nanozyme). Describes the fundamental macro-composition of the object, completely abstracting from its physical morphology, structural epithets, and functional roles in the text.
**Search condition:** Extract the value only for those materials that act as the main investigated catalyst (nanozyme) or a direct control sample within the described experiment.

**Processing steps:**
* Find the mention of the target nanomaterial in the text (in the form of a verbal name, raw abbreviation, or composite formula).
* Convert full trivial or nomenclature names of chemical substances into their strict chemical symbols or standardized abbreviations (e.g., 'gold' -> 'Au', 'platinum' -> 'Pt', 'Iron selenide' -> 'FeSe', 'Montmorillonite' -> 'MMT').
* Cut off any words denoting shape, size, or state of aggregation from the formula (e.g., 'NPs', 'NRs', 'nanobelts', 'nanocrystals', 'thin film').
* Remove text descriptions of architecture or role (e.g., 'core-shell', 'alloy', 'seeds').
* Remove irrelevant synthesis prefixes (e.g., 'NH-' from 'NH-MoO3−x') and redundant exact stoichiometric indices of specific batches if the basic formula of the class is required (e.g., 'Au@Pt3.15' -> 'Au@Pt').
* Preserve structural separators of composites and core-shell structures ('-', '@').

**Ignore (False positives):**
* Ignore micro-states of components: do not extract formulas describing specific valence states or ions of individual elements (e.g., 'Pt0', 'Pt2+') if the goal is the general formula of the macro-material.
* Ignore intermediate phases and precursors: do not extract complex crystallographic formulas of intercalates or hydrated complexes (e.g., '[Na(H2O)2]0.25MoO3') describing intermediate structural states instead of the final basic formula of the target nanozyme.


### Field: `km_unit`
**Parameter essence:** The unit of measurement of the Michaelis constant (Km). Denotes the dimension of the substrate concentration at which the rate of the catalytic (enzymatic or pseudo-enzymatic) reaction reaches half of the maximum (Vmax).
**Search condition:** The presence of an explicit mention of the Michaelis constant (Km, KM, Kappm) in conjunction with a numerical value or in the structure of a table header.

**Processing steps:**
* Find the Michaelis constant marker (Km, KM, Kappm) in the text or table header and localize the dimension associated with it (following the number or indicated in brackets in the header).
* Capture the raw dimension string.
* Remove any framing syntactic elements, such as round '()' or square '[]' brackets.
* Replace non-standard typographical symbols (e.g., em dash or minus '−') with a standard hyphen ('-').
* Separate compound units of measurement written together with a space to standardize them (e.g., transform 'mmolL-1' to 'mmol L-1').


### Field: `km_value`
**Parameter essence:** The numerical value of the Michaelis constant (Km), reflecting the catalyst affinity (enzyme or nanozyme) for a specific substrate. Represents the substrate concentration at which the rate of the catalytic reaction reaches half of the maximum (Vmax).
**Search condition:** The presence of an explicit syntactic or tabular connection of the extracted number with the Km parameter (Michaelis constant) for the investigated catalytic system.

**Processing steps:**
* Find a numerical value in the text or table explicitly associated with the Michaelis constant parameter (denoted as Km, K_M, K_m^app) for the target catalyst and specific substrate.
* When enumerating several kinetic parameters (e.g., 'Km and Vmax values... were X and Y respectively'), strictly match the order of numerical values with the order of parameter names.
* When parameters are written together (e.g., 'Km/Vmax = X/Y'), isolate only the value related to Km.
* Extract strictly the numerical value.
* Cut off any units of measurement (mM, mmol L−1, etc.).
* Mandatorily remove trailing non-significant zeros in decimal fractions (e.g., '120.0' -> '120', '546.60' -> '546.6', '92.30' -> '92.3', '1.90' -> '1.9').


### Field: `length`
**Parameter essence:** The physical linear dimension (diameter, length, or averaged dimension) of the primary target nanoparticle as a whole (solid core), usually determined by electron microscopy methods (TEM, SEM).
**Search condition:** Extract the value only for the physical core of the primary nanoparticle, confirmed by direct visualization methods (TEM/SEM), ignoring indirect hydrodynamic and crystallographic metrics.

**Processing steps:**
* Find a numerical value or range describing the geometric dimension (size, diameter, length) of the target nanoparticle.
* Project specific geometric terms ('diameter' for spherical particles, 'size' for cubic ones) onto the universal 'length' attribute.
* Remove text and symbol markers of approximation ('~', 'about', 'ca.', 'mainly').
* Discard units of measurement ('nm') and values of statistical error/standard deviation ('± X.XX'), leaving only the basic average.
* If an exact average value is missing, extract the range entirely, normalizing the separator (replace dash, em dash, or the word 'to' with a hyphen '-').
* When enumerating an array of sizes for different synthesized fractions, extract only the value that relates to the fraction used in the target (e.g., kinetic) assays.

**Ignore (False positives):**
* Crystallite/grain size calculated by XRD methods (e.g., by the Debye-Scherrer equation). Describes the size of the internal crystal lattice/domain, not the physical boundaries of the particle itself.
* Hydrodynamic diameter measured by the DLS method. Includes the solvation shell or protein corona, which ontologically differs from the size of the solid metal/oxide core.
* Size of macrostructures and agglomerates (e.g., micro-flowers, clusters). Characterizes secondary assemblies, not primary nanoparticles.
* Size of surface domains or small subparticles (smaller particles distributed on the surface) that are merely a microcomponent of the shell, not the target anchor particle.
* Wide population distribution range (scattered from X to Y) if a representative average value (average size) for the same population is explicitly calculated and presented in the context.


### Field: `length_unit`
**Parameter essence:** A strict metric unit of measurement (e.g., nanometers - nm) used to quantitatively express the linear geometric parameters (diameter, length, width, average size) of the target nanoparticle or investigated macro-system.
**Search condition:** The presence in the text of a quantitative assessment of the linear dimension of the target object, accompanied by an explicit indication of the metric dimension.

**Processing steps:**
* Localize the unit of measurement token immediately following the numerical value, range (e.g., '5−20'), or enumeration of numbers describing the dimensions (size, diameter, length, width) of the target object.
* Verify that the extracted token belongs to the class of standard metric units of length.
* Isolate the unit of measurement from numerical values, spaces, brackets, punctuation marks, and approximation symbols (~, ca., ±).
* Return a strictly normalized string literal (e.g., 'nm').

**Ignore (False positives):**
* Isolation of secondary objects: Ignore units of measurement if they are syntactically tied to the sizes of secondary structural elements (e.g., decorating particles, substrates, internal microcomponents of a composite, such as PtFe NRs or MMT layers), and not to the main target system.
* Isolation of other physical metrics: Ignore units of measurement describing internal structural characteristics that are not external dimensions of the object (e.g., interplanar spacing of the crystal lattice - lattice spacing).


### Field: `ph`
**Parameter essence:** The exact value of the hydrogen ion exponent (pH) of the external reaction medium (buffer solution) fixed for conducting steady-state kinetic assays or approved as optimal for the target catalytic reaction.
**Search condition:** The value must be exact (Exact_Value) and unambiguously characterize the environment of the final kinetic experiment or the recognized optimum. Capture triggers only on specific numbers, excluding intervals.

**Processing steps:**
* Identify the numerical value associated with the lexical markers 'pH', 'pH =' or 'pH of', located in the context of describing the reaction buffer or optimal conditions.
* Isolate the number from syntactic wrapping (brackets, text prefixes).
* Perform mathematical format normalization: discard non-significant zeros in the fractional part, reducing it to an integer (e.g., strictly convert '4.0' to '4', '5.0' to '5').
* Preserve values with true significant fractional parts without rounding (e.g., '3.8', '4.5', '7.4' remain unchanged).

**Ignore (False positives):**
* Ignore screening ranges (Fuzzy_Or_Range, e.g., '3 to 12', '2.0–8.0', '4 to 6'): these are broad research intervals used to find the optimum, not the target fixed conditions of the final kinetic analysis.
* Ignore extreme or boundary values (e.g., 'up to pH 12') describing limits of stability, endurance, or side activity trends if they are not the approved working parameter for calculating kinetics.


### Field: `reaction_type`
**Parameter essence:** The type of catalytic reaction, strictly determined by the combination of participating substrates and co-substrates (e.g., electron donor and oxidant), standardized as a formula of their joint presence in the reaction medium.
**Search condition:** The presence in the text of a description of a catalytic (kinetic) experiment indicating the participating substrates, regardless of whether they are presented as an enumeration of reagents, the name of an oxidation process, or an abbreviation of the reaction system.

**Processing steps:**
* Find all mentions of chemical substrates and co-substrates participating in the reaction in the text. Extract them even if they are presented as process names (e.g., 'oxidation of TMB', 'TMB oxidations') or system names ('H2O2-TMB system', 'TMB/H2O2').
* Convert full verbal names of chemical substances (e.g., 'hydrogen peroxide', '3,3′,5,5′-tetramethylbenzidine') into their generally accepted short chemical formulas or abbreviations ('H2O2', 'TMB').
* If only one substrate (e.g., the varied one) is specified in a local sentence or table cell, but the mandatory presence of a co-substrate (H2O2) unambiguously follows from the general context of the experiment (e.g., 'peroxidase-like activity'), restore the missing element.
* Analyze the roles of reagents in the experiment. The substrate whose concentration is varied (varying concentration) must be placed first. The substrate whose concentration is fixed (fixed concentration) is placed second.
* Combine the standardized reagent names into a single string using the separator ' + ' (e.g., 'H2O2 + TMB' or 'TMB + H2O2'). If the reaction involves only one substrate (e.g., catalase activity), leave it without concatenation (e.g., 'H2O2').


### Field: `surface`
**Parameter essence:** A purposefully used chemical compound, polymer, or biological macromolecule forming the external coating (shell), stabilizing layer, or matrix for the synthesis of an individual nanoparticle. Acts as a surface modifier that prevents agglomeration and determines the physicochemical properties of the nanozyme interface.
**Search condition:** Triggers when there is a contextual or syntactic indication that the molecule forms a surface layer, stabilizes the nanoparticle in solution, or serves as a matrix for its nucleation.

**Processing steps:**
* Find chemical or biological agents in the text syntactically associated with processes of coating ('coated with'), modification ('modified with'), stabilization ('capped'), or acting as a matrix ('nucleation substrate').
* If the text provides the full name and its abbreviation/synonym, convert the value to the canonical form used in the study (e.g., 'polyethylene glycol' -> 'PEG', 'bovine serum albumin' -> 'BSA', 'apoFt' -> 'apoferritin').
* Cut off specifications of molecular weight (e.g., 'PEG 6000' -> 'PEG'), degree of hydration (e.g., 'trisodium citrate dihydrate' -> 'trisodium citrate'), and indications of ionic state (e.g., 'citrate anions' -> 'citrate').
* Replace non-standard symbols (e.g., en dash '–' with a hyphen '-') in complex polymer names ('PEG–VE' -> 'PEG-VE'). Return the cleaned string.

**Ignore (False positives):**
* Ignore macroscopic carriers and substrates (e.g., Montmorillonite/MMT) used as an external medium for dispersing finished nanoparticles; extract strictly molecular ligands and polymers forming the micro-particle's own shell.
* Ignore residual reagents (e.g., ascorbic acid) accidentally present on the surface as a byproduct of the reduction reaction if they were not purposefully applied as a stabilizing coating.
* Ignore primary/intermediate ligands (e.g., oleylamine, oleic acid) if the description of the multi-stage synthesis explicitly states that they are washed away, replaced, or covered by the final target modifier (e.g., PEG-VE).


### Field: `syngony`
**Parameter essence:** The fundamental geometric symmetry of the crystal lattice (basic syngony/crystal system) of the target nanomaterial or its isolated phases, determining the macroscopic spatial organization of atoms.
**Search condition:** Extract the value if there is a direct indication of the type of crystal lattice of the material, usually in the context of interpreting structural analysis data (XRD, HRTEM).

**Processing steps:**
* Find terms in the text describing the crystal structure, phase, Bravais lattice type, or structural motif (e.g., cubic, tetragonal, orthorhombic, face-centered cubic, fcc, fluorite).
* Translate specific subtypes of Bravais lattices (e.g., 'face-centered cubic', 'fcc') and names of mineralogical structural types (e.g., 'fluorite') into their fundamental syngony class (in these cases -> 'cubic').
* Isolate the target value from contextual noise (remove the words 'phase', 'structure', 'crystal') and return strictly one word in lowercase denoting the basic syngony (e.g., 'cubic', 'tetragonal', 'orthorhombic').


### Field: `temperature`
**Parameter essence:** The exact numerical value of the temperature (in degrees Celsius) at which the main kinetic or catalytic measurements were conducted.
**Search condition:** The presence of a direct syntactic or contextual connection of the value with conducting the kinetic analysis (e.g., 'carried out at', 'completed at') or an explicit statement of the value as optimal/standard for subsequent measurements.

**Processing steps:**
* Identify the numerical value of the temperature related to the kinetic experiment.
* Extract only numbers.
* Remove all units of measurement and symbols (e.g., '°C', 'C', spaces).

**Ignore (False positives):**
* Ignore temperature ranges (e.g., '10–70 °C', '4 to 85 °C') used to find the optimum or check stability.
* Ignore inaccurate qualitative descriptions (e.g., 'room temperature') if they are not accompanied by an exact numerical equivalent that can be extracted.
* Ignore extremes (e.g., degradation temperature or maximum activity) if they are not the selected standard temperature for the kinetic analysis.


### Field: `vmax_unit`
**Parameter essence:** The physical unit of measurement of the maximum rate of the catalytic or enzymatic reaction (Vmax), reflecting the change in the concentration of a substance (substrate or product) per unit of time.
**Search condition:** Extract strictly in the context of describing the kinetic parameter Vmax (maximum reaction rate), ignoring units of measurement of other parameters (e.g., Km, Kcat).

**Processing steps:**
* Extract the text block denoting the dimension of the Vmax parameter. Look in table column headers (usually inside round or square brackets) or in continuous text immediately after the numerical value of Vmax.
* If the dimension is specified together with a scale multiplier (e.g., '10−8', '×10−7'), extract it as an integral part of the unit of measurement string.
* Remove HTML tags (e.g., <sup>, <sub>, <th>, <tr>).
* Convert superscripts written via curly braces or tags into linear text (e.g., 's^{−1}' -> 's−1').
* Replace typographical multiplication signs ('×') with the Latin letter 'x'.
* Replace typographical minus signs ('−') with standard hyphens ('-').
* Convert the string to a single concatenation format (attention: external standardization is required, as the current markup chaotically adds or removes spaces between concentration and time).


### Field: `vmax_value`
**Parameter essence:** The maximum rate of the enzymatic or catalytic reaction (Vmax). A quantitative kinetic characteristic reflecting the limit rate of product formation (or substrate consumption) by the catalytic system under the condition of complete saturation of the catalyst with the substrate.
**Search condition:** The presence of an explicit marker of the maximum rate kinetic parameter (Vmax, Vm) in the local syntactic context or table header hierarchy.

**Processing steps:**
* Find the base numerical value syntactically or structurally (in a table) tied to the maximum rate parameter (denoted as Vmax, Vm, vmax) for a specific 'catalyst-substrate' pair.
* Mandatorily check table column/row headers or preceding text for the presence of factored-out common dimension multipliers (e.g., '10^−8', '×10^−7').
* If the number is written in exponential form (e.g., '8.32 × 10^−8') or has a multiplier factored out in the header, perform strict mathematical multiplication of the base number by the order of magnitude (mantissa).
* Convert the final calculated value into a standardized machine-readable format: either an exact decimal fraction (e.g., '0.0000000832') or scientific E-notation (e.g., '8.32E-08'). Arbitrary rounding of significant digits of the original value is categorically prohibited.


### Field: `width`
**Parameter essence:** The transverse linear dimension (width) of the primary nanoparticle. For isotropic morphologies (spherical, cubic particles), the width is geometrically equivalent to the diameter or basic 'size'. For anisotropic structures (nanorods, nanobelts), the width represents the transverse dimension perpendicular to the length. Characterizes the physical dimensions of the solid inorganic core.
**Search condition:** Capture the value only if there is a direct syntactic or contextual connection of the size to the target primary nanoparticle, confirmed by direct visualization methods (TEM, SEM), strictly excluding indirect (XRD) and liquid-phase (DLS) metrics.

**Processing steps:**
* Find numerical values describing the width, diameter, or overall size of the target nanoparticle.
* Based on morphology data, translate the diameter (for spherical particles) or overall size (for cubic particles) into the target width parameter.
* If the text simultaneously provides a wide size distribution range and an exact average size, prioritize extracting the average size.
* If an array of sizes for a series of syntheses is presented, extract the value corresponding to the specific target experiment.
* In the presence of a value indicating statistical error (e.g., '1.87 ± 0.40'), cut off the error and extract exclusively the basic average value.
* Remove text markers of approximation ('~', 'about', 'ca.', 'mainly') and units of measurement ('nm').
* Preserve the exact numerical value or range (in the format 'X-Y' or 'X-Y') if an exact average value is missing.

**Ignore (False positives):**
* Ignore crystallite/grain size, often calculated by X-ray diffraction methods (e.g., by the Debye-Scherrer formula). The target is the physical size of the entire nanoparticle.
* Ignore the sizes of secondary superstructures and macro-aggregates (e.g., micro-flowers) assembled from multiple primary nanoparticles. Extract the size strictly of the primary structural unit.
* Ignore the sizes of small surface domains or subparticles distributed on the surface of the main nanoparticle or forming its porous shell.
* Ignore the hydrodynamic diameter measured by the DLS method, as it includes the solvation shell and possible organic capsules (e.g., protein cages). The target is the size of the solid core (usually according to TEM/SEM data).


### Field: `width_unit`
**Parameter essence:** The unit of measurement of the transverse linear dimension (width, diameter, or equivalent dimension) of the investigated nanoparticle or its structural component.
**Search condition:** The presence in the text of a quantitative value explicitly describing the transverse dimension (width, diameter, size) of the target object, accompanied by a physical unit of measurement.

**Processing steps:**
* Search the text for numerical values or ranges semantically describing the width, diameter, or average size of nanoparticles.
* Tie the found unit of measurement to the corresponding physical parameter, even if it is specified once for a range (e.g., '5-20 nm') or inherited from the context.
* Exact extraction of the symbolic designation of the unit of measurement (e.g., 'nm') with the cutting off of numerical values, spaces, brackets, and punctuation marks.

Respond with the corresponding output fields, starting with the field `[[ ## proposed_instruction ## ]]`, and then ending with the marker for `[[ ## completed ## ]]`.


[31mResponse:[0m

[32m[[ ## proposed_instruction ## ]]
# Nanozyme Kinetic Data Extraction Instruction

You are an expert scientific data extraction assistant specializing in nanozyme research. Your task is to analyze scientific articles and extract structured kinetic and material property data into standardized records.

## Phase 1: Reasoning Framework (Think Step-by-Step)

Before extracting any data, work through these reasoning steps:

1. **Document Assessment**: Identify if this is a primary research article reporting original nanozyme synthesis and kinetic characterization (vs. review, computational study, or application-focused work)

2. **Record Identification**: Determine how many distinct records to create by identifying:
   - Each unique nanozyme material synthesized/characterized in THIS study
   - Each unique enzyme-like activity type tested
   - Each unique substrate condition with complete kinetic parameters (Km, Vmax)

3. **Eligibility Verification**: For each potential record, confirm:
   - ✓ Authors calculated steady-state kinetic parameters (Km, Vmax) for this specific nanozyme
   - ✓ This is original experimental data (not literature values transferred from other papers)
   - ✓ This involves Michaelis-Menten enzyme-like kinetics (not other catalytic processes)
   - ✗ NOT a natural enzyme (HRP, catalase, etc. used only as controls)

4. **Field Mapping**: For each valid record, locate and extract all applicable fields from the text, tables, and supporting information

## Phase 2: Field Extraction Rules

### Material Properties (Nanozyme Characterization)
| Field | What to Extract | Key Processing |
|-------|-----------------|----------------|
| `formula` | Basic chemical formula of target nanozyme | Convert names to symbols (gold→Au), remove shape descriptors (NPs, NRs) |
| `length` | Primary particle size/diameter (TEM/SEM) | Average value only, remove ±error, ignore XRD/DLS |
| `length_unit` | Unit for length | Always 'nm' |
| `width` | Transverse dimension (for anisotropic particles) | Same processing as length |
| `width_unit` | Unit for width | Always 'nm' |
| `depth` | Third dimension/thickness | For spheres = diameter; for rods = width |
| `depth_unit` | Unit for depth | Always 'nm' |
| `syngony` | Crystal system | Normalize to basic class (fcc→cubic, fluorite→cubic) |
| `surface` | Surface coating/stabilizer | Canonical forms only (PEG, BSA, citrate) |

### Experimental Conditions
| Field | What to Extract | Key Processing |
|-------|-----------------|----------------|
| `activity` | Enzyme-like activity type | Lowercase, remove '-like' suffix (peroxidase, oxidase, catalase) |
| `reaction_type` | Substrate combination | Format: 'Varied + Fixed' (e.g., 'TMB + H2O2') |
| `ph` | Buffer pH for kinetic assays | Exact values only (4.0→4), ignore ranges |
| `temperature` | Kinetic measurement temperature | Numbers only, remove °C |
| `ccat_value` | Catalyst mass/concentration in reaction | Numerical value only, working concentration |
| `ccat_unit` | Unit for catalyst concentration | Preserve original format (μg mL−1, ppm) |
| `c_const` | Fixed co-substrate concentration | Convert to mM (210 μM→0.21) |
| `c_const_unit` | Unit for fixed concentration | Original unit (M, mM, μM) |
| `c_min` | Minimum varied substrate concentration | Convert to mM |
| `c_min_unit` | Unit for min concentration | Always 'mM' |
| `c_max` | Maximum varied substrate concentration | Convert to mM |
| `c_max_unit` | Unit for max concentration | Always 'mM' |

### Kinetic Parameters
| Field | What to Extract | Key Processing |
|-------|-----------------|----------------|
| `km_value` | Michaelis constant numerical value | Remove trailing zeros (120.0→120) |
| `km_unit` | Unit for Km | Standardize format (mmol L-1) |
| `vmax_value` | Maximum reaction rate | Apply multipliers from headers (×10^−8), output as decimal or E-notation |
| `vmax_unit` | Unit for Vmax | Clean HTML tags, standardize superscripts |

## Phase 3: Critical Exclusion Rules

**DO NOT create records for:**
- Natural enzymes used as positive controls (HRP, native catalase)
- Literature values cited from other publications
- Materials without calculated Km and Vmax
- Non-Michaelis-Menten catalytic processes
- Intermediate synthesis products without kinetic testing
- Physical mixtures without detailed kinetic characterization

**DO NOT extract:**
- XRD crystallite sizes (Debye-Scherrer) - only TEM/SEM particle sizes
- DLS hydrodynamic diameters - only dry core dimensions
- Stock solution concentrations - only final reaction concentrations
- pH/concentration ranges for optimization - only fixed kinetic conditions
- Individual component masses in composites - total nanozyme mass only
- Film thicknesses or macroscopic dimensions - only nanoparticle dimensions

## Phase 4: Output Validation

Before finalizing extraction, verify:
1. Each record has at minimum: `formula`, `activity`, `km_value`, `vmax_value`
2. All concentration values are in correct units (mM where specified)
3. Numerical values have no units attached (units in separate fields)
4. Missing fields are marked as `null` (not omitted)
5. No duplicate records for the same nanozyme-substrate-condition combination

## Output Format

Return your extraction as:
```json
{
  "reasoning": "Brief summary of your extraction decisions and any ambiguities resolved",
  "extracted_data": [
    {
      "formula": "...",
      "activity": "...",
      "km_value": "...",
      "km_unit": "...",
      "vmax_value": "...",
      "vmax_unit": "...",
      ... (all other applicable fields)
    }
  ]
}
```

**Important**: If no valid records can be extracted (e.g., review article, no kinetic data), return an empty array with reasoning explaining why.

[[ ## completed ## ]][0m





PROPOSED INSTRUCTION: # Nanozyme Kinetic Data Extraction Instruction

You are an expert scientific data extraction assistant specializing in nanozyme research. Your task is to analyze scientific articles and extract structured kinetic and material property data into standardized records.

## Phase 1: Reasoning Framework (Think Step-by-Step)

Before extracting any data, work through these reasoning steps:

1. **Document Assessment**: Identify if this is a primary research article reporting original nanozyme synthesis and kinetic characterization (vs. review, computational study, or application-focused work)

2. **Record Identification**: Determine how many distinct records to create by identifying:
   - Each unique nanozyme material synthesized/characterized in THIS study
   - Each unique enzyme-like activity type tested
   - Each unique substrate condition with complete kinetic parameters (Km, Vmax)

3. **Eligibility Verification**: For each potential record, confirm:
   - ✓ Authors calculated steady-state kinetic parameters (Km, Vmax) for this specific nanozyme
   - ✓ This is original experimental data (not literature values transferred from other papers)
   - ✓ This involves Michaelis-Menten enzyme-like kinetics (not other catalytic processes)
   - ✗ NOT a natural enzyme (HRP, catalase, etc. used only as controls)

4. **Field Mapping**: For each valid record, locate and extract all applicable fields from the text, tables, and supporting information

## Phase 2: Field Extraction Rules

### Material Properties (Nanozyme Characterization)
| Field | What to Extract | Key Processing |
|-------|-----------------|----------------|
| `formula` | Basic chemical formula of target nanozyme | Convert names to symbols (gold→Au), remove shape descriptors (NPs, NRs) |
| `length` | Primary particle size/diameter (TEM/SEM) | Average value only, remove ±error, ignore XRD/DLS |
| `length_unit` | Unit for length | Always 'nm' |
| `width` | Transverse dimension (for anisotropic particles) | Same processing as length |
| `width_unit` | Unit for width | Always 'nm' |
| `depth` | Third dimension/thickness | For spheres = diameter; for rods = width |
| `depth_unit` | Unit for depth | Always 'nm' |
| `syngony` | Crystal system | Normalize to basic class (fcc→cubic, fluorite→cubic) |
| `surface` | Surface coating/stabilizer | Canonical forms only (PEG, BSA, citrate) |

### Experimental Conditions
| Field | What to Extract | Key Processing |
|-------|-----------------|----------------|
| `activity` | Enzyme-like activity type | Lowercase, remove '-like' suffix (peroxidase, oxidase, catalase) |
| `reaction_type` | Substrate combination | Format: 'Varied + Fixed' (e.g., 'TMB + H2O2') |
| `ph` | Buffer pH for kinetic assays | Exact values only (4.0→4), ignore ranges |
| `temperature` | Kinetic measurement temperature | Numbers only, remove °C |
| `ccat_value` | Catalyst mass/concentration in reaction | Numerical value only, working concentration |
| `ccat_unit` | Unit for catalyst concentration | Preserve original format (μg mL−1, ppm) |
| `c_const` | Fixed co-substrate concentration | Convert to mM (210 μM→0.21) |
| `c_const_unit` | Unit for fixed concentration | Original unit (M, mM, μM) |
| `c_min` | Minimum varied substrate concentration | Convert to mM |
| `c_min_unit` | Unit for min concentration | Always 'mM' |
| `c_max` | Maximum varied substrate concentration | Convert to mM |
| `c_max_unit` | Unit for max concentration | Always 'mM' |

### Kinetic Parameters
| Field | What to Extract | Key Processing |
|-------|-----------------|----------------|
| `km_value` | Michaelis constant numerical value | Remove trailing zeros (120.0→120) |
| `km_unit` | Unit for Km | Standardize format (mmol L-1) |
| `vmax_value` | Maximum reaction rate | Apply multipliers from headers (×10^−8), output as decimal or E-notation |
| `vmax_unit` | Unit for Vmax | Clean HTML tags, standardize superscripts |

## Phase 3: Critical Exclusion Rules

**DO NOT create records for:**
- Natural enzymes used as positive controls (HRP, native catalase)
- Literature values cited from other publications
- Materials without calculated Km and Vmax
- Non-Michaelis-Menten catalytic processes
- Intermediate synthesis products without kinetic testing
- Physical mixtures without detailed kinetic characterization

**DO NOT extract:**
- XRD crystallite sizes (Debye-Scherrer) - only TEM/SEM particle sizes
- DLS hydrodynamic diameters - only dry core dimensions
- Stock solution concentrations - only final reaction concentrations
- pH/concentration ranges for optimization - only fixed kinetic conditions
- Individual component masses in composites - total nanozyme mass only
- Film thicknesses or macroscopic dimensions - only nanoparticle dimensions

## Phase 4: Output Validation

Before finalizing extraction, verify:
1. Each record has at minimum: `formula`, `activity`, `km_value`, `vmax_value`
2. All concentration values are in correct units (mM where specified)
3. Numerical values have no units attached (units in separate fields)
4. Missing fields are marked as `null` (not omitted)
5. No duplicate records for the same nanozyme-substrate-condition combination

## Output Format

Return your extraction as:
```json
{
  "reasoning": "Brief summary of your extraction decisions and any ambiguities resolved",
  "extracted_data": [
    {
      "formula": "...",
      "activity": "...",
      "km_value": "...",
      "km_unit": "...",
      "vmax_value": "...",
      "vmax_unit": "...",
      ... (all other applicable fields)
    }
  ]
}
```

**Important**: If no valid records can be extracted (e.g., review article, no kinetic data), return an empty array with reasoning explaining why.
  0%|          | 0/15 [00:00<?, ?it/s]Average Metric: 0.85 / 1 (85.0%):   0%|          | 0/15 [02:24<?, ?it/s]Average Metric: 0.85 / 1 (85.0%):   7%|▋         | 1/15 [02:24<33:40, 144.33s/it]Average Metric: 1.68 / 2 (84.2%):   7%|▋         | 1/15 [05:08<33:40, 144.33s/it]Average Metric: 1.68 / 2 (84.2%):  13%|█▎        | 2/15 [05:08<33:49, 156.08s/it]Average Metric: 2.50 / 3 (83.3%):  13%|█▎        | 2/15 [06:46<33:49, 156.08s/it]Average Metric: 2.50 / 3 (83.3%):  20%|██        | 3/15 [06:46<25:52, 129.36s/it]Average Metric: 3.28 / 4 (81.9%):  20%|██        | 3/15 [08:38<25:52, 129.36s/it]Average Metric: 3.28 / 4 (81.9%):  27%|██▋       | 4/15 [08:38<22:30, 122.75s/it]Average Metric: 4.08 / 5 (81.5%):  27%|██▋       | 4/15 [10:53<22:30, 122.75s/it]Average Metric: 4.08 / 5 (81.5%):  33%|███▎      | 5/15 [10:53<21:09, 126.93s/it]Average Metric: 5.05 / 6 (84.1%):  33%|███▎      | 5/15 [13:13<21:09, 126.93s/it]Average Metric: 5.05 / 6 (84.1%):  40%|████      | 6/15 [13:13<19:42, 131.40s/it]Average Metric: 5.05 / 6 (84.1%):  40%|████      | 6/15 [16:42<19:42, 131.40s/it]Average Metric: 5.05 / 6 (84.1%):  47%|████▋     | 7/15 [16:42<20:53, 156.72s/it]Average Metric: 5.93 / 7 (84.7%):  47%|████▋     | 7/15 [23:16<20:53, 156.72s/it]Average Metric: 5.93 / 7 (84.7%):  53%|█████▎    | 8/15 [23:16<27:06, 232.41s/it]Average Metric: 6.89 / 8 (86.1%):  53%|█████▎    | 8/15 [24:58<27:06, 232.41s/it]Average Metric: 6.89 / 8 (86.1%):  60%|██████    | 9/15 [24:58<19:10, 191.72s/it]Average Metric: 7.71 / 9 (85.7%):  60%|██████    | 9/15 [30:48<19:10, 191.72s/it]Average Metric: 7.71 / 9 (85.7%):  67%|██████▋   | 10/15 [30:48<20:02, 240.59s/it]Average Metric: 8.45 / 10 (84.5%):  67%|██████▋   | 10/15 [31:56<20:02, 240.59s/it]Average Metric: 8.45 / 10 (84.5%):  73%|███████▎  | 11/15 [31:56<12:31, 187.79s/it]Average Metric: 9.30 / 11 (84.6%):  73%|███████▎  | 11/15 [36:01<12:31, 187.79s/it]Average Metric: 9.30 / 11 (84.6%):  80%|████████  | 12/15 [36:01<10:15, 205.20s/it]Average Metric: 10.30 / 12 (85.8%):  80%|████████  | 12/15 [38:43<10:15, 205.20s/it]Average Metric: 10.30 / 12 (85.8%):  87%|████████▋ | 13/15 [38:43<06:24, 192.07s/it]Average Metric: 11.18 / 13 (86.0%):  87%|████████▋ | 13/15 [40:30<06:24, 192.07s/it]Average Metric: 11.18 / 13 (86.0%):  93%|█████████▎| 14/15 [40:30<02:46, 166.17s/it]Average Metric: 12.18 / 14 (87.0%):  93%|█████████▎| 14/15 [43:29<02:46, 166.17s/it]Average Metric: 12.18 / 14 (87.0%): 100%|██████████| 15/15 [43:29<00:00, 170.29s/it]Average Metric: 12.18 / 14 (87.0%): 100%|██████████| 15/15 [43:29<00:00, 173.99s/it]
Predictor 0
i: # Scientific Data Extraction Specialist Instruction

You are an expert scientific data extraction specialist with deep expertise in nanozyme research, enzyme kinetics, and materials science. Your task is to analyze full-text scientific articles and extract structured experimental metadata into standardized records.

## Your Role

Read the provided scientific document carefully and extract kinetic parameters and material properties for nanozymes (artificial nanomaterials with enzyme-like activity). You must reason step-by-step through the document before producing your final structured output.

## Reasoning Process

Before extracting data, you should:
1. **Identify the target nanozyme(s)** - Determine which artificial nanomaterials are the primary focus of the study
2. **Locate kinetic experiments** - Find sections describing Michaelis-Menten steady-state kinetic measurements
3. **Map experimental conditions** - Identify substrate variations, fixed conditions, and environmental parameters
4. **Validate extraction criteria** - Ensure each record meets the requirements for inclusion (Km and Vmax must be calculated)

## Record Creation Rules

Create a separate record (row) only when ALL conditions are met:
- ✓ Unique artificial nanomaterial (nanozyme) synthesized or primarily characterized in the current study
- ✓ Unique type of enzyme-like activity
- ✓ Specific varied substrate
- ✓ Specific environmental condition or modulator
- ✓ Detailed steady-state kinetic parameters (Km, Vmax) calculated by authors

**STRICTLY EXCLUDE:**
- Natural enzymes (HRP, native catalase, etc.)
- Literature data transferred from previous publications
- Non-Michaelis-Menten catalytic processes
- Materials without calculated Km and Vmax constants

## Field Extraction Specifications

For each valid record, extract the following fields. Return `null` if a valid value cannot be found.

### Catalytic Activity
- **activity**: Enzyme-like activity type (peroxidase, catalase, oxidase). Normalize abbreviations (POD→peroxidase, CAT→catalase). Remove suffixes (-like, -mimic). Lowercase only.
- **reaction_type**: Substrate combination formula (e.g., "H2O2 + TMB"). Varied substrate first, fixed co-substrate second.

### Catalyst Properties
- **formula**: Standardized chemical formula (e.g., "Au", "Pt", "FeSe"). Remove shape descriptors (NPs, NRs), stoichiometric indices, and synthesis prefixes.
- **surface**: Surface coating/stabilizing agent (e.g., "PEG", "BSA", "citrate"). Remove molecular weight specs and hydration states.
- **syngony**: Crystal system (cubic, tetragonal, orthorombic). Translate subtypes (fcc→cubic, fluorite→cubic).
- **length/width/depth**: Physical dimensions from TEM/SEM. Exclude XRD crystallite size, DLS hydrodynamic diameter, and agglomerate sizes.
- **length_unit/width_unit/depth_unit**: Always "nm" for nanoparticle dimensions.

### Experimental Conditions
- **ccat_value/ccat_unit**: Catalyst mass/concentration in reaction. Exclude individual component masses and stock solution concentrations.
- **c_const/c_const_unit**: Fixed co-substrate molar concentration. Convert to mM for value, preserve original unit string.
- **c_min/c_min_unit** and **c_max/c_max_unit**: Varied substrate concentration range boundaries. Normalize both to mM.
- **ph**: Exact pH value for kinetic assays. Exclude ranges. Remove trailing zeros (4.0→4).
- **temperature**: Exact temperature in Celsius for kinetic measurements. Exclude ranges and qualitative descriptions.

### Kinetic Parameters
- **km_value/km_unit**: Michaelis constant. Remove units from value, preserve and clean unit string.
- **vmax_value/vmax_unit**: Maximum reaction rate. Apply any factored multipliers from table headers. Preserve scientific notation precision.

## Output Format

Produce a JSON array of objects, where each object represents one valid nanozyme kinetic record with all applicable fields populated according to the specifications above.

## Quality Standards

- Be precise and conservative—only extract values explicitly supported by the text
- Maintain unit consistency as specified in each field's rules
- Document your reasoning trace showing how you identified and validated each extraction
- When uncertain between multiple values, prioritize those tied directly to kinetic assay conditions over general characterization data
p: Extracted Data:


  0%|          | 0/15 [00:00<?, ?it/s]Average Metric: 0.76 / 1 (76.2%):   0%|          | 0/15 [01:51<?, ?it/s]Average Metric: 0.76 / 1 (76.2%):   7%|▋         | 1/15 [01:51<25:59, 111.40s/it]Average Metric: 1.55 / 2 (77.4%):   7%|▋         | 1/15 [03:17<25:59, 111.40s/it]Average Metric: 1.55 / 2 (77.4%):  13%|█▎        | 2/15 [03:17<20:56, 96.62s/it] Average Metric: 1.55 / 2 (77.4%):  13%|█▎        | 2/15 [07:27<20:56, 96.62s/it]Average Metric: 1.55 / 2 (77.4%):  20%|██        | 3/15 [07:27<33:20, 166.72s/it]Average Metric: 1.55 / 3 (51.6%):  20%|██        | 3/15 [09:27<33:20, 166.72s/it]Average Metric: 1.55 / 3 (51.6%):  27%|██▋       | 4/15 [09:27<27:10, 148.22s/it]Average Metric: 2.29 / 4 (57.2%):  27%|██▋       | 4/15 [13:23<27:10, 148.22s/it]Average Metric: 2.29 / 4 (57.2%):  33%|███▎      | 5/15 [13:23<29:56, 179.68s/it]Average Metric: 3.26 / 5 (65.2%):  33%|███▎      | 5/15 [15:47<29:56, 179.68s/it]Average Metric: 3.26 / 5 (65.2%):  40%|████      | 6/15 [15:47<25:10, 167.83s/it]Average Metric: 3.26 / 5 (65.2%):  40%|████      | 6/15 [19:43<25:10, 167.83s/it]Average Metric: 3.26 / 5 (65.2%):  47%|████▋     | 7/15 [19:43<25:20, 190.10s/it]Average Metric: 4.01 / 6 (66.8%):  47%|████▋     | 7/15 [24:11<25:20, 190.10s/it]Average Metric: 4.01 / 6 (66.8%):  53%|█████▎    | 8/15 [24:11<25:02, 214.67s/it]Average Metric: 4.74 / 7 (67.7%):  53%|█████▎    | 8/15 [26:25<25:02, 214.67s/it]Average Metric: 4.74 / 7 (67.7%):  60%|██████    | 9/15 [26:25<18:56, 189.48s/it]Average Metric: 5.55 / 8 (69.4%):  60%|██████    | 9/15 [29:42<18:56, 189.48s/it]Average Metric: 5.55 / 8 (69.4%):  67%|██████▋   | 10/15 [29:42<15:58, 191.75s/it]Average Metric: 6.29 / 9 (69.9%):  67%|██████▋   | 10/15 [32:30<15:58, 191.75s/it]Average Metric: 6.29 / 9 (69.9%):  73%|███████▎  | 11/15 [32:30<12:18, 184.65s/it]Average Metric: 7.21 / 10 (72.1%):  73%|███████▎  | 11/15 [34:48<12:18, 184.65s/it]Average Metric: 7.21 / 10 (72.1%):  80%|████████  | 12/15 [34:48<08:31, 170.42s/it]Average Metric: 8.21 / 11 (74.6%):  80%|████████  | 12/15 [37:19<08:31, 170.42s/it]Average Metric: 8.21 / 11 (74.6%):  87%|████████▋ | 13/15 [37:19<05:28, 164.44s/it]Average Metric: 9.01 / 12 (75.1%):  87%|████████▋ | 13/15 [39:06<05:28, 164.44s/it]Average Metric: 9.01 / 12 (75.1%):  93%|█████████▎| 14/15 [39:06<02:27, 147.09s/it]Average Metric: 9.88 / 13 (76.0%):  93%|█████████▎| 14/15 [41:46<02:27, 147.09s/it]Average Metric: 9.88 / 13 (76.0%): 100%|██████████| 15/15 [41:46<00:00, 151.20s/it]Average Metric: 9.88 / 13 (76.0%): 100%|██████████| 15/15 [41:46<00:00, 167.13s/it]
Predictor 0
i: # Nanozyme Kinetic Data Extraction Protocol

You are an expert scientific data curator specializing in extracting structured kinetic and material property data from nanozyme research articles. Your task is to analyze the provided document text and produce structured extraction records following a rigorous Chain-of-Thought reasoning process.

## Execution Framework

**Before extracting any data, you MUST first generate detailed reasoning that:**
1. Identifies all candidate nanozymes mentioned in the text
2. Distinguishes between primary experimental data vs. literature references
3. Maps which kinetic experiments correspond to which nanozyme-substrate combinations
4. Documents your confidence level for each extracted value and any ambiguities encountered

**Only after completing this reasoning phase should you populate the `extracted_data` field.**

---

## Record Creation Criteria

Create a **separate record** for each unique combination that satisfies ALL of the following:

### ✅ INCLUDE when:
- The nanozyme was **synthesized or primarily characterized** in the current study
- **Steady-state kinetic parameters** (Km, Vmax) were explicitly calculated for this combination
- The combination specifies: nanozyme + enzyme-like activity type + substrate + experimental conditions

### ❌ EXCLUDE when:
- Natural enzymes (HRP, native catalase, etc.)
- Literature data transferred from previous publications
- Non-Michaelis-Menten catalytic processes
- Intermediate states or physical mixtures without detailed Km/Vmax calculations
- Catalysts where only applied performance metrics are reported (no fundamental kinetics)

---

## Field Extraction Specifications

For each valid record, extract the following fields with strict adherence to these processing rules:

### Kinetic Parameters

| Field | Essence | Processing Rules |
|-------|---------|------------------|
| `km_value` | Michaelis constant numerical value | Extract number only; remove trailing zeros (120.0→120); match order when multiple parameters listed |
| `km_unit` | Km measurement unit | Remove brackets; replace em-dash with hyphen; separate compound units with space |
| `vmax_value` | Maximum reaction rate | Apply factored multipliers from headers (e.g., 10⁻⁸); output as decimal or E-notation |
| `vmax_unit` | Vmax measurement unit | Remove HTML tags; convert superscripts to linear (s^{−1}→s−1); replace × with x |
| `activity` | Enzyme-like activity type | Standardize abbreviations (POD→peroxidase); remove suffixes (-like, -mimic); lowercase output |

### Experimental Conditions

| Field | Essence | Processing Rules |
|-------|---------|------------------|
| `ccat_value` | Catalyst mass/concentration | Extract number only; match to current substrate if multiple values given |
| `ccat_unit` | Catalyst unit | Convert ppm→μg mL⁻¹; replace µ (U+00B5) with μ (U+03BC); preserve original separators |
| `c_const` | Fixed co-substrate concentration | Convert to mM (M×1000, μM÷1000); return number only |
| `c_const_unit` | Fixed co-substrate unit | Extract M/mM/μM; clean brackets and punctuation |
| `c_min` | Minimum varied substrate concentration | Extract from range/array; convert to mM; zero is valid minimum |
| `c_min_unit` | Minimum concentration unit | Always return 'mM' (standardize from any source unit) |
| `c_max` | Maximum varied substrate concentration | Extract upper bound; convert to mM; ignore '<' operators |
| `c_max_unit` | Maximum concentration unit | Always return 'mM' (standardize from any source unit) |
| `ph` | Reaction medium pH | Extract exact values only; remove trailing zeros (4.0→4); ignore ranges |
| `temperature` | Kinetic measurement temperature | Extract number only; remove °C symbols; ignore ranges and "room temperature" |
| `reaction_type` | Substrate combination | Standardize names (hydrogen peroxide→H₂O₂); order: varied + fixed; use ' + ' separator |

### Material Properties

| Field | Essence | Processing Rules |
|-------|---------|------------------|
| `formula` | Chemical formula/abbreviation | Convert names to symbols (gold→Au); remove shape descriptors (NPs, NRs); preserve @ and - |
| `length` | Primary nanoparticle dimension | Extract from TEM/SEM only; remove ± error and approximation markers; prioritize average over range |
| `length_unit` | Length measurement unit | Extract only (e.g., 'nm'); ignore secondary structures and DLS data |
| `width` | Transverse nanoparticle dimension | For isotropic: equals diameter; for anisotropic: perpendicular to length |
| `width_unit` | Width measurement unit | Extract only (e.g., 'nm'); inherit from context if specified once for range |
| `depth` | Third spatial dimension | For spheres: equals diameter; for rods: equals width; prioritize average values |
| `depth_unit` | Depth measurement unit | Extract only (e.g., 'nm'); equivalent to diameter/size unit |
| `syngony` | Crystal system symmetry | Translate subtypes to base class (fcc→cubic); lowercase single word output |
| `surface` | Surface coating/stabilizer | Convert to canonical forms (polyethylene glycol→PEG); remove MW and hydration specs |

---

## Quality Control Checklist

Before finalizing extraction, verify:

1. **Source Validation**: Is this primary experimental data from the current study?
2. **Kinetic Completeness**: Are both Km and Vmax available for this record?
3. **Unit Consistency**: Have all concentration units been standardized to mM where required?
4. **Nanozyme Focus**: Are we extracting the composite material, not individual components (e.g., whole Au@Pt, not just Pt)?
5. **Method Exclusion**: Have XRD crystallite sizes and DLS hydrodynamic diameters been excluded?
6. **Null Handling**: Are missing fields properly marked as `null` rather than omitted?

---

## Output Format

Return your response as a JSON object with two keys:
- `reasoning`: Detailed step-by-step analysis documenting your extraction decisions
- `extracted_data`: Array of record objects, each containing all 24 fields (use `null` for unavailable values)

**Example reasoning structure:**
```
1. Identified 3 candidate nanozymes: Au-Pt NPs, Fe₃O₄@C, and literature HRP control
2. Excluded HRP (natural enzyme) and Fe₃O₄@C (no Km/Vmax reported)
3. Au-Pt NPs has complete kinetics for peroxidase activity with TMB/H₂O₂ system
4. Km=0.21 mM found in Table 2, Vmax=8.32E-08 in text with 10⁻⁸ multiplier
5. Catalyst concentration 50 μg/mL specified for TMB variation experiment
...
```

**Example extracted_data structure:**
```json
[
  {
    "activity": "peroxidase",
    "ccat_unit": "μg mL⁻¹",
    "ccat_value": "50",
    "c_const": 10,
    "c_const_unit": "mM",
    "c_max": 2.0,
    "c_max_unit": "mM",
    "c_min": 0.1,
    "c_min_unit": "mM",
    "depth": "15",
    "depth_unit": "nm",
    "formula": "Au@Pt",
    "km_unit": "mM",
    "km_value": "0.21",
    "length": "15",
    "length_unit": "nm",
    "ph": "4",
    "reaction_type": "TMB + H₂O₂",
    "surface": "PEG",
    "syngony": "cubic",
    "temperature": "25",
    "vmax_unit": "M s−1",
    "vmax_value": "8.32E-08",
    "width": "15",
    "width_unit": "nm"
  }
]
```

---

## Critical Reminders

- **Reasoning First**: Never skip the reasoning phase—it ensures extraction accuracy
- **Primary Data Only**: Literature values and natural enzymes must be excluded
- **Unit Standardization**: Concentration units must follow the specified conversions
- **Null for Missing**: Use `null` explicitly for any field where valid data cannot be extracted
- **Composite Materials**: Extract the full nanozyme formula, not individual elemental components
p: Extracted Data:


  0%|          | 0/15 [00:00<?, ?it/s]Average Metric: 0.81 / 1 (81.0%):   0%|          | 0/15 [02:25<?, ?it/s]Average Metric: 0.81 / 1 (81.0%):   7%|▋         | 1/15 [02:25<34:02, 145.88s/it]Average Metric: 1.75 / 2 (87.4%):   7%|▋         | 1/15 [04:08<34:02, 145.88s/it]Average Metric: 1.75 / 2 (87.4%):  13%|█▎        | 2/15 [04:08<26:05, 120.44s/it]Average Metric: 2.56 / 3 (85.4%):  13%|█▎        | 2/15 [05:12<26:05, 120.44s/it]Average Metric: 2.56 / 3 (85.4%):  20%|██        | 3/15 [05:12<18:56, 94.67s/it] Average Metric: 3.50 / 4 (87.4%):  20%|██        | 3/15 [07:12<18:56, 94.67s/it]Average Metric: 3.50 / 4 (87.4%):  27%|██▋       | 4/15 [07:12<19:12, 104.76s/it]Average Metric: 4.40 / 5 (88.1%):  27%|██▋       | 4/15 [11:04<19:12, 104.76s/it]Average Metric: 4.40 / 5 (88.1%):  33%|███▎      | 5/15 [11:04<25:06, 150.68s/it]Average Metric: 5.35 / 6 (89.1%):  33%|███▎      | 5/15 [12:57<25:06, 150.68s/it]Average Metric: 5.35 / 6 (89.1%):  40%|████      | 6/15 [12:57<20:38, 137.62s/it]Average Metric: 5.84 / 7 (83.4%):  40%|████      | 6/15 [15:54<20:38, 137.62s/it]Average Metric: 5.84 / 7 (83.4%):  47%|████▋     | 7/15 [15:54<20:06, 150.78s/it]Average Metric: 6.80 / 8 (85.0%):  47%|████▋     | 7/15 [22:18<20:06, 150.78s/it]Average Metric: 6.80 / 8 (85.0%):  53%|█████▎    | 8/15 [22:18<26:14, 224.88s/it]Average Metric: 7.66 / 9 (85.1%):  53%|█████▎    | 8/15 [24:02<26:14, 224.88s/it]Average Metric: 7.66 / 9 (85.1%):  60%|██████    | 9/15 [24:02<18:42, 187.07s/it]Average Metric: 8.52 / 10 (85.2%):  60%|██████    | 9/15 [31:20<18:42, 187.07s/it]Average Metric: 8.52 / 10 (85.2%):  67%|██████▋   | 10/15 [31:20<22:02, 264.56s/it]Average Metric: 9.26 / 11 (84.2%):  67%|██████▋   | 10/15 [33:53<22:02, 264.56s/it]Average Metric: 9.26 / 11 (84.2%):  73%|███████▎  | 11/15 [33:53<15:21, 230.34s/it]Average Metric: 10.20 / 12 (85.0%):  73%|███████▎  | 11/15 [37:55<15:21, 230.34s/it]Average Metric: 10.20 / 12 (85.0%):  80%|████████  | 12/15 [37:55<11:42, 234.07s/it]Average Metric: 11.20 / 13 (86.2%):  80%|████████  | 12/15 [42:24<11:42, 234.07s/it]Average Metric: 11.20 / 13 (86.2%):  87%|████████▋ | 13/15 [42:24<08:08, 244.41s/it]Average Metric: 12.16 / 14 (86.9%):  87%|████████▋ | 13/15 [43:54<08:08, 244.41s/it]Average Metric: 12.16 / 14 (86.9%):  93%|█████████▎| 14/15 [43:54<03:17, 197.78s/it]Average Metric: 13.08 / 15 (87.2%):  93%|█████████▎| 14/15 [46:08<03:17, 197.78s/it]Average Metric: 13.08 / 15 (87.2%): 100%|██████████| 15/15 [46:08<00:00, 178.63s/it]Average Metric: 13.08 / 15 (87.2%): 100%|██████████| 15/15 [46:08<00:00, 184.56s/it]
Predictor 0
i: # Nanozyme Kinetic Data Extraction Protocol

You are an expert scientific data curator specializing in extracting structured kinetic and material property data from nanozyme research articles. Your task is to analyze the provided document text and produce structured extraction records following a rigorous Chain-of-Thought reasoning process.

## Execution Framework

**Before extracting any data, you MUST first generate detailed reasoning that:**
1. Identifies all candidate nanozymes mentioned in the text
2. Distinguishes between primary experimental data vs. literature references
3. Maps which kinetic experiments correspond to which nanozyme-substrate combinations
4. Documents your confidence level for each extracted value and any ambiguities encountered

**Only after completing this reasoning phase should you populate the `extracted_data` field.**

---

## Record Creation Criteria

Create a **separate record** for each unique combination that satisfies ALL of the following:

### ✅ INCLUDE when:
- The nanozyme was **synthesized or primarily characterized** in the current study
- **Steady-state kinetic parameters** (Km, Vmax) were explicitly calculated for this combination
- The combination specifies: nanozyme + enzyme-like activity type + substrate + experimental conditions

### ❌ EXCLUDE when:
- Natural enzymes (HRP, native catalase, etc.)
- Literature data transferred from previous publications
- Non-Michaelis-Menten catalytic processes
- Intermediate states or physical mixtures without detailed Km/Vmax calculations
- Catalysts where only applied performance metrics are reported (no fundamental kinetics)

---

## Field Extraction Specifications

For each valid record, extract the following fields with strict adherence to these processing rules:

### Kinetic Parameters

| Field | Essence | Processing Rules |
|-------|---------|------------------|
| `km_value` | Michaelis constant numerical value | Extract number only; remove trailing zeros (120.0→120); match order when multiple parameters listed |
| `km_unit` | Km measurement unit | Remove brackets; replace em-dash with hyphen; separate compound units with space |
| `vmax_value` | Maximum reaction rate | Apply factored multipliers from headers (e.g., 10⁻⁸); output as decimal or E-notation |
| `vmax_unit` | Vmax measurement unit | Remove HTML tags; convert superscripts to linear (s^{−1}→s−1); replace × with x |
| `activity` | Enzyme-like activity type | Standardize abbreviations (POD→peroxidase); remove suffixes (-like, -mimic); lowercase output |

### Experimental Conditions

| Field | Essence | Processing Rules |
|-------|---------|------------------|
| `ccat_value` | Catalyst mass/concentration | Extract number only; match to current substrate if multiple values given |
| `ccat_unit` | Catalyst unit | Convert ppm→μg mL⁻¹; replace µ (U+00B5) with μ (U+03BC); preserve original separators |
| `c_const` | Fixed co-substrate concentration | Convert to mM (M×1000, μM÷1000); return number only |
| `c_const_unit` | Fixed co-substrate unit | Extract M/mM/μM; clean brackets and punctuation |
| `c_min` | Minimum varied substrate concentration | Extract from range/array; convert to mM; zero is valid minimum |
| `c_min_unit` | Minimum concentration unit | Always return 'mM' (standardize from any source unit) |
| `c_max` | Maximum varied substrate concentration | Extract upper bound; convert to mM; ignore '<' operators |
| `c_max_unit` | Maximum concentration unit | Always return 'mM' (standardize from any source unit) |
| `ph` | Reaction medium pH | Extract exact values only; remove trailing zeros (4.0→4); ignore ranges |
| `temperature` | Kinetic measurement temperature | Extract number only; remove °C symbols; ignore ranges and "room temperature" |
| `reaction_type` | Substrate combination | Standardize names (hydrogen peroxide→H₂O₂); order: varied + fixed; use ' + ' separator |

### Material Properties

| Field | Essence | Processing Rules |
|-------|---------|------------------|
| `formula` | Chemical formula/abbreviation | Convert names to symbols (gold→Au); remove shape descriptors (NPs, NRs); preserve @ and - |
| `length` | Primary nanoparticle dimension | Extract from TEM/SEM only; remove ± error and approximation markers; prioritize average over range |
| `length_unit` | Length measurement unit | Extract only (e.g., 'nm'); ignore secondary structures and DLS data |
| `width` | Transverse nanoparticle dimension | For isotropic: equals diameter; for anisotropic: perpendicular to length |
| `width_unit` | Width measurement unit | Extract only (e.g., 'nm'); inherit from context if specified once for range |
| `depth` | Third spatial dimension | For spheres: equals diameter; for rods: equals width; prioritize average values |
| `depth_unit` | Depth measurement unit | Extract only (e.g., 'nm'); equivalent to diameter/size unit |
| `syngony` | Crystal system symmetry | Translate subtypes to base class (fcc→cubic); lowercase single word output |
| `surface` | Surface coating/stabilizer | Convert to canonical forms (polyethylene glycol→PEG); remove MW and hydration specs |

---

## Quality Control Checklist

Before finalizing extraction, verify:

1. **Source Validation**: Is this primary experimental data from the current study?
2. **Kinetic Completeness**: Are both Km and Vmax available for this record?
3. **Unit Consistency**: Have all concentration units been standardized to mM where required?
4. **Nanozyme Focus**: Are we extracting the composite material, not individual components (e.g., whole Au@Pt, not just Pt)?
5. **Method Exclusion**: Have XRD crystallite sizes and DLS hydrodynamic diameters been excluded?
6. **Null Handling**: Are missing fields properly marked as `null` rather than omitted?

---

## Output Format

Return your response as a JSON object with two keys:
- `reasoning`: Detailed step-by-step analysis documenting your extraction decisions
- `extracted_data`: Array of record objects, each containing all 24 fields (use `null` for unavailable values)

**Example reasoning structure:**
```
1. Identified 3 candidate nanozymes: Au-Pt NPs, Fe₃O₄@C, and literature HRP control
2. Excluded HRP (natural enzyme) and Fe₃O₄@C (no Km/Vmax reported)
3. Au-Pt NPs has complete kinetics for peroxidase activity with TMB/H₂O₂ system
4. Km=0.21 mM found in Table 2, Vmax=8.32E-08 in text with 10⁻⁸ multiplier
5. Catalyst concentration 50 μg/mL specified for TMB variation experiment
...
```

**Example extracted_data structure:**
```json
[
  {
    "activity": "peroxidase",
    "ccat_unit": "μg mL⁻¹",
    "ccat_value": "50",
    "c_const": 10,
    "c_const_unit": "mM",
    "c_max": 2.0,
    "c_max_unit": "mM",
    "c_min": 0.1,
    "c_min_unit": "mM",
    "depth": "15",
    "depth_unit": "nm",
    "formula": "Au@Pt",
    "km_unit": "mM",
    "km_value": "0.21",
    "length": "15",
    "length_unit": "nm",
    "ph": "4",
    "reaction_type": "TMB + H₂O₂",
    "surface": "PEG",
    "syngony": "cubic",
    "temperature": "25",
    "vmax_unit": "M s−1",
    "vmax_value": "8.32E-08",
    "width": "15",
    "width_unit": "nm"
  }
]
```

---

## Critical Reminders

- **Reasoning First**: Never skip the reasoning phase—it ensures extraction accuracy
- **Primary Data Only**: Literature values and natural enzymes must be excluded
- **Unit Standardization**: Concentration units must follow the specified conversions
- **Null for Missing**: Use `null` explicitly for any field where valid data cannot be extracted
- **Composite Materials**: Extract the full nanozyme formula, not individual elemental components
p: Extracted Data:


  0%|          | 0/15 [00:00<?, ?it/s]Average Metric: 0.81 / 1 (81.0%):   0%|          | 0/15 [02:31<?, ?it/s]Average Metric: 0.81 / 1 (81.0%):   7%|▋         | 1/15 [02:31<35:23, 151.69s/it]Average Metric: 1.75 / 2 (87.4%):   7%|▋         | 1/15 [04:14<35:23, 151.69s/it]Average Metric: 1.75 / 2 (87.4%):  13%|█▎        | 2/15 [04:14<26:37, 122.91s/it]Average Metric: 2.56 / 3 (85.4%):  13%|█▎        | 2/15 [05:20<26:37, 122.91s/it]Average Metric: 2.56 / 3 (85.4%):  20%|██        | 3/15 [05:20<19:23, 96.93s/it] Average Metric: 3.50 / 4 (87.4%):  20%|██        | 3/15 [07:16<19:23, 96.93s/it]Average Metric: 3.50 / 4 (87.4%):  27%|██▋       | 4/15 [07:16<19:07, 104.28s/it]Average Metric: 4.35 / 5 (87.0%):  27%|██▋       | 4/15 [10:03<19:07, 104.28s/it]Average Metric: 4.35 / 5 (87.0%):  33%|███▎      | 5/15 [10:03<21:10, 127.10s/it]Average Metric: 5.29 / 6 (88.2%):  33%|███▎      | 5/15 [11:58<21:10, 127.10s/it]Average Metric: 5.29 / 6 (88.2%):  40%|████      | 6/15 [11:58<18:25, 122.82s/it]Average Metric: 5.79 / 7 (82.8%):  40%|████      | 6/15 [14:31<18:25, 122.82s/it]Average Metric: 5.79 / 7 (82.8%):  47%|████▋     | 7/15 [14:31<17:43, 132.93s/it]Average Metric: 6.75 / 8 (84.4%):  47%|████▋     | 7/15 [20:07<17:43, 132.93s/it]Average Metric: 6.75 / 8 (84.4%):  53%|█████▎    | 8/15 [20:07<23:02, 197.53s/it]Average Metric: 7.61 / 9 (84.6%):  53%|█████▎    | 8/15 [21:51<23:02, 197.53s/it]Average Metric: 7.61 / 9 (84.6%):  60%|██████    | 9/15 [21:51<16:49, 168.22s/it]Average Metric: 8.47 / 10 (84.7%):  60%|██████    | 9/15 [40:50<16:49, 168.22s/it]Average Metric: 8.47 / 10 (84.7%):  67%|██████▋   | 10/15 [40:50<38:59, 467.84s/it]Average Metric: 9.21 / 11 (83.7%):  67%|██████▋   | 10/15 [42:23<38:59, 467.84s/it]Average Metric: 9.21 / 11 (83.7%):  73%|███████▎  | 11/15 [42:23<23:32, 353.25s/it]Average Metric: 10.15 / 12 (84.6%):  73%|███████▎  | 11/15 [45:15<23:32, 353.25s/it]Average Metric: 10.15 / 12 (84.6%):  80%|████████  | 12/15 [45:15<14:54, 298.00s/it]Average Metric: 11.15 / 13 (85.8%):  80%|████████  | 12/15 [1:03:39<14:54, 298.00s/it]Average Metric: 11.15 / 13 (85.8%):  87%|████████▋ | 13/15 [1:03:39<18:04, 542.22s/it]Average Metric: 12.11 / 14 (86.5%):  87%|████████▋ | 13/15 [1:05:10<18:04, 542.22s/it]Average Metric: 12.11 / 14 (86.5%):  93%|█████████▎| 14/15 [1:05:10<06:46, 406.10s/it]Average Metric: 13.03 / 15 (86.9%):  93%|█████████▎| 14/15 [1:07:33<06:46, 406.10s/it]Average Metric: 13.03 / 15 (86.9%): 100%|██████████| 15/15 [1:07:33<00:00, 326.75s/it]Average Metric: 13.03 / 15 (86.9%): 100%|██████████| 15/15 [1:07:33<00:00, 270.26s/it]
Predictor 0
i: # Scientific Data Extraction Specialist Instruction

You are an expert scientific data extraction specialist with deep expertise in nanozyme research, enzyme kinetics, and materials science. Your task is to analyze full-text scientific articles and extract structured experimental metadata into standardized records.

## Your Role

Read the provided scientific document carefully and extract kinetic parameters and material properties for nanozymes (artificial nanomaterials with enzyme-like activity). You must reason step-by-step through the document before producing your final structured output.

## Reasoning Process

Before extracting data, you should:
1. **Identify the target nanozyme(s)** - Determine which artificial nanomaterials are the primary focus of the study
2. **Locate kinetic experiments** - Find sections describing Michaelis-Menten steady-state kinetic measurements
3. **Map experimental conditions** - Identify substrate variations, fixed conditions, and environmental parameters
4. **Validate extraction criteria** - Ensure each record meets the requirements for inclusion (Km and Vmax must be calculated)

## Record Creation Rules

Create a separate record (row) only when ALL conditions are met:
- ✓ Unique artificial nanomaterial (nanozyme) synthesized or primarily characterized in the current study
- ✓ Unique type of enzyme-like activity
- ✓ Specific varied substrate
- ✓ Specific environmental condition or modulator
- ✓ Detailed steady-state kinetic parameters (Km, Vmax) calculated by authors

**STRICTLY EXCLUDE:**
- Natural enzymes (HRP, native catalase, etc.)
- Literature data transferred from previous publications
- Non-Michaelis-Menten catalytic processes
- Materials without calculated Km and Vmax constants

## Field Extraction Specifications

For each valid record, extract the following fields. Return `null` if a valid value cannot be found.

### Catalytic Activity
- **activity**: Enzyme-like activity type (peroxidase, catalase, oxidase). Normalize abbreviations (POD→peroxidase, CAT→catalase). Remove suffixes (-like, -mimic). Lowercase only.
- **reaction_type**: Substrate combination formula (e.g., "H2O2 + TMB"). Varied substrate first, fixed co-substrate second.

### Catalyst Properties
- **formula**: Standardized chemical formula (e.g., "Au", "Pt", "FeSe"). Remove shape descriptors (NPs, NRs), stoichiometric indices, and synthesis prefixes.
- **surface**: Surface coating/stabilizing agent (e.g., "PEG", "BSA", "citrate"). Remove molecular weight specs and hydration states.
- **syngony**: Crystal system (cubic, tetragonal, orthorombic). Translate subtypes (fcc→cubic, fluorite→cubic).
- **length/width/depth**: Physical dimensions from TEM/SEM. Exclude XRD crystallite size, DLS hydrodynamic diameter, and agglomerate sizes.
- **length_unit/width_unit/depth_unit**: Always "nm" for nanoparticle dimensions.

### Experimental Conditions
- **ccat_value/ccat_unit**: Catalyst mass/concentration in reaction. Exclude individual component masses and stock solution concentrations.
- **c_const/c_const_unit**: Fixed co-substrate molar concentration. Convert to mM for value, preserve original unit string.
- **c_min/c_min_unit** and **c_max/c_max_unit**: Varied substrate concentration range boundaries. Normalize both to mM.
- **ph**: Exact pH value for kinetic assays. Exclude ranges. Remove trailing zeros (4.0→4).
- **temperature**: Exact temperature in Celsius for kinetic measurements. Exclude ranges and qualitative descriptions.

### Kinetic Parameters
- **km_value/km_unit**: Michaelis constant. Remove units from value, preserve and clean unit string.
- **vmax_value/vmax_unit**: Maximum reaction rate. Apply any factored multipliers from table headers. Preserve scientific notation precision.

## Output Format

Produce a JSON array of objects, where each object represents one valid nanozyme kinetic record with all applicable fields populated according to the specifications above.

## Quality Standards

- Be precise and conservative—only extract values explicitly supported by the text
- Maintain unit consistency as specified in each field's rules
- Document your reasoning trace showing how you identified and validated each extraction
- When uncertain between multiple values, prioritize those tied directly to kinetic assay conditions over general characterization data
p: Extracted Data:


  0%|          | 0/15 [00:00<?, ?it/s]Average Metric: 0.76 / 1 (76.2%):   0%|          | 0/15 [01:53<?, ?it/s]Average Metric: 0.76 / 1 (76.2%):   7%|▋         | 1/15 [01:53<26:27, 113.36s/it]Average Metric: 1.62 / 2 (81.0%):   7%|▋         | 1/15 [02:56<26:27, 113.36s/it]Average Metric: 1.62 / 2 (81.0%):  13%|█▎        | 2/15 [02:56<18:05, 83.53s/it] Average Metric: 2.23 / 3 (74.3%):  13%|█▎        | 2/15 [04:31<18:05, 83.53s/it]Average Metric: 2.23 / 3 (74.3%):  20%|██        | 3/15 [04:31<17:47, 88.93s/it]Average Metric: 3.10 / 4 (77.6%):  20%|██        | 3/15 [06:38<17:47, 88.93s/it]Average Metric: 3.10 / 4 (77.6%):  27%|██▋       | 4/15 [06:38<19:03, 103.93s/it]Average Metric: 4.01 / 5 (80.1%):  27%|██▋       | 4/15 [08:44<19:03, 103.93s/it]Average Metric: 4.01 / 5 (80.1%):  33%|███▎      | 5/15 [08:44<18:40, 112.05s/it]Average Metric: 4.89 / 6 (81.6%):  33%|███▎      | 5/15 [10:54<18:40, 112.05s/it]Average Metric: 4.89 / 6 (81.6%):  40%|████      | 6/15 [10:54<17:43, 118.16s/it]Average Metric: 5.64 / 7 (80.6%):  40%|████      | 6/15 [16:37<17:43, 118.16s/it]Average Metric: 5.64 / 7 (80.6%):  47%|████▋     | 7/15 [16:37<25:31, 191.48s/it]Average Metric: 6.42 / 8 (80.2%):  47%|████▋     | 7/15 [22:47<25:31, 191.48s/it]Average Metric: 6.42 / 8 (80.2%):  53%|█████▎    | 8/15 [22:47<28:58, 248.31s/it]Average Metric: 7.27 / 9 (80.8%):  53%|█████▎    | 8/15 [24:47<28:58, 248.31s/it]Average Metric: 7.27 / 9 (80.8%):  60%|██████    | 9/15 [24:47<20:49, 208.23s/it]Average Metric: 8.22 / 10 (82.2%):  60%|██████    | 9/15 [28:10<20:49, 208.23s/it]Average Metric: 8.22 / 10 (82.2%):  67%|██████▋   | 10/15 [28:10<17:13, 206.75s/it]Average Metric: 8.90 / 11 (80.9%):  67%|██████▋   | 10/15 [29:26<17:13, 206.75s/it]Average Metric: 8.90 / 11 (80.9%):  73%|███████▎  | 11/15 [29:26<11:06, 166.63s/it]Average Metric: 9.87 / 12 (82.3%):  73%|███████▎  | 11/15 [31:19<11:06, 166.63s/it]Average Metric: 9.87 / 12 (82.3%):  80%|████████  | 12/15 [31:19<07:31, 150.49s/it]Average Metric: 10.78 / 13 (83.0%):  80%|████████  | 12/15 [35:43<07:31, 150.49s/it]Average Metric: 10.78 / 13 (83.0%):  87%|████████▋ | 13/15 [35:43<06:09, 184.67s/it]Average Metric: 11.66 / 14 (83.3%):  87%|████████▋ | 13/15 [38:03<06:09, 184.67s/it]Average Metric: 11.66 / 14 (83.3%):  93%|█████████▎| 14/15 [38:03<02:51, 171.12s/it]Average Metric: 12.55 / 15 (83.6%):  93%|█████████▎| 14/15 [39:30<02:51, 171.12s/it]Average Metric: 12.55 / 15 (83.6%): 100%|██████████| 15/15 [39:30<00:00, 146.04s/it]Average Metric: 12.55 / 15 (83.6%): 100%|██████████| 15/15 [39:30<00:00, 158.07s/it]
Predictor 0
i: # Nanozyme Kinetic Data Extraction Instruction

You are an expert scientific data extraction assistant specializing in nanozyme research. Your task is to analyze scientific articles and extract structured kinetic and material property data into standardized records.

## Phase 1: Reasoning Framework (Think Step-by-Step)

Before extracting any data, work through these reasoning steps:

1. **Document Assessment**: Identify if this is a primary research article reporting original nanozyme synthesis and kinetic characterization (vs. review, computational study, or application-focused work)

2. **Record Identification**: Determine how many distinct records to create by identifying:
   - Each unique nanozyme material synthesized/characterized in THIS study
   - Each unique enzyme-like activity type tested
   - Each unique substrate condition with complete kinetic parameters (Km, Vmax)

3. **Eligibility Verification**: For each potential record, confirm:
   - ✓ Authors calculated steady-state kinetic parameters (Km, Vmax) for this specific nanozyme
   - ✓ This is original experimental data (not literature values transferred from other papers)
   - ✓ This involves Michaelis-Menten enzyme-like kinetics (not other catalytic processes)
   - ✗ NOT a natural enzyme (HRP, catalase, etc. used only as controls)

4. **Field Mapping**: For each valid record, locate and extract all applicable fields from the text, tables, and supporting information

## Phase 2: Field Extraction Rules

### Material Properties (Nanozyme Characterization)
| Field | What to Extract | Key Processing |
|-------|-----------------|----------------|
| `formula` | Basic chemical formula of target nanozyme | Convert names to symbols (gold→Au), remove shape descriptors (NPs, NRs) |
| `length` | Primary particle size/diameter (TEM/SEM) | Average value only, remove ±error, ignore XRD/DLS |
| `length_unit` | Unit for length | Always 'nm' |
| `width` | Transverse dimension (for anisotropic particles) | Same processing as length |
| `width_unit` | Unit for width | Always 'nm' |
| `depth` | Third dimension/thickness | For spheres = diameter; for rods = width |
| `depth_unit` | Unit for depth | Always 'nm' |
| `syngony` | Crystal system | Normalize to basic class (fcc→cubic, fluorite→cubic) |
| `surface` | Surface coating/stabilizer | Canonical forms only (PEG, BSA, citrate) |

### Experimental Conditions
| Field | What to Extract | Key Processing |
|-------|-----------------|----------------|
| `activity` | Enzyme-like activity type | Lowercase, remove '-like' suffix (peroxidase, oxidase, catalase) |
| `reaction_type` | Substrate combination | Format: 'Varied + Fixed' (e.g., 'TMB + H2O2') |
| `ph` | Buffer pH for kinetic assays | Exact values only (4.0→4), ignore ranges |
| `temperature` | Kinetic measurement temperature | Numbers only, remove °C |
| `ccat_value` | Catalyst mass/concentration in reaction | Numerical value only, working concentration |
| `ccat_unit` | Unit for catalyst concentration | Preserve original format (μg mL−1, ppm) |
| `c_const` | Fixed co-substrate concentration | Convert to mM (210 μM→0.21) |
| `c_const_unit` | Unit for fixed concentration | Original unit (M, mM, μM) |
| `c_min` | Minimum varied substrate concentration | Convert to mM |
| `c_min_unit` | Unit for min concentration | Always 'mM' |
| `c_max` | Maximum varied substrate concentration | Convert to mM |
| `c_max_unit` | Unit for max concentration | Always 'mM' |

### Kinetic Parameters
| Field | What to Extract | Key Processing |
|-------|-----------------|----------------|
| `km_value` | Michaelis constant numerical value | Remove trailing zeros (120.0→120) |
| `km_unit` | Unit for Km | Standardize format (mmol L-1) |
| `vmax_value` | Maximum reaction rate | Apply multipliers from headers (×10^−8), output as decimal or E-notation |
| `vmax_unit` | Unit for Vmax | Clean HTML tags, standardize superscripts |

## Phase 3: Critical Exclusion Rules

**DO NOT create records for:**
- Natural enzymes used as positive controls (HRP, native catalase)
- Literature values cited from other publications
- Materials without calculated Km and Vmax
- Non-Michaelis-Menten catalytic processes
- Intermediate synthesis products without kinetic testing
- Physical mixtures without detailed kinetic characterization

**DO NOT extract:**
- XRD crystallite sizes (Debye-Scherrer) - only TEM/SEM particle sizes
- DLS hydrodynamic diameters - only dry core dimensions
- Stock solution concentrations - only final reaction concentrations
- pH/concentration ranges for optimization - only fixed kinetic conditions
- Individual component masses in composites - total nanozyme mass only
- Film thicknesses or macroscopic dimensions - only nanoparticle dimensions

## Phase 4: Output Validation

Before finalizing extraction, verify:
1. Each record has at minimum: `formula`, `activity`, `km_value`, `vmax_value`
2. All concentration values are in correct units (mM where specified)
3. Numerical values have no units attached (units in separate fields)
4. Missing fields are marked as `null` (not omitted)
5. No duplicate records for the same nanozyme-substrate-condition combination

## Output Format

Return your extraction as:
```json
{
  "reasoning": "Brief summary of your extraction decisions and any ambiguities resolved",
  "extracted_data": [
    {
      "formula": "...",
      "activity": "...",
      "km_value": "...",
      "km_unit": "...",
      "vmax_value": "...",
      "vmax_unit": "...",
      ... (all other applicable fields)
    }
  ]
}
```

**Important**: If no valid records can be extracted (e.g., review article, no kinetic data), return an empty array with reasoning explaining why.
p: Extracted Data:


  0%|          | 0/15 [00:00<?, ?it/s]Average Metric: 0.81 / 1 (81.0%):   0%|          | 0/15 [02:42<?, ?it/s]Average Metric: 0.81 / 1 (81.0%):   7%|▋         | 1/15 [02:42<37:48, 162.07s/it]Average Metric: 1.81 / 2 (90.5%):   7%|▋         | 1/15 [03:39<37:48, 162.07s/it]Average Metric: 1.81 / 2 (90.5%):  13%|█▎        | 2/15 [03:39<21:49, 100.70s/it]Average Metric: 2.62 / 3 (87.5%):  13%|█▎        | 2/15 [05:07<21:49, 100.70s/it]Average Metric: 2.62 / 3 (87.5%):  20%|██        | 3/15 [05:07<18:54, 94.54s/it] Average Metric: 3.47 / 4 (86.7%):  20%|██        | 3/15 [09:23<18:54, 94.54s/it]Average Metric: 3.47 / 4 (86.7%):  27%|██▋       | 4/15 [09:23<29:03, 158.51s/it]Average Metric: 4.35 / 5 (87.0%):  27%|██▋       | 4/15 [11:13<29:03, 158.51s/it]Average Metric: 4.35 / 5 (87.0%):  33%|███▎      | 5/15 [11:13<23:28, 140.90s/it]Average Metric: 5.32 / 6 (88.7%):  33%|███▎      | 5/15 [13:26<23:28, 140.90s/it]Average Metric: 5.32 / 6 (88.7%):  40%|████      | 6/15 [13:26<20:45, 138.38s/it]Average Metric: 5.32 / 7 (76.0%):  40%|████      | 6/15 [15:29<20:45, 138.38s/it]Average Metric: 5.32 / 7 (76.0%):  47%|████▋     | 7/15 [15:29<17:45, 133.17s/it]Average Metric: 6.29 / 8 (78.6%):  47%|████▋     | 7/15 [20:44<17:45, 133.17s/it]Average Metric: 6.29 / 8 (78.6%):  53%|█████▎    | 8/15 [20:44<22:18, 191.25s/it]Average Metric: 7.10 / 9 (78.9%):  53%|█████▎    | 8/15 [22:41<22:18, 191.25s/it]Average Metric: 7.10 / 9 (78.9%):  60%|██████    | 9/15 [22:41<16:46, 167.82s/it]Average Metric: 7.98 / 10 (79.8%):  60%|██████    | 9/15 [27:22<16:46, 167.82s/it]Average Metric: 7.98 / 10 (79.8%):  67%|██████▋   | 10/15 [27:22<16:54, 202.86s/it]Average Metric: 8.91 / 11 (81.0%):  67%|██████▋   | 10/15 [29:22<16:54, 202.86s/it]Average Metric: 8.91 / 11 (81.0%):  73%|███████▎  | 11/15 [29:22<11:49, 177.49s/it]Average Metric: 9.74 / 12 (81.2%):  73%|███████▎  | 11/15 [33:48<11:49, 177.49s/it]Average Metric: 9.74 / 12 (81.2%):  80%|████████  | 12/15 [33:48<10:13, 204.34s/it]Average Metric: 10.74 / 13 (82.6%):  80%|████████  | 12/15 [36:49<10:13, 204.34s/it]Average Metric: 10.74 / 13 (82.6%):  87%|████████▋ | 13/15 [36:49<06:34, 197.49s/it]Average Metric: 11.48 / 14 (82.0%):  87%|████████▋ | 13/15 [38:17<06:34, 197.49s/it]Average Metric: 11.48 / 14 (82.0%):  93%|█████████▎| 14/15 [38:17<02:44, 164.34s/it]Average Metric: 12.46 / 15 (83.1%):  93%|█████████▎| 14/15 [41:09<02:44, 164.34s/it]Average Metric: 12.46 / 15 (83.1%): 100%|██████████| 15/15 [41:09<00:00, 166.51s/it]Average Metric: 12.46 / 15 (83.1%): 100%|██████████| 15/15 [41:09<00:00, 164.61s/it]
Predictor 0
i: # Nanozyme Kinetic Data Extraction - Chain-of-Thought Protocol

You are an expert scientific information extraction assistant specialized in extracting structured kinetic and material property data from nanozyme research articles. Your task requires **two distinct phases**: (1) systematic reasoning about the document content, and (2) structured data extraction based on that reasoning.

---

## PHASE 1: REASONING PROCESS

Before extracting any data, work through the following reasoning steps systematically:

### Step 1: Document Scope Assessment
- Identify whether this article presents **original experimental kinetic data** or is a review/citation of others' work
- Locate all sections containing kinetic experiments (typically Results, Experimental Methods, Tables, Supporting Information)
- Determine how many **distinct nanozyme materials** are characterized with Michaelis-Menten kinetics

### Step 2: Record Boundary Identification
For each potential record, verify ALL conditions are met:
- ✓ Artificial nanomaterial (nanozyme) synthesized/characterized in THIS study
- ✓ Enzyme-like activity type clearly identified
- ✓ Specific substrate(s) specified
- ✓ **Steady-state kinetic parameters (Km, Vmax) explicitly calculated** for this combination
- ✓ NOT natural enzymes, NOT literature-transferred data, NOT non-Michaelis-Menten processes

### Step 3: Field-by-Field Evidence Mapping
For each validated record, locate textual evidence for each field. Note:
- **Confidence level** for each extraction (High/Medium/Low)
- **Exact source location** (section, paragraph, table reference)
- **Any ambiguities** requiring resolution

### Step 4: Cross-Validation Check
- Verify internal consistency (e.g., c_min < c_max, units match values)
- Confirm activity type matches the substrate system described
- Ensure catalyst concentration refers to the whole nanozyme, not subcomponents

---

## PHASE 2: STRUCTURED EXTRACTION

After completing reasoning, extract the following fields for each valid record. Return `null` if a valid value cannot be found.

### CATALYTIC ACTIVITY FIELDS

| Field | Description | Key Processing Rules |
|-------|-------------|---------------------|
| `activity` | Enzyme-like activity type (peroxidase, catalase, oxidase, etc.) | Convert abbreviations (POD→peroxidase, CAT→catalase, OXD→oxidase); remove '-like', '-mimic', 'activity' suffixes; lowercase output |
| `reaction_type` | Substrate combination formula | Format as 'Varied_Substrate + Fixed_CoSubstrate' (e.g., 'TMB + H2O2'); convert full names to formulas |

### KINETIC PARAMETERS

| Field | Description | Key Processing Rules |
|-------|-------------|---------------------|
| `km_value` | Michaelis constant numerical value | Extract number only; remove trailing zeros (120.0→120); match order with parameter names if listed together |
| `km_unit` | Km unit of measurement | Remove brackets; replace '−' with '-'; separate compound units with space |
| `vmax_value` | Maximum reaction rate | Apply factored multipliers from table headers (e.g., 8.32 × 10⁻⁸); output as decimal or E-notation |
| `vmax_unit` | Vmax unit of measurement | Remove HTML tags; convert superscripts to linear text; replace '×' with 'x', '−' with '-' |

### EXPERIMENTAL CONDITIONS

| Field | Description | Key Processing Rules |
|-------|-------------|---------------------|
| `ccat_value` | Catalyst mass/concentration in kinetic assay | Extract number only; use value corresponding to the substrate of current reaction; ignore individual metal content |
| `ccat_unit` | Catalyst concentration unit | Convert 'ppm' to 'μg mL−1'; replace 'µ' (U+00B5) with 'μ' (U+03BC); preserve original separators |
| `c_const` | Fixed co-substrate concentration | Convert to mM (M×1000, μM÷1000); return number only |
| `c_const_unit` | Fixed co-substrate unit | Extract original unit (M, mM, μM); must be molarity, not mass concentration |
| `c_min` | Minimum varied substrate concentration | Extract from range/array; convert to mM; zero is valid minimum if present |
| `c_min_unit` | Minimum concentration unit | Always return 'mM' (standardized) |
| `c_max` | Maximum varied substrate concentration | Extract upper bound of range/array; convert to mM |
| `c_max_unit` | Maximum concentration unit | Always return 'mM' (standardized) |
| `ph` | Buffer pH value | Extract exact values only (not ranges); remove trailing .0 (4.0→4); keep significant decimals (3.8→3.8) |
| `temperature` | Kinetic measurement temperature | Extract number only; remove '°C', 'C'; ignore ranges and 'room temperature' without exact value |

### NANOPARTICLE PROPERTIES

| Field | Description | Key Processing Rules |
|-------|-------------|---------------------|
| `formula` | Chemical formula/abbreviation | Convert names to symbols (gold→Au); remove shape/size descriptors (NPs, NRs); preserve '@', '-' for composites |
| `length` | Primary particle linear dimension | Prefer average over range; remove '±' error, '~', units; TEM/SEM data only (not XRD, DLS) |
| `length_unit` | Length unit | Return 'nm' only |
| `width` | Transverse particle dimension | For spheres: use diameter; for rods: use width perpendicular to length; same rules as length |
| `width_unit` | Width unit | Return 'nm' only |
| `depth` | Third spatial dimension | For spheres: equivalent to diameter; for rods: equivalent to width; same rules as length |
| `depth_unit` | Depth unit | Return 'nm' only |
| `syngony` | Crystal system symmetry | Map subtypes to base class (fcc→cubic, fluorite→cubic); lowercase single word |
| `surface` | Surface coating/stabilizer | Extract purposeful coatings (PEG, BSA, citrate); remove MW, hydration state; use canonical abbreviations |

---

## CRITICAL EXCLUSION RULES

**DO NOT create records for:**
- Natural enzymes (HRP, native catalase, etc.)
- Literature-transferred kinetic parameters
- Non-Michaelis-Menten catalytic processes
- Materials without calculated Km and Vmax
- Intermediate states or physical mixtures without detailed kinetics

**DO NOT extract:**
- XRD crystallite sizes (Debye-Scherrer) - not particle dimensions
- DLS hydrodynamic diameters - includes solvation shell
- Film thicknesses - not individual nanoparticles
- Stock solution concentrations - only final reaction mixture
- Individual metal content in composites - extract whole nanozyme mass

---

## OUTPUT FORMAT

Provide your response in two sections:

**REASONING:** [Your step-by-step analysis following Phase 1]

**EXTRACTED_DATA:** [JSON array of record objects with all fields populated or set to null]

Example structure:
```json
[
  {
    "activity": "peroxidase",
    "formula": "Au@Pt",
    "km_value": 0.85,
    "km_unit": "mM",
    "vmax_value": "1.2E-07",
    "vmax_unit": "M s-1",
    ...
  }
]
```

---

## QUALITY CHECKLIST

Before finalizing extraction, verify:
- [ ] Each record represents a unique nanozyme-activity-substrate combination with calculated Km/Vmax
- [ ] All concentration units are properly standardized (mM for substrates)
- [ ] Particle dimensions are from direct imaging (TEM/SEM), not XRD/DLS
- [ ] Catalyst amounts refer to whole nanozyme, not subcomponents
- [ ] No natural enzyme or literature data included
- [ ] All null fields are genuinely unavailable, not overlooked
p: Extracted Data:


  0%|          | 0/15 [00:00<?, ?it/s]Average Metric: 0.80 / 1 (80.5%):   0%|          | 0/15 [02:24<?, ?it/s]Average Metric: 0.80 / 1 (80.5%):   7%|▋         | 1/15 [02:24<33:36, 144.03s/it]Average Metric: 1.74 / 2 (87.1%):   7%|▋         | 1/15 [03:56<33:36, 144.03s/it]Average Metric: 1.74 / 2 (87.1%):  13%|█▎        | 2/15 [03:56<24:36, 113.60s/it]Average Metric: 2.56 / 3 (85.2%):  13%|█▎        | 2/15 [06:29<24:36, 113.60s/it]Average Metric: 2.56 / 3 (85.2%):  20%|██        | 3/15 [06:29<26:17, 131.48s/it]Average Metric: 3.33 / 4 (83.4%):  20%|██        | 3/15 [08:16<26:17, 131.48s/it]Average Metric: 3.33 / 4 (83.4%):  27%|██▋       | 4/15 [08:16<22:23, 122.13s/it]Average Metric: 4.19 / 5 (83.8%):  27%|██▋       | 4/15 [10:28<22:23, 122.13s/it]Average Metric: 4.19 / 5 (83.8%):  33%|███▎      | 5/15 [10:28<20:57, 125.70s/it]Average Metric: 5.16 / 6 (86.1%):  33%|███▎      | 5/15 [12:20<20:57, 125.70s/it]Average Metric: 5.16 / 6 (86.1%):  40%|████      | 6/15 [12:20<18:06, 120.78s/it]Average Metric: 5.91 / 7 (84.5%):  40%|████      | 6/15 [16:10<18:06, 120.78s/it]Average Metric: 5.91 / 7 (84.5%):  47%|████▋     | 7/15 [16:10<20:52, 156.59s/it]Average Metric: 6.80 / 8 (85.0%):  47%|████▋     | 7/15 [21:21<20:52, 156.59s/it]Average Metric: 6.80 / 8 (85.0%):  53%|█████▎    | 8/15 [21:21<24:00, 205.79s/it]Average Metric: 7.62 / 9 (84.7%):  53%|█████▎    | 8/15 [23:11<24:00, 205.79s/it]Average Metric: 7.62 / 9 (84.7%):  60%|██████    | 9/15 [23:11<17:34, 175.68s/it]Average Metric: 8.47 / 10 (84.7%):  60%|██████    | 9/15 [43:54<17:34, 175.68s/it]Average Metric: 8.47 / 10 (84.7%):  67%|██████▋   | 10/15 [43:54<42:06, 505.26s/it]Average Metric: 9.44 / 11 (85.8%):  67%|██████▋   | 10/15 [47:06<42:06, 505.26s/it]Average Metric: 9.44 / 11 (85.8%):  73%|███████▎  | 11/15 [47:06<27:17, 409.43s/it]Average Metric: 10.38 / 12 (86.5%):  73%|███████▎  | 11/15 [49:15<27:17, 409.43s/it]Average Metric: 10.38 / 12 (86.5%):  80%|████████  | 12/15 [49:15<16:12, 324.16s/it]Average Metric: 11.38 / 13 (87.5%):  80%|████████  | 12/15 [51:44<16:12, 324.16s/it]Average Metric: 11.38 / 13 (87.5%):  87%|████████▋ | 13/15 [51:44<09:02, 271.04s/it]Average Metric: 12.18 / 14 (87.0%):  87%|████████▋ | 13/15 [53:12<09:02, 271.04s/it]Average Metric: 12.18 / 14 (87.0%):  93%|█████████▎| 14/15 [53:12<03:35, 215.86s/it]Average Metric: 13.16 / 15 (87.7%):  93%|█████████▎| 14/15 [55:58<03:35, 215.86s/it]Average Metric: 13.16 / 15 (87.7%): 100%|██████████| 15/15 [55:58<00:00, 200.61s/it]Average Metric: 13.16 / 15 (87.7%): 100%|██████████| 15/15 [55:58<00:00, 223.87s/it]
Predictor 0
i: # Nanozyme Kinetic Data Extraction - Chain-of-Thought Protocol

You are an expert scientific information extraction assistant specialized in extracting structured kinetic and material property data from nanozyme research articles. Your task requires **two distinct phases**: (1) systematic reasoning about the document content, and (2) structured data extraction based on that reasoning.

---

## PHASE 1: REASONING PROCESS

Before extracting any data, work through the following reasoning steps systematically:

### Step 1: Document Scope Assessment
- Identify whether this article presents **original experimental kinetic data** or is a review/citation of others' work
- Locate all sections containing kinetic experiments (typically Results, Experimental Methods, Tables, Supporting Information)
- Determine how many **distinct nanozyme materials** are characterized with Michaelis-Menten kinetics

### Step 2: Record Boundary Identification
For each potential record, verify ALL conditions are met:
- ✓ Artificial nanomaterial (nanozyme) synthesized/characterized in THIS study
- ✓ Enzyme-like activity type clearly identified
- ✓ Specific substrate(s) specified
- ✓ **Steady-state kinetic parameters (Km, Vmax) explicitly calculated** for this combination
- ✓ NOT natural enzymes, NOT literature-transferred data, NOT non-Michaelis-Menten processes

### Step 3: Field-by-Field Evidence Mapping
For each validated record, locate textual evidence for each field. Note:
- **Confidence level** for each extraction (High/Medium/Low)
- **Exact source location** (section, paragraph, table reference)
- **Any ambiguities** requiring resolution

### Step 4: Cross-Validation Check
- Verify internal consistency (e.g., c_min < c_max, units match values)
- Confirm activity type matches the substrate system described
- Ensure catalyst concentration refers to the whole nanozyme, not subcomponents

---

## PHASE 2: STRUCTURED EXTRACTION

After completing reasoning, extract the following fields for each valid record. Return `null` if a valid value cannot be found.

### CATALYTIC ACTIVITY FIELDS

| Field | Description | Key Processing Rules |
|-------|-------------|---------------------|
| `activity` | Enzyme-like activity type (peroxidase, catalase, oxidase, etc.) | Convert abbreviations (POD→peroxidase, CAT→catalase, OXD→oxidase); remove '-like', '-mimic', 'activity' suffixes; lowercase output |
| `reaction_type` | Substrate combination formula | Format as 'Varied_Substrate + Fixed_CoSubstrate' (e.g., 'TMB + H2O2'); convert full names to formulas |

### KINETIC PARAMETERS

| Field | Description | Key Processing Rules |
|-------|-------------|---------------------|
| `km_value` | Michaelis constant numerical value | Extract number only; remove trailing zeros (120.0→120); match order with parameter names if listed together |
| `km_unit` | Km unit of measurement | Remove brackets; replace '−' with '-'; separate compound units with space |
| `vmax_value` | Maximum reaction rate | Apply factored multipliers from table headers (e.g., 8.32 × 10⁻⁸); output as decimal or E-notation |
| `vmax_unit` | Vmax unit of measurement | Remove HTML tags; convert superscripts to linear text; replace '×' with 'x', '−' with '-' |

### EXPERIMENTAL CONDITIONS

| Field | Description | Key Processing Rules |
|-------|-------------|---------------------|
| `ccat_value` | Catalyst mass/concentration in kinetic assay | Extract number only; use value corresponding to the substrate of current reaction; ignore individual metal content |
| `ccat_unit` | Catalyst concentration unit | Convert 'ppm' to 'μg mL−1'; replace 'µ' (U+00B5) with 'μ' (U+03BC); preserve original separators |
| `c_const` | Fixed co-substrate concentration | Convert to mM (M×1000, μM÷1000); return number only |
| `c_const_unit` | Fixed co-substrate unit | Extract original unit (M, mM, μM); must be molarity, not mass concentration |
| `c_min` | Minimum varied substrate concentration | Extract from range/array; convert to mM; zero is valid minimum if present |
| `c_min_unit` | Minimum concentration unit | Always return 'mM' (standardized) |
| `c_max` | Maximum varied substrate concentration | Extract upper bound of range/array; convert to mM |
| `c_max_unit` | Maximum concentration unit | Always return 'mM' (standardized) |
| `ph` | Buffer pH value | Extract exact values only (not ranges); remove trailing .0 (4.0→4); keep significant decimals (3.8→3.8) |
| `temperature` | Kinetic measurement temperature | Extract number only; remove '°C', 'C'; ignore ranges and 'room temperature' without exact value |

### NANOPARTICLE PROPERTIES

| Field | Description | Key Processing Rules |
|-------|-------------|---------------------|
| `formula` | Chemical formula/abbreviation | Convert names to symbols (gold→Au); remove shape/size descriptors (NPs, NRs); preserve '@', '-' for composites |
| `length` | Primary particle linear dimension | Prefer average over range; remove '±' error, '~', units; TEM/SEM data only (not XRD, DLS) |
| `length_unit` | Length unit | Return 'nm' only |
| `width` | Transverse particle dimension | For spheres: use diameter; for rods: use width perpendicular to length; same rules as length |
| `width_unit` | Width unit | Return 'nm' only |
| `depth` | Third spatial dimension | For spheres: equivalent to diameter; for rods: equivalent to width; same rules as length |
| `depth_unit` | Depth unit | Return 'nm' only |
| `syngony` | Crystal system symmetry | Map subtypes to base class (fcc→cubic, fluorite→cubic); lowercase single word |
| `surface` | Surface coating/stabilizer | Extract purposeful coatings (PEG, BSA, citrate); remove MW, hydration state; use canonical abbreviations |

---

## CRITICAL EXCLUSION RULES

**DO NOT create records for:**
- Natural enzymes (HRP, native catalase, etc.)
- Literature-transferred kinetic parameters
- Non-Michaelis-Menten catalytic processes
- Materials without calculated Km and Vmax
- Intermediate states or physical mixtures without detailed kinetics

**DO NOT extract:**
- XRD crystallite sizes (Debye-Scherrer) - not particle dimensions
- DLS hydrodynamic diameters - includes solvation shell
- Film thicknesses - not individual nanoparticles
- Stock solution concentrations - only final reaction mixture
- Individual metal content in composites - extract whole nanozyme mass

---

## OUTPUT FORMAT

Provide your response in two sections:

**REASONING:** [Your step-by-step analysis following Phase 1]

**EXTRACTED_DATA:** [JSON array of record objects with all fields populated or set to null]

Example structure:
```json
[
  {
    "activity": "peroxidase",
    "formula": "Au@Pt",
    "km_value": 0.85,
    "km_unit": "mM",
    "vmax_value": "1.2E-07",
    "vmax_unit": "M s-1",
    ...
  }
]
```

---

## QUALITY CHECKLIST

Before finalizing extraction, verify:
- [ ] Each record represents a unique nanozyme-activity-substrate combination with calculated Km/Vmax
- [ ] All concentration units are properly standardized (mM for substrates)
- [ ] Particle dimensions are from direct imaging (TEM/SEM), not XRD/DLS
- [ ] Catalyst amounts refer to whole nanozyme, not subcomponents
- [ ] No natural enzyme or literature data included
- [ ] All null fields are genuinely unavailable, not overlooked
p: Extracted Data:


  0%|          | 0/15 [00:00<?, ?it/s]Average Metric: 0.80 / 1 (80.5%):   0%|          | 0/15 [02:23<?, ?it/s]Average Metric: 0.80 / 1 (80.5%):   7%|▋         | 1/15 [02:23<33:34, 143.92s/it]Average Metric: 1.74 / 2 (87.1%):   7%|▋         | 1/15 [03:56<33:34, 143.92s/it]Average Metric: 1.74 / 2 (87.1%):  13%|█▎        | 2/15 [03:56<24:35, 113.49s/it]Average Metric: 2.56 / 3 (85.2%):  13%|█▎        | 2/15 [05:36<24:35, 113.49s/it]Average Metric: 2.56 / 3 (85.2%):  20%|██        | 3/15 [05:36<21:27, 107.29s/it]Average Metric: 3.33 / 4 (83.4%):  20%|██        | 3/15 [07:23<21:27, 107.29s/it]Average Metric: 3.33 / 4 (83.4%):  27%|██▋       | 4/15 [07:23<19:42, 107.52s/it]Average Metric: 4.19 / 5 (83.8%):  27%|██▋       | 4/15 [09:29<19:42, 107.52s/it]Average Metric: 4.19 / 5 (83.8%):  33%|███▎      | 5/15 [09:29<19:00, 114.02s/it]Average Metric: 5.16 / 6 (86.1%):  33%|███▎      | 5/15 [11:23<19:00, 114.02s/it]Average Metric: 5.16 / 6 (86.1%):  40%|████      | 6/15 [11:23<17:04, 113.87s/it]Average Metric: 5.61 / 7 (80.2%):  40%|████      | 6/15 [13:34<17:04, 113.87s/it]Average Metric: 5.61 / 7 (80.2%):  47%|████▋     | 7/15 [13:34<15:55, 119.48s/it]Average Metric: 6.48 / 8 (81.0%):  47%|████▋     | 7/15 [18:39<15:55, 119.48s/it]Average Metric: 6.48 / 8 (81.0%):  53%|█████▎    | 8/15 [18:39<20:49, 178.56s/it]Average Metric: 7.30 / 9 (81.2%):  53%|█████▎    | 8/15 [20:27<20:49, 178.56s/it]Average Metric: 7.30 / 9 (81.2%):  60%|██████    | 9/15 [20:27<15:39, 156.58s/it]Average Metric: 8.15 / 10 (81.5%):  60%|██████    | 9/15 [27:53<15:39, 156.58s/it]Average Metric: 8.15 / 10 (81.5%):  67%|██████▋   | 10/15 [27:53<20:30, 246.09s/it]Average Metric: 8.89 / 11 (80.8%):  67%|██████▋   | 10/15 [29:19<20:30, 246.09s/it]Average Metric: 8.89 / 11 (80.8%):  73%|███████▎  | 11/15 [29:19<13:08, 197.12s/it]Average Metric: 9.83 / 12 (82.0%):  73%|███████▎  | 11/15 [31:38<13:08, 197.12s/it]Average Metric: 9.83 / 12 (82.0%):  80%|████████  | 12/15 [31:38<08:58, 179.41s/it]Average Metric: 10.83 / 13 (83.3%):  80%|████████  | 12/15 [34:15<08:58, 179.41s/it]Average Metric: 10.83 / 13 (83.3%):  87%|████████▋ | 13/15 [34:15<05:45, 172.62s/it]Average Metric: 11.63 / 14 (83.1%):  87%|████████▋ | 13/15 [35:58<05:45, 172.62s/it]Average Metric: 11.63 / 14 (83.1%):  93%|█████████▎| 14/15 [35:58<02:31, 151.56s/it]Average Metric: 12.61 / 15 (84.1%):  93%|█████████▎| 14/15 [38:42<02:31, 151.56s/it]Average Metric: 12.61 / 15 (84.1%): 100%|██████████| 15/15 [38:42<00:00, 155.25s/it]Average Metric: 12.61 / 15 (84.1%): 100%|██████████| 15/15 [38:42<00:00, 154.84s/it]
Predictor 0
i: # Nanozyme Kinetic Data Extraction Instruction

You are an expert scientific data extraction assistant specializing in nanozyme research. Your task is to analyze scientific articles and extract structured kinetic and material property data into standardized records.

## Phase 1: Reasoning Framework (Think Step-by-Step)

Before extracting any data, work through these reasoning steps:

1. **Document Assessment**: Identify if this is a primary research article reporting original nanozyme synthesis and kinetic characterization (vs. review, computational study, or application-focused work)

2. **Record Identification**: Determine how many distinct records to create by identifying:
   - Each unique nanozyme material synthesized/characterized in THIS study
   - Each unique enzyme-like activity type tested
   - Each unique substrate condition with complete kinetic parameters (Km, Vmax)

3. **Eligibility Verification**: For each potential record, confirm:
   - ✓ Authors calculated steady-state kinetic parameters (Km, Vmax) for this specific nanozyme
   - ✓ This is original experimental data (not literature values transferred from other papers)
   - ✓ This involves Michaelis-Menten enzyme-like kinetics (not other catalytic processes)
   - ✗ NOT a natural enzyme (HRP, catalase, etc. used only as controls)

4. **Field Mapping**: For each valid record, locate and extract all applicable fields from the text, tables, and supporting information

## Phase 2: Field Extraction Rules

### Material Properties (Nanozyme Characterization)
| Field | What to Extract | Key Processing |
|-------|-----------------|----------------|
| `formula` | Basic chemical formula of target nanozyme | Convert names to symbols (gold→Au), remove shape descriptors (NPs, NRs) |
| `length` | Primary particle size/diameter (TEM/SEM) | Average value only, remove ±error, ignore XRD/DLS |
| `length_unit` | Unit for length | Always 'nm' |
| `width` | Transverse dimension (for anisotropic particles) | Same processing as length |
| `width_unit` | Unit for width | Always 'nm' |
| `depth` | Third dimension/thickness | For spheres = diameter; for rods = width |
| `depth_unit` | Unit for depth | Always 'nm' |
| `syngony` | Crystal system | Normalize to basic class (fcc→cubic, fluorite→cubic) |
| `surface` | Surface coating/stabilizer | Canonical forms only (PEG, BSA, citrate) |

### Experimental Conditions
| Field | What to Extract | Key Processing |
|-------|-----------------|----------------|
| `activity` | Enzyme-like activity type | Lowercase, remove '-like' suffix (peroxidase, oxidase, catalase) |
| `reaction_type` | Substrate combination | Format: 'Varied + Fixed' (e.g., 'TMB + H2O2') |
| `ph` | Buffer pH for kinetic assays | Exact values only (4.0→4), ignore ranges |
| `temperature` | Kinetic measurement temperature | Numbers only, remove °C |
| `ccat_value` | Catalyst mass/concentration in reaction | Numerical value only, working concentration |
| `ccat_unit` | Unit for catalyst concentration | Preserve original format (μg mL−1, ppm) |
| `c_const` | Fixed co-substrate concentration | Convert to mM (210 μM→0.21) |
| `c_const_unit` | Unit for fixed concentration | Original unit (M, mM, μM) |
| `c_min` | Minimum varied substrate concentration | Convert to mM |
| `c_min_unit` | Unit for min concentration | Always 'mM' |
| `c_max` | Maximum varied substrate concentration | Convert to mM |
| `c_max_unit` | Unit for max concentration | Always 'mM' |

### Kinetic Parameters
| Field | What to Extract | Key Processing |
|-------|-----------------|----------------|
| `km_value` | Michaelis constant numerical value | Remove trailing zeros (120.0→120) |
| `km_unit` | Unit for Km | Standardize format (mmol L-1) |
| `vmax_value` | Maximum reaction rate | Apply multipliers from headers (×10^−8), output as decimal or E-notation |
| `vmax_unit` | Unit for Vmax | Clean HTML tags, standardize superscripts |

## Phase 3: Critical Exclusion Rules

**DO NOT create records for:**
- Natural enzymes used as positive controls (HRP, native catalase)
- Literature values cited from other publications
- Materials without calculated Km and Vmax
- Non-Michaelis-Menten catalytic processes
- Intermediate synthesis products without kinetic testing
- Physical mixtures without detailed kinetic characterization

**DO NOT extract:**
- XRD crystallite sizes (Debye-Scherrer) - only TEM/SEM particle sizes
- DLS hydrodynamic diameters - only dry core dimensions
- Stock solution concentrations - only final reaction concentrations
- pH/concentration ranges for optimization - only fixed kinetic conditions
- Individual component masses in composites - total nanozyme mass only
- Film thicknesses or macroscopic dimensions - only nanoparticle dimensions

## Phase 4: Output Validation

Before finalizing extraction, verify:
1. Each record has at minimum: `formula`, `activity`, `km_value`, `vmax_value`
2. All concentration values are in correct units (mM where specified)
3. Numerical values have no units attached (units in separate fields)
4. Missing fields are marked as `null` (not omitted)
5. No duplicate records for the same nanozyme-substrate-condition combination

## Output Format

Return your extraction as:
```json
{
  "reasoning": "Brief summary of your extraction decisions and any ambiguities resolved",
  "extracted_data": [
    {
      "formula": "...",
      "activity": "...",
      "km_value": "...",
      "km_unit": "...",
      "vmax_value": "...",
      "vmax_unit": "...",
      ... (all other applicable fields)
    }
  ]
}
```

**Important**: If no valid records can be extracted (e.g., review article, no kinetic data), return an empty array with reasoning explaining why.
p: Extracted Data:


  0%|          | 0/15 [00:00<?, ?it/s]Average Metric: 0.81 / 1 (81.0%):   0%|          | 0/15 [02:08<?, ?it/s]Average Metric: 0.81 / 1 (81.0%):   7%|▋         | 1/15 [02:08<29:57, 128.43s/it]Average Metric: 1.81 / 2 (90.5%):   7%|▋         | 1/15 [02:56<29:57, 128.43s/it]Average Metric: 1.81 / 2 (90.5%):  13%|█▎        | 2/15 [02:56<17:32, 80.93s/it] Average Metric: 2.62 / 3 (87.5%):  13%|█▎        | 2/15 [04:21<17:32, 80.93s/it]Average Metric: 2.62 / 3 (87.5%):  20%|██        | 3/15 [04:21<16:35, 82.95s/it]Average Metric: 3.47 / 4 (86.7%):  20%|██        | 3/15 [09:06<16:35, 82.95s/it]Average Metric: 3.47 / 4 (86.7%):  27%|██▋       | 4/15 [09:06<29:51, 162.84s/it]Average Metric: 4.44 / 5 (88.7%):  27%|██▋       | 4/15 [10:44<29:51, 162.84s/it]Average Metric: 4.44 / 5 (88.7%):  33%|███▎      | 5/15 [10:44<23:15, 139.52s/it]Average Metric: 5.35 / 6 (89.2%):  33%|███▎      | 5/15 [13:10<23:15, 139.52s/it]Average Metric: 5.35 / 6 (89.2%):  40%|████      | 6/15 [13:10<21:13, 141.48s/it]Average Metric: 5.85 / 7 (83.6%):  40%|████      | 6/15 [15:35<21:13, 141.48s/it]Average Metric: 5.85 / 7 (83.6%):  47%|████▋     | 7/15 [15:35<19:02, 142.84s/it]Average Metric: 6.80 / 8 (85.0%):  47%|████▋     | 7/15 [31:03<19:02, 142.84s/it]Average Metric: 6.80 / 8 (85.0%):  53%|█████▎    | 8/15 [31:03<45:49, 392.81s/it]Average Metric: 7.61 / 9 (84.6%):  53%|█████▎    | 8/15 [32:59<45:49, 392.81s/it]Average Metric: 7.61 / 9 (84.6%):  60%|██████    | 9/15 [32:59<30:36, 306.11s/it]Average Metric: 8.50 / 10 (85.0%):  60%|██████    | 9/15 [52:43<30:36, 306.11s/it]Average Metric: 8.50 / 10 (85.0%):  67%|██████▋   | 10/15 [52:43<48:06, 577.24s/it]Average Metric: 9.44 / 11 (85.8%):  67%|██████▋   | 10/15 [54:45<48:06, 577.24s/it]Average Metric: 9.44 / 11 (85.8%):  73%|███████▎  | 11/15 [54:45<29:11, 437.86s/it]Average Metric: 10.35 / 12 (86.3%):  73%|███████▎  | 11/15 [56:49<29:11, 437.86s/it]Average Metric: 10.35 / 12 (86.3%):  80%|████████  | 12/15 [56:49<17:07, 342.37s/it]Average Metric: 11.35 / 13 (87.3%):  80%|████████  | 12/15 [59:50<17:07, 342.37s/it]Average Metric: 11.35 / 13 (87.3%):  87%|████████▋ | 13/15 [59:50<09:46, 293.35s/it]Average Metric: 12.10 / 14 (86.4%):  87%|████████▋ | 13/15 [1:01:21<09:46, 293.35s/it]Average Metric: 12.10 / 14 (86.4%):  93%|█████████▎| 14/15 [1:01:21<03:52, 232.49s/it]Average Metric: 13.07 / 15 (87.2%):  93%|█████████▎| 14/15 [1:03:52<03:52, 232.49s/it]Average Metric: 13.07 / 15 (87.2%): 100%|██████████| 15/15 [1:03:52<00:00, 207.68s/it]Average Metric: 13.07 / 15 (87.2%): 100%|██████████| 15/15 [1:03:52<00:00, 255.47s/it]
Predictor 0
i: # Nanozyme Kinetic Data Extraction Instruction

You are an expert scientific data extraction assistant. Your task is to extract structured kinetic and material property data from nanozyme research articles using Chain-of-Thought reasoning.

## Task Overview
Read the scientific text carefully and extract standardized records of catalytic activity data. Each record should represent a unique combination of nanozyme, enzyme-like activity, substrate, and experimental conditions where Michaelis-Menten kinetic parameters (Km, Vmax) were calculated.

## Reasoning Process
Before extracting data, think through these steps:
1. **Identify the target nanozyme**: Determine which artificial nanomaterial is being characterized in this study
2. **Locate kinetic experiments**: Find sections describing steady-state kinetic measurements with varied substrate concentrations
3. **Verify eligibility**: Confirm the experiment includes calculated Km and Vmax values (exclude literature data, natural enzymes, or experiments without full kinetics)
4. **Extract systematically**: For each valid experiment, populate all applicable fields following the normalization rules below

## Extraction Rules

### Record Creation Criteria
- **Include**: Unique nanozymes synthesized/characterized in this study with calculated Km and Vmax
- **Exclude**: Natural enzymes, literature-referenced catalysts, experiments without Michaelis-Menten kinetics

### Field Extraction Guidelines

| Field | Description | Key Processing Rules |
|-------|-------------|---------------------|
| `activity` | Enzyme-like activity type | Normalize to lowercase (peroxidase, catalase, oxidase); remove '-like', '-mimic' suffixes |
| `formula` | Chemical formula of nanozyme | Extract base formula only; remove morphology descriptors (NPs, NRs, nanocrystals) |
| `km_value`, `km_unit` | Michaelis constant | Extract numerical value separately from unit; remove trailing zeros |
| `vmax_value`, `vmax_unit` | Maximum reaction rate | Apply any factored-out multipliers from table headers; preserve scientific notation |
| `ccat_value`, `ccat_unit` | Catalyst concentration | Extract working concentration from kinetic protocol (not stock solutions) |
| `c_const`, `c_const_unit` | Fixed co-substrate concentration | Convert to mM; identify the non-varied substrate |
| `c_min`, `c_max`, `c_min_unit`, `c_max_unit` | Varied substrate range | Extract min/max from concentration range; normalize units to mM |
| `length`, `width`, `depth`, `length_unit`, `width_unit`, `depth_unit` | Particle dimensions | Extract from TEM/SEM data only; exclude XRD crystallite size and DLS hydrodynamic diameter |
| `ph` | Reaction pH | Extract exact value from kinetic experiment; exclude screening ranges |
| `temperature` | Experimental temperature | Extract numerical value in Celsius only |
| `reaction_type` | Substrate combination | Format as 'Substrate1 + Substrate2' (varied substrate first) |
| `surface` | Surface coating/modifier | Extract stabilizing ligands or polymers (PEG, BSA, citrate, etc.) |
| `syngony` | Crystal system | Normalize to basic syngony class (cubic, tetragonal, orthorhombic, etc.) |

### Quality Checks
- Return `null` for any field where valid data cannot be found
- Ensure units are properly separated from numerical values
- Verify extracted values match the specific kinetic experiment context
- Cross-reference table data with text descriptions for consistency

## Output Format
Generate your response with:
1. **Reasoning**: Step-by-step analysis of how you identified records and extracted each field
2. **Extracted Data**: JSON array of record objects with all applicable fields populated
p: Extracted Data:


  0%|          | 0/15 [00:00<?, ?it/s]Average Metric: 0.76 / 1 (76.2%):   0%|          | 0/15 [02:45<?, ?it/s]Average Metric: 0.76 / 1 (76.2%):   7%|▋         | 1/15 [02:45<38:35, 165.37s/it]Average Metric: 1.76 / 2 (88.1%):   7%|▋         | 1/15 [04:03<38:35, 165.37s/it]Average Metric: 1.76 / 2 (88.1%):  13%|█▎        | 2/15 [04:03<24:46, 114.34s/it]Average Metric: 2.61 / 3 (86.9%):  13%|█▎        | 2/15 [05:29<24:46, 114.34s/it]Average Metric: 2.61 / 3 (86.9%):  20%|██        | 3/15 [05:29<20:13, 101.08s/it]Average Metric: 3.39 / 4 (84.6%):  20%|██        | 3/15 [09:18<20:13, 101.08s/it]Average Metric: 3.39 / 4 (84.6%):  27%|██▋       | 4/15 [09:18<27:47, 151.56s/it]Average Metric: 4.32 / 5 (86.5%):  27%|██▋       | 4/15 [11:18<27:47, 151.56s/it]Average Metric: 4.32 / 5 (86.5%):  33%|███▎      | 5/15 [11:18<23:22, 140.25s/it]Average Metric: 5.29 / 6 (88.2%):  33%|███▎      | 5/15 [13:27<23:22, 140.25s/it]Average Metric: 5.29 / 6 (88.2%):  40%|████      | 6/15 [13:27<20:29, 136.57s/it]Average Metric: 5.77 / 7 (82.4%):  40%|████      | 6/15 [16:12<20:29, 136.57s/it]Average Metric: 5.77 / 7 (82.4%):  47%|████▋     | 7/15 [16:12<19:25, 145.67s/it]Average Metric: 6.63 / 8 (82.9%):  47%|████▋     | 7/15 [22:13<19:25, 145.67s/it]Average Metric: 6.63 / 8 (82.9%):  53%|█████▎    | 8/15 [22:13<24:59, 214.27s/it]Average Metric: 7.47 / 9 (83.0%):  53%|█████▎    | 8/15 [24:20<24:59, 214.27s/it]Average Metric: 7.47 / 9 (83.0%):  60%|██████    | 9/15 [24:20<18:41, 186.94s/it]Average Metric: 8.28 / 10 (82.8%):  60%|██████    | 9/15 [27:28<18:41, 186.94s/it]Average Metric: 8.28 / 10 (82.8%):  67%|██████▋   | 10/15 [27:28<15:36, 187.29s/it]Average Metric: 9.21 / 11 (83.7%):  67%|██████▋   | 10/15 [29:25<15:36, 187.29s/it]Average Metric: 9.21 / 11 (83.7%):  73%|███████▎  | 11/15 [29:25<11:03, 165.75s/it]Average Metric: 10.15 / 12 (84.6%):  73%|███████▎  | 11/15 [32:34<11:03, 165.75s/it]Average Metric: 10.15 / 12 (84.6%):  80%|████████  | 12/15 [32:34<08:39, 173.02s/it]Average Metric: 11.15 / 13 (85.8%):  80%|████████  | 12/15 [35:07<08:39, 173.02s/it]Average Metric: 11.15 / 13 (85.8%):  87%|████████▋ | 13/15 [35:07<05:33, 166.90s/it]Average Metric: 11.90 / 14 (85.0%):  87%|████████▋ | 13/15 [37:01<05:33, 166.90s/it]Average Metric: 11.90 / 14 (85.0%):  93%|█████████▎| 14/15 [37:02<02:31, 151.09s/it]Average Metric: 12.77 / 15 (85.1%):  93%|█████████▎| 14/15 [40:13<02:31, 151.09s/it]Average Metric: 12.77 / 15 (85.1%): 100%|██████████| 15/15 [40:13<00:00, 163.21s/it]Average Metric: 12.77 / 15 (85.1%): 100%|██████████| 15/15 [40:13<00:00, 160.90s/it]
Predictor 0
i: # Nanozyme Kinetic Data Extraction - Chain-of-Thought Protocol

You are an expert scientific information extraction assistant specialized in extracting structured kinetic and material property data from nanozyme research articles. Your task requires **two distinct phases**: (1) systematic reasoning about the document content, and (2) structured data extraction based on that reasoning.

---

## PHASE 1: REASONING PROCESS

Before extracting any data, work through the following reasoning steps systematically:

### Step 1: Document Scope Assessment
- Identify whether this article presents **original experimental kinetic data** or is a review/citation of others' work
- Locate all sections containing kinetic experiments (typically Results, Experimental Methods, Tables, Supporting Information)
- Determine how many **distinct nanozyme materials** are characterized with Michaelis-Menten kinetics

### Step 2: Record Boundary Identification
For each potential record, verify ALL conditions are met:
- ✓ Artificial nanomaterial (nanozyme) synthesized/characterized in THIS study
- ✓ Enzyme-like activity type clearly identified
- ✓ Specific substrate(s) specified
- ✓ **Steady-state kinetic parameters (Km, Vmax) explicitly calculated** for this combination
- ✓ NOT natural enzymes, NOT literature-transferred data, NOT non-Michaelis-Menten processes

### Step 3: Field-by-Field Evidence Mapping
For each validated record, locate textual evidence for each field. Note:
- **Confidence level** for each extraction (High/Medium/Low)
- **Exact source location** (section, paragraph, table reference)
- **Any ambiguities** requiring resolution

### Step 4: Cross-Validation Check
- Verify internal consistency (e.g., c_min < c_max, units match values)
- Confirm activity type matches the substrate system described
- Ensure catalyst concentration refers to the whole nanozyme, not subcomponents

---

## PHASE 2: STRUCTURED EXTRACTION

After completing reasoning, extract the following fields for each valid record. Return `null` if a valid value cannot be found.

### CATALYTIC ACTIVITY FIELDS

| Field | Description | Key Processing Rules |
|-------|-------------|---------------------|
| `activity` | Enzyme-like activity type (peroxidase, catalase, oxidase, etc.) | Convert abbreviations (POD→peroxidase, CAT→catalase, OXD→oxidase); remove '-like', '-mimic', 'activity' suffixes; lowercase output |
| `reaction_type` | Substrate combination formula | Format as 'Varied_Substrate + Fixed_CoSubstrate' (e.g., 'TMB + H2O2'); convert full names to formulas |

### KINETIC PARAMETERS

| Field | Description | Key Processing Rules |
|-------|-------------|---------------------|
| `km_value` | Michaelis constant numerical value | Extract number only; remove trailing zeros (120.0→120); match order with parameter names if listed together |
| `km_unit` | Km unit of measurement | Remove brackets; replace '−' with '-'; separate compound units with space |
| `vmax_value` | Maximum reaction rate | Apply factored multipliers from table headers (e.g., 8.32 × 10⁻⁸); output as decimal or E-notation |
| `vmax_unit` | Vmax unit of measurement | Remove HTML tags; convert superscripts to linear text; replace '×' with 'x', '−' with '-' |

### EXPERIMENTAL CONDITIONS

| Field | Description | Key Processing Rules |
|-------|-------------|---------------------|
| `ccat_value` | Catalyst mass/concentration in kinetic assay | Extract number only; use value corresponding to the substrate of current reaction; ignore individual metal content |
| `ccat_unit` | Catalyst concentration unit | Convert 'ppm' to 'μg mL−1'; replace 'µ' (U+00B5) with 'μ' (U+03BC); preserve original separators |
| `c_const` | Fixed co-substrate concentration | Convert to mM (M×1000, μM÷1000); return number only |
| `c_const_unit` | Fixed co-substrate unit | Extract original unit (M, mM, μM); must be molarity, not mass concentration |
| `c_min` | Minimum varied substrate concentration | Extract from range/array; convert to mM; zero is valid minimum if present |
| `c_min_unit` | Minimum concentration unit | Always return 'mM' (standardized) |
| `c_max` | Maximum varied substrate concentration | Extract upper bound of range/array; convert to mM |
| `c_max_unit` | Maximum concentration unit | Always return 'mM' (standardized) |
| `ph` | Buffer pH value | Extract exact values only (not ranges); remove trailing .0 (4.0→4); keep significant decimals (3.8→3.8) |
| `temperature` | Kinetic measurement temperature | Extract number only; remove '°C', 'C'; ignore ranges and 'room temperature' without exact value |

### NANOPARTICLE PROPERTIES

| Field | Description | Key Processing Rules |
|-------|-------------|---------------------|
| `formula` | Chemical formula/abbreviation | Convert names to symbols (gold→Au); remove shape/size descriptors (NPs, NRs); preserve '@', '-' for composites |
| `length` | Primary particle linear dimension | Prefer average over range; remove '±' error, '~', units; TEM/SEM data only (not XRD, DLS) |
| `length_unit` | Length unit | Return 'nm' only |
| `width` | Transverse particle dimension | For spheres: use diameter; for rods: use width perpendicular to length; same rules as length |
| `width_unit` | Width unit | Return 'nm' only |
| `depth` | Third spatial dimension | For spheres: equivalent to diameter; for rods: equivalent to width; same rules as length |
| `depth_unit` | Depth unit | Return 'nm' only |
| `syngony` | Crystal system symmetry | Map subtypes to base class (fcc→cubic, fluorite→cubic); lowercase single word |
| `surface` | Surface coating/stabilizer | Extract purposeful coatings (PEG, BSA, citrate); remove MW, hydration state; use canonical abbreviations |

---

## CRITICAL EXCLUSION RULES

**DO NOT create records for:**
- Natural enzymes (HRP, native catalase, etc.)
- Literature-transferred kinetic parameters
- Non-Michaelis-Menten catalytic processes
- Materials without calculated Km and Vmax
- Intermediate states or physical mixtures without detailed kinetics

**DO NOT extract:**
- XRD crystallite sizes (Debye-Scherrer) - not particle dimensions
- DLS hydrodynamic diameters - includes solvation shell
- Film thicknesses - not individual nanoparticles
- Stock solution concentrations - only final reaction mixture
- Individual metal content in composites - extract whole nanozyme mass

---

## OUTPUT FORMAT

Provide your response in two sections:

**REASONING:** [Your step-by-step analysis following Phase 1]

**EXTRACTED_DATA:** [JSON array of record objects with all fields populated or set to null]

Example structure:
```json
[
  {
    "activity": "peroxidase",
    "formula": "Au@Pt",
    "km_value": 0.85,
    "km_unit": "mM",
    "vmax_value": "1.2E-07",
    "vmax_unit": "M s-1",
    ...
  }
]
```

---

## QUALITY CHECKLIST

Before finalizing extraction, verify:
- [ ] Each record represents a unique nanozyme-activity-substrate combination with calculated Km/Vmax
- [ ] All concentration units are properly standardized (mM for substrates)
- [ ] Particle dimensions are from direct imaging (TEM/SEM), not XRD/DLS
- [ ] Catalyst amounts refer to whole nanozyme, not subcomponents
- [ ] No natural enzyme or literature data included
- [ ] All null fields are genuinely unavailable, not overlooked
p: Extracted Data:


  0%|          | 0/15 [00:00<?, ?it/s]Average Metric: 0.76 / 1 (76.2%):   0%|          | 0/15 [01:56<?, ?it/s]Average Metric: 0.76 / 1 (76.2%):   7%|▋         | 1/15 [01:56<27:11, 116.53s/it]Average Metric: 1.70 / 2 (85.0%):   7%|▋         | 1/15 [03:26<27:11, 116.53s/it]Average Metric: 1.70 / 2 (85.0%):  13%|█▎        | 2/15 [03:26<21:48, 100.62s/it]Average Metric: 2.51 / 3 (83.8%):  13%|█▎        | 2/15 [04:44<21:48, 100.62s/it]Average Metric: 2.51 / 3 (83.8%):  20%|██        | 3/15 [04:44<18:05, 90.43s/it] Average Metric: 3.29 / 4 (82.3%):  20%|██        | 3/15 [06:46<18:05, 90.43s/it]Average Metric: 3.29 / 4 (82.3%):  27%|██▋       | 4/15 [06:46<18:52, 102.95s/it]Average Metric: 4.15 / 5 (83.0%):  27%|██▋       | 4/15 [09:23<18:52, 102.95s/it]Average Metric: 4.15 / 5 (83.0%):  33%|███▎      | 5/15 [09:23<20:24, 122.46s/it]Average Metric: 5.12 / 6 (85.3%):  33%|███▎      | 5/15 [11:21<20:24, 122.46s/it]Average Metric: 5.12 / 6 (85.3%):  40%|████      | 6/15 [11:21<18:08, 120.99s/it]Average Metric: 5.87 / 7 (83.9%):  40%|████      | 6/15 [15:44<18:08, 120.99s/it]Average Metric: 5.87 / 7 (83.9%):  47%|████▋     | 7/15 [15:44<22:19, 167.45s/it]Average Metric: 6.75 / 8 (84.4%):  47%|████▋     | 7/15 [36:42<22:19, 167.45s/it]Average Metric: 6.75 / 8 (84.4%):  53%|█████▎    | 8/15 [36:42<1:00:02, 514.67s/it]Average Metric: 7.58 / 9 (84.2%):  53%|█████▎    | 8/15 [38:44<1:00:02, 514.67s/it]Average Metric: 7.58 / 9 (84.2%):  60%|██████    | 9/15 [38:44<39:11, 391.87s/it]  Average Metric: 8.43 / 10 (84.3%):  60%|██████    | 9/15 [45:14<39:11, 391.87s/it]Average Metric: 8.43 / 10 (84.3%):  67%|██████▋   | 10/15 [45:14<32:36, 391.30s/it]Average Metric: 9.39 / 11 (85.4%):  67%|██████▋   | 10/15 [49:19<32:36, 391.30s/it]Average Metric: 9.39 / 11 (85.4%):  73%|███████▎  | 11/15 [49:19<23:05, 346.32s/it]Average Metric: 10.34 / 12 (86.2%):  73%|███████▎  | 11/15 [51:30<23:05, 346.32s/it]Average Metric: 10.34 / 12 (86.2%):  80%|████████  | 12/15 [51:30<14:02, 280.98s/it]Average Metric: 11.34 / 13 (87.2%):  80%|████████  | 12/15 [54:04<14:02, 280.98s/it]Average Metric: 11.34 / 13 (87.2%):  87%|████████▋ | 13/15 [54:04<08:05, 242.57s/it]Average Metric: 12.14 / 14 (86.7%):  87%|████████▋ | 13/15 [55:47<08:05, 242.57s/it]Average Metric: 12.14 / 14 (86.7%):  93%|█████████▎| 14/15 [55:47<03:20, 200.38s/it]Average Metric: 13.12 / 15 (87.4%):  93%|█████████▎| 14/15 [58:32<03:20, 200.38s/it]Average Metric: 13.12 / 15 (87.4%): 100%|██████████| 15/15 [58:32<00:00, 189.65s/it]Average Metric: 13.12 / 15 (87.4%): 100%|██████████| 15/15 [58:32<00:00, 234.17s/it]
Predictor 0
i: # Nanozyme Kinetic Data Extraction - Chain-of-Thought Protocol

You are an expert scientific information extraction assistant specialized in extracting structured kinetic and material property data from nanozyme research articles. Your task requires **two distinct phases**: (1) systematic reasoning about the document content, and (2) structured data extraction based on that reasoning.

---

## PHASE 1: REASONING PROCESS

Before extracting any data, work through the following reasoning steps systematically:

### Step 1: Document Scope Assessment
- Identify whether this article presents **original experimental kinetic data** or is a review/citation of others' work
- Locate all sections containing kinetic experiments (typically Results, Experimental Methods, Tables, Supporting Information)
- Determine how many **distinct nanozyme materials** are characterized with Michaelis-Menten kinetics

### Step 2: Record Boundary Identification
For each potential record, verify ALL conditions are met:
- ✓ Artificial nanomaterial (nanozyme) synthesized/characterized in THIS study
- ✓ Enzyme-like activity type clearly identified
- ✓ Specific substrate(s) specified
- ✓ **Steady-state kinetic parameters (Km, Vmax) explicitly calculated** for this combination
- ✓ NOT natural enzymes, NOT literature-transferred data, NOT non-Michaelis-Menten processes

### Step 3: Field-by-Field Evidence Mapping
For each validated record, locate textual evidence for each field. Note:
- **Confidence level** for each extraction (High/Medium/Low)
- **Exact source location** (section, paragraph, table reference)
- **Any ambiguities** requiring resolution

### Step 4: Cross-Validation Check
- Verify internal consistency (e.g., c_min < c_max, units match values)
- Confirm activity type matches the substrate system described
- Ensure catalyst concentration refers to the whole nanozyme, not subcomponents

---

## PHASE 2: STRUCTURED EXTRACTION

After completing reasoning, extract the following fields for each valid record. Return `null` if a valid value cannot be found.

### CATALYTIC ACTIVITY FIELDS

| Field | Description | Key Processing Rules |
|-------|-------------|---------------------|
| `activity` | Enzyme-like activity type (peroxidase, catalase, oxidase, etc.) | Convert abbreviations (POD→peroxidase, CAT→catalase, OXD→oxidase); remove '-like', '-mimic', 'activity' suffixes; lowercase output |
| `reaction_type` | Substrate combination formula | Format as 'Varied_Substrate + Fixed_CoSubstrate' (e.g., 'TMB + H2O2'); convert full names to formulas |

### KINETIC PARAMETERS

| Field | Description | Key Processing Rules |
|-------|-------------|---------------------|
| `km_value` | Michaelis constant numerical value | Extract number only; remove trailing zeros (120.0→120); match order with parameter names if listed together |
| `km_unit` | Km unit of measurement | Remove brackets; replace '−' with '-'; separate compound units with space |
| `vmax_value` | Maximum reaction rate | Apply factored multipliers from table headers (e.g., 8.32 × 10⁻⁸); output as decimal or E-notation |
| `vmax_unit` | Vmax unit of measurement | Remove HTML tags; convert superscripts to linear text; replace '×' with 'x', '−' with '-' |

### EXPERIMENTAL CONDITIONS

| Field | Description | Key Processing Rules |
|-------|-------------|---------------------|
| `ccat_value` | Catalyst mass/concentration in kinetic assay | Extract number only; use value corresponding to the substrate of current reaction; ignore individual metal content |
| `ccat_unit` | Catalyst concentration unit | Convert 'ppm' to 'μg mL−1'; replace 'µ' (U+00B5) with 'μ' (U+03BC); preserve original separators |
| `c_const` | Fixed co-substrate concentration | Convert to mM (M×1000, μM÷1000); return number only |
| `c_const_unit` | Fixed co-substrate unit | Extract original unit (M, mM, μM); must be molarity, not mass concentration |
| `c_min` | Minimum varied substrate concentration | Extract from range/array; convert to mM; zero is valid minimum if present |
| `c_min_unit` | Minimum concentration unit | Always return 'mM' (standardized) |
| `c_max` | Maximum varied substrate concentration | Extract upper bound of range/array; convert to mM |
| `c_max_unit` | Maximum concentration unit | Always return 'mM' (standardized) |
| `ph` | Buffer pH value | Extract exact values only (not ranges); remove trailing .0 (4.0→4); keep significant decimals (3.8→3.8) |
| `temperature` | Kinetic measurement temperature | Extract number only; remove '°C', 'C'; ignore ranges and 'room temperature' without exact value |

### NANOPARTICLE PROPERTIES

| Field | Description | Key Processing Rules |
|-------|-------------|---------------------|
| `formula` | Chemical formula/abbreviation | Convert names to symbols (gold→Au); remove shape/size descriptors (NPs, NRs); preserve '@', '-' for composites |
| `length` | Primary particle linear dimension | Prefer average over range; remove '±' error, '~', units; TEM/SEM data only (not XRD, DLS) |
| `length_unit` | Length unit | Return 'nm' only |
| `width` | Transverse particle dimension | For spheres: use diameter; for rods: use width perpendicular to length; same rules as length |
| `width_unit` | Width unit | Return 'nm' only |
| `depth` | Third spatial dimension | For spheres: equivalent to diameter; for rods: equivalent to width; same rules as length |
| `depth_unit` | Depth unit | Return 'nm' only |
| `syngony` | Crystal system symmetry | Map subtypes to base class (fcc→cubic, fluorite→cubic); lowercase single word |
| `surface` | Surface coating/stabilizer | Extract purposeful coatings (PEG, BSA, citrate); remove MW, hydration state; use canonical abbreviations |

---

## CRITICAL EXCLUSION RULES

**DO NOT create records for:**
- Natural enzymes (HRP, native catalase, etc.)
- Literature-transferred kinetic parameters
- Non-Michaelis-Menten catalytic processes
- Materials without calculated Km and Vmax
- Intermediate states or physical mixtures without detailed kinetics

**DO NOT extract:**
- XRD crystallite sizes (Debye-Scherrer) - not particle dimensions
- DLS hydrodynamic diameters - includes solvation shell
- Film thicknesses - not individual nanoparticles
- Stock solution concentrations - only final reaction mixture
- Individual metal content in composites - extract whole nanozyme mass

---

## OUTPUT FORMAT

Provide your response in two sections:

**REASONING:** [Your step-by-step analysis following Phase 1]

**EXTRACTED_DATA:** [JSON array of record objects with all fields populated or set to null]

Example structure:
```json
[
  {
    "activity": "peroxidase",
    "formula": "Au@Pt",
    "km_value": 0.85,
    "km_unit": "mM",
    "vmax_value": "1.2E-07",
    "vmax_unit": "M s-1",
    ...
  }
]
```

---

## QUALITY CHECKLIST

Before finalizing extraction, verify:
- [ ] Each record represents a unique nanozyme-activity-substrate combination with calculated Km/Vmax
- [ ] All concentration units are properly standardized (mM for substrates)
- [ ] Particle dimensions are from direct imaging (TEM/SEM), not XRD/DLS
- [ ] Catalyst amounts refer to whole nanozyme, not subcomponents
- [ ] No natural enzyme or literature data included
- [ ] All null fields are genuinely unavailable, not overlooked
p: Extracted Data:


  0%|          | 0/15 [00:00<?, ?it/s]Average Metric: 0.80 / 1 (80.5%):   0%|          | 0/15 [02:23<?, ?it/s]Average Metric: 0.80 / 1 (80.5%):   7%|▋         | 1/15 [02:23<33:24, 143.19s/it]Average Metric: 1.80 / 2 (90.2%):   7%|▋         | 1/15 [04:02<33:24, 143.19s/it]Average Metric: 1.80 / 2 (90.2%):  13%|█▎        | 2/15 [04:02<25:26, 117.43s/it]Average Metric: 2.62 / 3 (87.3%):  13%|█▎        | 2/15 [06:34<25:26, 117.43s/it]Average Metric: 2.62 / 3 (87.3%):  20%|██        | 3/15 [06:34<26:37, 133.11s/it]Average Metric: 3.55 / 4 (88.8%):  20%|██        | 3/15 [08:27<26:37, 133.11s/it]Average Metric: 3.55 / 4 (88.8%):  27%|██▋       | 4/15 [08:27<22:57, 125.22s/it]Average Metric: 4.41 / 5 (88.2%):  27%|██▋       | 4/15 [10:37<22:57, 125.22s/it]Average Metric: 4.41 / 5 (88.2%):  33%|███▎      | 5/15 [10:37<21:09, 126.96s/it]Average Metric: 5.38 / 6 (89.7%):  33%|███▎      | 5/15 [12:36<21:09, 126.96s/it]Average Metric: 5.38 / 6 (89.7%):  40%|████      | 6/15 [12:36<18:37, 124.22s/it]Average Metric: 6.16 / 7 (88.0%):  40%|████      | 6/15 [17:29<18:37, 124.22s/it]Average Metric: 6.16 / 7 (88.0%):  47%|████▋     | 7/15 [17:29<23:54, 179.27s/it]Average Metric: 7.13 / 8 (89.1%):  47%|████▋     | 7/15 [21:50<23:54, 179.27s/it]Average Metric: 7.13 / 8 (89.1%):  53%|█████▎    | 8/15 [21:50<23:57, 205.31s/it]Average Metric: 7.96 / 9 (88.4%):  53%|█████▎    | 8/15 [23:43<23:57, 205.31s/it]Average Metric: 7.96 / 9 (88.4%):  60%|██████    | 9/15 [23:43<17:40, 176.73s/it]Average Metric: 8.83 / 10 (88.3%):  60%|██████    | 9/15 [30:44<17:40, 176.73s/it]Average Metric: 8.83 / 10 (88.3%):  67%|██████▋   | 10/15 [30:44<21:00, 252.01s/it]Average Metric: 9.79 / 11 (89.0%):  67%|██████▋   | 10/15 [34:14<21:00, 252.01s/it]Average Metric: 9.79 / 11 (89.0%):  73%|███████▎  | 11/15 [34:14<15:56, 239.15s/it]Average Metric: 10.74 / 12 (89.5%):  73%|███████▎  | 11/15 [36:45<15:56, 239.15s/it]Average Metric: 10.74 / 12 (89.5%):  80%|████████  | 12/15 [36:45<10:36, 212.19s/it]Average Metric: 11.74 / 13 (90.3%):  80%|████████  | 12/15 [39:20<10:36, 212.19s/it]Average Metric: 11.74 / 13 (90.3%):  87%|████████▋ | 13/15 [39:20<06:29, 194.89s/it]Average Metric: 12.54 / 14 (89.6%):  87%|████████▋ | 13/15 [41:02<06:29, 194.89s/it]Average Metric: 12.54 / 14 (89.6%):  93%|█████████▎| 14/15 [41:02<02:46, 166.95s/it]Average Metric: 13.52 / 15 (90.1%):  93%|█████████▎| 14/15 [43:47<02:46, 166.95s/it]Average Metric: 13.52 / 15 (90.1%): 100%|██████████| 15/15 [43:47<00:00, 166.49s/it]Average Metric: 13.52 / 15 (90.1%): 100%|██████████| 15/15 [43:47<00:00, 175.20s/it]
Predictor 0
i: # Nanozyme Kinetic Data Extraction Instruction

You are an expert scientific data extraction specialist with deep expertise in nanomaterial catalysis, enzyme kinetics, and materials characterization. Your role is to analyze full-text scientific articles on nanozymes and extract structured experimental metadata with precision and accuracy.

## Task Overview

You will receive a scientific document text and must perform a two-stage extraction process:

1. **Reasoning Phase**: First, carefully analyze the document to identify all relevant nanozyme experiments, their conditions, and kinetic parameters. Document your thought process about which experiments qualify for extraction based on the filtering criteria.

2. **Extraction Phase**: Generate structured JSON records containing the extracted data fields, strictly following the rules below.

---

## Stage 1: Reasoning Guidelines

Before extracting data, reason through the following:

1. **Identify Target Nanozymes**: Locate all artificial nanomaterials synthesized or primarily characterized in the study. Distinguish these from natural enzymes and literature references.

2. **Verify Kinetic Data**: Confirm that detailed steady-state kinetic parameters (Km, Vmax) were calculated for each nanozyme-substrate combination. Only proceed with extraction if Michaelis-Menten analysis was performed.

3. **Map Experimental Conditions**: For each valid experiment, identify the activity type, substrates, concentrations, pH, temperature, and material properties.

4. **Handle Multiple Experiments**: If the study contains multiple nanozymes, activities, or conditions, create separate records for each unique combination.

---

## Stage 2: Extraction Rules

### Record Creation Criteria

**Create a record when ALL of the following are true:**
- The material is an artificial nanomaterial (nanozyme) synthesized or primarily characterized in the current study
- Enzyme-like activity is demonstrated
- Specific substrate(s) are used
- Detailed steady-state kinetic parameters (Km, Vmax) are calculated

**Do NOT create records for:**
- Natural enzymes (HRP, native catalase, etc.)
- Literature data or catalysts with parameters transferred from previous publications
- Non-Michaelis-Menten catalytic processes
- Intermediate states or physical mixtures without detailed kinetics

---

### Field Extraction Specifications

For each record, extract the following fields. Return `null` if a valid value is not found.

| Field | Description | Key Processing Rules |
|-------|-------------|---------------------|
| `activity` | Enzyme-like catalytic activity type | Normalize to lowercase (peroxidase, catalase, oxidase); remove '-like', '-mimic' suffixes |
| `ccat_value` | Catalyst mass/concentration | Extract numerical value only; ignore units, formulas, brackets |
| `ccat_unit` | Catalyst concentration unit | Normalize µ (U+00B5) to μ (U+03BC); preserve original separators |
| `c_const` | Fixed co-substrate concentration | Convert to mM; extract numerical value only |
| `c_const_unit` | Fixed co-substrate unit | Extract molarity units (M, mM, μM) only |
| `c_max` | Maximum varied substrate concentration | Convert to mM; extract upper boundary of range |
| `c_max_unit` | Maximum substrate unit | Standardize to 'mM' |
| `c_min` | Minimum varied substrate concentration | Convert to mM; include zero if present in range |
| `c_min_unit` | Minimum substrate unit | Standardize to 'mM' |
| `depth` | Nanoparticle depth/thickness | Extract from TEM/SEM data; prioritize average over range |
| `depth_unit` | Depth unit | Extract 'nm' or equivalent |
| `formula` | Chemical formula/abbreviation | Remove shape descriptors (NPs, NRs); preserve core-shell separators (@) |
| `km_value` | Michaelis constant value | Remove trailing zeros (120.0 → 120); extract number only |
| `km_unit` | Michaelis constant unit | Standardize format (mmol L-1 → mmol L-1) |
| `length` | Nanoparticle length/diameter | From TEM/SEM only; exclude XRD, DLS |
| `length_unit` | Length unit | Extract 'nm' |
| `ph` | Reaction medium pH | Convert 4.0 → 4; ignore ranges |
| `reaction_type` | Substrate combination | Format as 'H2O2 + TMB'; varied substrate first |
| `surface` | Surface coating/stabilizer | Normalize to canonical forms (PEG, BSA); remove MW specs |
| `syngony` | Crystal system symmetry | Translate fcc → cubic; lowercase single word |
| `temperature` | Kinetic measurement temperature | Extract number only; ignore ranges |
| `vmax_value` | Maximum reaction rate | Apply factored multipliers; use decimal or E-notation |
| `vmax_unit` | Vmax unit | Remove HTML tags; standardize superscripts |
| `width` | Nanoparticle width | From TEM/SEM; exclude secondary structures |
| `width_unit` | Width unit | Extract 'nm' |

---

## Output Format

Your response must contain two components:

1. **reasoning**: A detailed explanation of your extraction decisions, including which experiments qualified, why certain data was excluded, and how you resolved ambiguities.

2. **extracted_data**: A JSON array of record objects, where each object contains the fields specified above with extracted values or `null`.

```json
{
  "reasoning": "...",
  "extracted_data": [...]
}
```

---

## Quality Standards

- **Precision**: Extract exact values from the text; do not estimate or infer missing data
- **Consistency**: Apply normalization rules uniformly across all records
- **Completeness**: Include all valid experiments that meet the criteria
- **Traceability**: Your reasoning should allow verification of each extraction decision
p: Extracted Data:


  0%|          | 0/15 [00:00<?, ?it/s]Average Metric: 0.81 / 1 (81.0%):   0%|          | 0/15 [01:59<?, ?it/s]Average Metric: 0.81 / 1 (81.0%):   7%|▋         | 1/15 [01:59<27:59, 119.98s/it]Average Metric: 1.67 / 2 (83.3%):   7%|▋         | 1/15 [03:55<27:59, 119.98s/it]Average Metric: 1.67 / 2 (83.3%):  13%|█▎        | 2/15 [03:55<25:23, 117.22s/it]Average Metric: 2.48 / 3 (82.7%):  13%|█▎        | 2/15 [05:10<25:23, 117.22s/it]Average Metric: 2.48 / 3 (82.7%):  20%|██        | 3/15 [05:10<19:37, 98.11s/it] Average Metric: 3.38 / 4 (84.6%):  20%|██        | 3/15 [06:56<19:37, 98.11s/it]Average Metric: 3.38 / 4 (84.6%):  27%|██▋       | 4/15 [06:56<18:34, 101.29s/it]Average Metric: 4.20 / 5 (84.0%):  27%|██▋       | 4/15 [09:27<18:34, 101.29s/it]Average Metric: 4.20 / 5 (84.0%):  33%|███▎      | 5/15 [09:27<19:51, 119.16s/it]Average Metric: 5.17 / 6 (86.2%):  33%|███▎      | 5/15 [11:38<19:51, 119.16s/it]Average Metric: 5.17 / 6 (86.2%):  40%|████      | 6/15 [11:38<18:27, 123.01s/it]Average Metric: 5.68 / 7 (81.2%):  40%|████      | 6/15 [15:44<18:27, 123.01s/it]Average Metric: 5.68 / 7 (81.2%):  47%|████▋     | 7/15 [15:44<21:45, 163.18s/it]Average Metric: 6.45 / 8 (80.6%):  47%|████▋     | 7/15 [20:43<21:45, 163.18s/it]Average Metric: 6.45 / 8 (80.6%):  53%|█████▎    | 8/15 [20:43<24:05, 206.50s/it]Average Metric: 7.39 / 9 (82.1%):  53%|█████▎    | 8/15 [23:02<24:05, 206.50s/it]Average Metric: 7.39 / 9 (82.1%):  60%|██████    | 9/15 [23:02<18:32, 185.44s/it]Average Metric: 8.25 / 10 (82.5%):  60%|██████    | 9/15 [28:51<18:32, 185.44s/it]Average Metric: 8.25 / 10 (82.5%):  67%|██████▋   | 10/15 [28:51<19:39, 235.83s/it]Average Metric: 9.01 / 11 (81.9%):  67%|██████▋   | 10/15 [30:42<19:39, 235.83s/it]Average Metric: 9.01 / 11 (81.9%):  73%|███████▎  | 11/15 [30:42<13:11, 197.83s/it]Average Metric: 9.95 / 12 (83.0%):  73%|███████▎  | 11/15 [33:26<13:11, 197.83s/it]Average Metric: 9.95 / 12 (83.0%):  80%|████████  | 12/15 [33:26<09:22, 187.44s/it]Average Metric: 10.95 / 13 (84.2%):  80%|████████  | 12/15 [36:37<09:22, 187.44s/it]Average Metric: 10.95 / 13 (84.2%):  87%|████████▋ | 13/15 [36:37<06:17, 188.59s/it]Average Metric: 11.91 / 14 (85.1%):  87%|████████▋ | 13/15 [38:28<06:17, 188.59s/it]Average Metric: 11.91 / 14 (85.1%):  93%|█████████▎| 14/15 [38:28<02:44, 164.98s/it]Average Metric: 12.91 / 15 (86.1%):  93%|█████████▎| 14/15 [40:32<02:44, 164.98s/it]Average Metric: 12.91 / 15 (86.1%): 100%|██████████| 15/15 [40:32<00:00, 152.73s/it]Average Metric: 12.91 / 15 (86.1%): 100%|██████████| 15/15 [40:32<00:00, 162.16s/it]
Predictor 0
i: # Nanozyme Kinetic Data Extraction - Chain-of-Thought Protocol

You are an expert scientific information extraction assistant specialized in extracting structured kinetic and material property data from nanozyme research articles. Your task requires **two distinct phases**: (1) systematic reasoning about the document content, and (2) structured data extraction based on that reasoning.

---

## PHASE 1: REASONING PROCESS

Before extracting any data, work through the following reasoning steps systematically:

### Step 1: Document Scope Assessment
- Identify whether this article presents **original experimental kinetic data** or is a review/citation of others' work
- Locate all sections containing kinetic experiments (typically Results, Experimental Methods, Tables, Supporting Information)
- Determine how many **distinct nanozyme materials** are characterized with Michaelis-Menten kinetics

### Step 2: Record Boundary Identification
For each potential record, verify ALL conditions are met:
- ✓ Artificial nanomaterial (nanozyme) synthesized/characterized in THIS study
- ✓ Enzyme-like activity type clearly identified
- ✓ Specific substrate(s) specified
- ✓ **Steady-state kinetic parameters (Km, Vmax) explicitly calculated** for this combination
- ✓ NOT natural enzymes, NOT literature-transferred data, NOT non-Michaelis-Menten processes

### Step 3: Field-by-Field Evidence Mapping
For each validated record, locate textual evidence for each field. Note:
- **Confidence level** for each extraction (High/Medium/Low)
- **Exact source location** (section, paragraph, table reference)
- **Any ambiguities** requiring resolution

### Step 4: Cross-Validation Check
- Verify internal consistency (e.g., c_min < c_max, units match values)
- Confirm activity type matches the substrate system described
- Ensure catalyst concentration refers to the whole nanozyme, not subcomponents

---

## PHASE 2: STRUCTURED EXTRACTION

After completing reasoning, extract the following fields for each valid record. Return `null` if a valid value cannot be found.

### CATALYTIC ACTIVITY FIELDS

| Field | Description | Key Processing Rules |
|-------|-------------|---------------------|
| `activity` | Enzyme-like activity type (peroxidase, catalase, oxidase, etc.) | Convert abbreviations (POD→peroxidase, CAT→catalase, OXD→oxidase); remove '-like', '-mimic', 'activity' suffixes; lowercase output |
| `reaction_type` | Substrate combination formula | Format as 'Varied_Substrate + Fixed_CoSubstrate' (e.g., 'TMB + H2O2'); convert full names to formulas |

### KINETIC PARAMETERS

| Field | Description | Key Processing Rules |
|-------|-------------|---------------------|
| `km_value` | Michaelis constant numerical value | Extract number only; remove trailing zeros (120.0→120); match order with parameter names if listed together |
| `km_unit` | Km unit of measurement | Remove brackets; replace '−' with '-'; separate compound units with space |
| `vmax_value` | Maximum reaction rate | Apply factored multipliers from table headers (e.g., 8.32 × 10⁻⁸); output as decimal or E-notation |
| `vmax_unit` | Vmax unit of measurement | Remove HTML tags; convert superscripts to linear text; replace '×' with 'x', '−' with '-' |

### EXPERIMENTAL CONDITIONS

| Field | Description | Key Processing Rules |
|-------|-------------|---------------------|
| `ccat_value` | Catalyst mass/concentration in kinetic assay | Extract number only; use value corresponding to the substrate of current reaction; ignore individual metal content |
| `ccat_unit` | Catalyst concentration unit | Convert 'ppm' to 'μg mL−1'; replace 'µ' (U+00B5) with 'μ' (U+03BC); preserve original separators |
| `c_const` | Fixed co-substrate concentration | Convert to mM (M×1000, μM÷1000); return number only |
| `c_const_unit` | Fixed co-substrate unit | Extract original unit (M, mM, μM); must be molarity, not mass concentration |
| `c_min` | Minimum varied substrate concentration | Extract from range/array; convert to mM; zero is valid minimum if present |
| `c_min_unit` | Minimum concentration unit | Always return 'mM' (standardized) |
| `c_max` | Maximum varied substrate concentration | Extract upper bound of range/array; convert to mM |
| `c_max_unit` | Maximum concentration unit | Always return 'mM' (standardized) |
| `ph` | Buffer pH value | Extract exact values only (not ranges); remove trailing .0 (4.0→4); keep significant decimals (3.8→3.8) |
| `temperature` | Kinetic measurement temperature | Extract number only; remove '°C', 'C'; ignore ranges and 'room temperature' without exact value |

### NANOPARTICLE PROPERTIES

| Field | Description | Key Processing Rules |
|-------|-------------|---------------------|
| `formula` | Chemical formula/abbreviation | Convert names to symbols (gold→Au); remove shape/size descriptors (NPs, NRs); preserve '@', '-' for composites |
| `length` | Primary particle linear dimension | Prefer average over range; remove '±' error, '~', units; TEM/SEM data only (not XRD, DLS) |
| `length_unit` | Length unit | Return 'nm' only |
| `width` | Transverse particle dimension | For spheres: use diameter; for rods: use width perpendicular to length; same rules as length |
| `width_unit` | Width unit | Return 'nm' only |
| `depth` | Third spatial dimension | For spheres: equivalent to diameter; for rods: equivalent to width; same rules as length |
| `depth_unit` | Depth unit | Return 'nm' only |
| `syngony` | Crystal system symmetry | Map subtypes to base class (fcc→cubic, fluorite→cubic); lowercase single word |
| `surface` | Surface coating/stabilizer | Extract purposeful coatings (PEG, BSA, citrate); remove MW, hydration state; use canonical abbreviations |

---

## CRITICAL EXCLUSION RULES

**DO NOT create records for:**
- Natural enzymes (HRP, native catalase, etc.)
- Literature-transferred kinetic parameters
- Non-Michaelis-Menten catalytic processes
- Materials without calculated Km and Vmax
- Intermediate states or physical mixtures without detailed kinetics

**DO NOT extract:**
- XRD crystallite sizes (Debye-Scherrer) - not particle dimensions
- DLS hydrodynamic diameters - includes solvation shell
- Film thicknesses - not individual nanoparticles
- Stock solution concentrations - only final reaction mixture
- Individual metal content in composites - extract whole nanozyme mass

---

## OUTPUT FORMAT

Provide your response in two sections:

**REASONING:** [Your step-by-step analysis following Phase 1]

**EXTRACTED_DATA:** [JSON array of record objects with all fields populated or set to null]

Example structure:
```json
[
  {
    "activity": "peroxidase",
    "formula": "Au@Pt",
    "km_value": 0.85,
    "km_unit": "mM",
    "vmax_value": "1.2E-07",
    "vmax_unit": "M s-1",
    ...
  }
]
```

---

## QUALITY CHECKLIST

Before finalizing extraction, verify:
- [ ] Each record represents a unique nanozyme-activity-substrate combination with calculated Km/Vmax
- [ ] All concentration units are properly standardized (mM for substrates)
- [ ] Particle dimensions are from direct imaging (TEM/SEM), not XRD/DLS
- [ ] Catalyst amounts refer to whole nanozyme, not subcomponents
- [ ] No natural enzyme or literature data included
- [ ] All null fields are genuinely unavailable, not overlooked
p: Extracted Data:


  0%|          | 0/15 [00:00<?, ?it/s]Average Metric: 0.80 / 1 (80.5%):   0%|          | 0/15 [02:29<?, ?it/s]Average Metric: 0.80 / 1 (80.5%):   7%|▋         | 1/15 [02:29<34:47, 149.09s/it]Average Metric: 1.74 / 2 (87.1%):   7%|▋         | 1/15 [04:02<34:47, 149.09s/it]Average Metric: 1.74 / 2 (87.1%):  13%|█▎        | 2/15 [04:02<25:09, 116.11s/it]Average Metric: 2.56 / 3 (85.2%):  13%|█▎        | 2/15 [05:15<25:09, 116.11s/it]Average Metric: 2.56 / 3 (85.2%):  20%|██        | 3/15 [05:15<19:17, 96.49s/it] Average Metric: 3.33 / 4 (83.4%):  20%|██        | 3/15 [07:01<19:17, 96.49s/it]Average Metric: 3.33 / 4 (83.4%):  27%|██▋       | 4/15 [07:01<18:24, 100.45s/it]Average Metric: 4.19 / 5 (83.8%):  27%|██▋       | 4/15 [09:12<18:24, 100.45s/it]Average Metric: 4.19 / 5 (83.8%):  33%|███▎      | 5/15 [09:12<18:33, 111.38s/it]Average Metric: 5.16 / 6 (86.1%):  33%|███▎      | 5/15 [11:22<18:33, 111.38s/it]Average Metric: 5.16 / 6 (86.1%):  40%|████      | 6/15 [11:22<17:39, 117.67s/it]Average Metric: 5.91 / 7 (84.5%):  40%|████      | 6/15 [16:14<17:39, 117.67s/it]Average Metric: 5.91 / 7 (84.5%):  47%|████▋     | 7/15 [16:14<23:18, 174.85s/it]Average Metric: 6.73 / 8 (84.1%):  47%|████▋     | 7/15 [27:01<23:18, 174.85s/it]Average Metric: 6.73 / 8 (84.1%):  53%|█████▎    | 8/15 [27:01<37:54, 324.99s/it]Average Metric: 7.56 / 9 (84.0%):  53%|█████▎    | 8/15 [28:49<37:54, 324.99s/it]Average Metric: 7.56 / 9 (84.0%):  60%|██████    | 9/15 [28:49<25:43, 257.21s/it]Average Metric: 8.40 / 10 (84.0%):  60%|██████    | 9/15 [36:04<25:43, 257.21s/it]Average Metric: 8.40 / 10 (84.0%):  67%|██████▋   | 10/15 [36:04<25:59, 311.96s/it]Average Metric: 8.40 / 10 (84.0%):  67%|██████▋   | 10/15 [38:28<25:59, 311.96s/it]Average Metric: 8.40 / 10 (84.0%):  73%|███████▎  | 11/15 [38:28<17:22, 260.55s/it]Average Metric: 9.35 / 11 (85.0%):  73%|███████▎  | 11/15 [40:41<17:22, 260.55s/it]Average Metric: 9.35 / 11 (85.0%):  80%|████████  | 12/15 [40:41<11:05, 221.88s/it]Average Metric: 10.35 / 12 (86.2%):  80%|████████  | 12/15 [43:03<11:05, 221.88s/it]Average Metric: 10.35 / 12 (86.2%):  87%|████████▋ | 13/15 [43:03<06:35, 197.62s/it]Average Metric: 11.23 / 13 (86.4%):  87%|████████▋ | 13/15 [44:59<06:35, 197.62s/it]Average Metric: 11.23 / 13 (86.4%):  93%|█████████▎| 14/15 [44:59<02:53, 173.08s/it]Average Metric: 12.21 / 14 (87.2%):  93%|█████████▎| 14/15 [47:58<02:53, 173.08s/it]Average Metric: 12.21 / 14 (87.2%): 100%|██████████| 15/15 [47:58<00:00, 174.81s/it]Average Metric: 12.21 / 14 (87.2%): 100%|██████████| 15/15 [47:58<00:00, 191.91s/it]
Predictor 0
i: # Nanozyme Kinetic Data Extraction - Chain-of-Thought Protocol

You are an expert scientific information extraction assistant specialized in extracting structured kinetic and material property data from nanozyme research articles. Your task requires **two distinct phases**: (1) systematic reasoning about the document content, and (2) structured data extraction based on that reasoning.

---

## PHASE 1: REASONING PROCESS

Before extracting any data, work through the following reasoning steps systematically:

### Step 1: Document Scope Assessment
- Identify whether this article presents **original experimental kinetic data** or is a review/citation of others' work
- Locate all sections containing kinetic experiments (typically Results, Experimental Methods, Tables, Supporting Information)
- Determine how many **distinct nanozyme materials** are characterized with Michaelis-Menten kinetics

### Step 2: Record Boundary Identification
For each potential record, verify ALL conditions are met:
- ✓ Artificial nanomaterial (nanozyme) synthesized/characterized in THIS study
- ✓ Enzyme-like activity type clearly identified
- ✓ Specific substrate(s) specified
- ✓ **Steady-state kinetic parameters (Km, Vmax) explicitly calculated** for this combination
- ✓ NOT natural enzymes, NOT literature-transferred data, NOT non-Michaelis-Menten processes

### Step 3: Field-by-Field Evidence Mapping
For each validated record, locate textual evidence for each field. Note:
- **Confidence level** for each extraction (High/Medium/Low)
- **Exact source location** (section, paragraph, table reference)
- **Any ambiguities** requiring resolution

### Step 4: Cross-Validation Check
- Verify internal consistency (e.g., c_min < c_max, units match values)
- Confirm activity type matches the substrate system described
- Ensure catalyst concentration refers to the whole nanozyme, not subcomponents

---

## PHASE 2: STRUCTURED EXTRACTION

After completing reasoning, extract the following fields for each valid record. Return `null` if a valid value cannot be found.

### CATALYTIC ACTIVITY FIELDS

| Field | Description | Key Processing Rules |
|-------|-------------|---------------------|
| `activity` | Enzyme-like activity type (peroxidase, catalase, oxidase, etc.) | Convert abbreviations (POD→peroxidase, CAT→catalase, OXD→oxidase); remove '-like', '-mimic', 'activity' suffixes; lowercase output |
| `reaction_type` | Substrate combination formula | Format as 'Varied_Substrate + Fixed_CoSubstrate' (e.g., 'TMB + H2O2'); convert full names to formulas |

### KINETIC PARAMETERS

| Field | Description | Key Processing Rules |
|-------|-------------|---------------------|
| `km_value` | Michaelis constant numerical value | Extract number only; remove trailing zeros (120.0→120); match order with parameter names if listed together |
| `km_unit` | Km unit of measurement | Remove brackets; replace '−' with '-'; separate compound units with space |
| `vmax_value` | Maximum reaction rate | Apply factored multipliers from table headers (e.g., 8.32 × 10⁻⁸); output as decimal or E-notation |
| `vmax_unit` | Vmax unit of measurement | Remove HTML tags; convert superscripts to linear text; replace '×' with 'x', '−' with '-' |

### EXPERIMENTAL CONDITIONS

| Field | Description | Key Processing Rules |
|-------|-------------|---------------------|
| `ccat_value` | Catalyst mass/concentration in kinetic assay | Extract number only; use value corresponding to the substrate of current reaction; ignore individual metal content |
| `ccat_unit` | Catalyst concentration unit | Convert 'ppm' to 'μg mL−1'; replace 'µ' (U+00B5) with 'μ' (U+03BC); preserve original separators |
| `c_const` | Fixed co-substrate concentration | Convert to mM (M×1000, μM÷1000); return number only |
| `c_const_unit` | Fixed co-substrate unit | Extract original unit (M, mM, μM); must be molarity, not mass concentration |
| `c_min` | Minimum varied substrate concentration | Extract from range/array; convert to mM; zero is valid minimum if present |
| `c_min_unit` | Minimum concentration unit | Always return 'mM' (standardized) |
| `c_max` | Maximum varied substrate concentration | Extract upper bound of range/array; convert to mM |
| `c_max_unit` | Maximum concentration unit | Always return 'mM' (standardized) |
| `ph` | Buffer pH value | Extract exact values only (not ranges); remove trailing .0 (4.0→4); keep significant decimals (3.8→3.8) |
| `temperature` | Kinetic measurement temperature | Extract number only; remove '°C', 'C'; ignore ranges and 'room temperature' without exact value |

### NANOPARTICLE PROPERTIES

| Field | Description | Key Processing Rules |
|-------|-------------|---------------------|
| `formula` | Chemical formula/abbreviation | Convert names to symbols (gold→Au); remove shape/size descriptors (NPs, NRs); preserve '@', '-' for composites |
| `length` | Primary particle linear dimension | Prefer average over range; remove '±' error, '~', units; TEM/SEM data only (not XRD, DLS) |
| `length_unit` | Length unit | Return 'nm' only |
| `width` | Transverse particle dimension | For spheres: use diameter; for rods: use width perpendicular to length; same rules as length |
| `width_unit` | Width unit | Return 'nm' only |
| `depth` | Third spatial dimension | For spheres: equivalent to diameter; for rods: equivalent to width; same rules as length |
| `depth_unit` | Depth unit | Return 'nm' only |
| `syngony` | Crystal system symmetry | Map subtypes to base class (fcc→cubic, fluorite→cubic); lowercase single word |
| `surface` | Surface coating/stabilizer | Extract purposeful coatings (PEG, BSA, citrate); remove MW, hydration state; use canonical abbreviations |

---

## CRITICAL EXCLUSION RULES

**DO NOT create records for:**
- Natural enzymes (HRP, native catalase, etc.)
- Literature-transferred kinetic parameters
- Non-Michaelis-Menten catalytic processes
- Materials without calculated Km and Vmax
- Intermediate states or physical mixtures without detailed kinetics

**DO NOT extract:**
- XRD crystallite sizes (Debye-Scherrer) - not particle dimensions
- DLS hydrodynamic diameters - includes solvation shell
- Film thicknesses - not individual nanoparticles
- Stock solution concentrations - only final reaction mixture
- Individual metal content in composites - extract whole nanozyme mass

---

## OUTPUT FORMAT

Provide your response in two sections:

**REASONING:** [Your step-by-step analysis following Phase 1]

**EXTRACTED_DATA:** [JSON array of record objects with all fields populated or set to null]

Example structure:
```json
[
  {
    "activity": "peroxidase",
    "formula": "Au@Pt",
    "km_value": 0.85,
    "km_unit": "mM",
    "vmax_value": "1.2E-07",
    "vmax_unit": "M s-1",
    ...
  }
]
```

---

## QUALITY CHECKLIST

Before finalizing extraction, verify:
- [ ] Each record represents a unique nanozyme-activity-substrate combination with calculated Km/Vmax
- [ ] All concentration units are properly standardized (mM for substrates)
- [ ] Particle dimensions are from direct imaging (TEM/SEM), not XRD/DLS
- [ ] Catalyst amounts refer to whole nanozyme, not subcomponents
- [ ] No natural enzyme or literature data included
- [ ] All null fields are genuinely unavailable, not overlooked
p: Extracted Data:


  0%|          | 0/15 [00:00<?, ?it/s]Average Metric: 0.68 / 1 (68.3%):   0%|          | 0/15 [03:26<?, ?it/s]Average Metric: 0.68 / 1 (68.3%):   7%|▋         | 1/15 [03:26<48:05, 206.10s/it]Average Metric: 1.62 / 2 (81.0%):   7%|▋         | 1/15 [04:56<48:05, 206.10s/it]Average Metric: 1.62 / 2 (81.0%):  13%|█▎        | 2/15 [04:56<29:57, 138.25s/it]Average Metric: 2.44 / 3 (81.2%):  13%|█▎        | 2/15 [07:08<29:57, 138.25s/it]Average Metric: 2.44 / 3 (81.2%):  20%|██        | 3/15 [07:08<27:05, 135.44s/it]Average Metric: 3.21 / 4 (80.3%):  20%|██        | 3/15 [08:58<27:05, 135.44s/it]Average Metric: 3.21 / 4 (80.3%):  27%|██▋       | 4/15 [08:58<22:57, 125.25s/it]Average Metric: 4.07 / 5 (81.4%):  27%|██▋       | 4/15 [11:06<22:57, 125.25s/it]Average Metric: 4.07 / 5 (81.4%):  33%|███▎      | 5/15 [11:06<21:01, 126.19s/it]Average Metric: 5.04 / 6 (84.0%):  33%|███▎      | 5/15 [13:23<21:01, 126.19s/it]Average Metric: 5.04 / 6 (84.0%):  40%|████      | 6/15 [13:23<19:28, 129.81s/it]Average Metric: 5.55 / 7 (79.3%):  40%|████      | 6/15 [16:13<19:28, 129.81s/it]Average Metric: 5.55 / 7 (79.3%):  47%|████▋     | 7/15 [16:13<19:03, 142.98s/it]Average Metric: 6.48 / 8 (81.0%):  47%|████▋     | 7/15 [22:00<19:03, 142.98s/it]Average Metric: 6.48 / 8 (81.0%):  53%|█████▎    | 8/15 [22:00<24:15, 208.00s/it]Average Metric: 7.30 / 9 (81.2%):  53%|█████▎    | 8/15 [23:52<24:15, 208.00s/it]Average Metric: 7.30 / 9 (81.2%):  60%|██████    | 9/15 [23:52<17:47, 177.96s/it]Average Metric: 8.15 / 10 (81.5%):  60%|██████    | 9/15 [31:11<17:47, 177.96s/it]Average Metric: 8.15 / 10 (81.5%):  67%|██████▋   | 10/15 [31:11<21:31, 258.40s/it]Average Metric: 9.12 / 11 (82.9%):  67%|██████▋   | 10/15 [34:21<21:31, 258.40s/it]Average Metric: 9.12 / 11 (82.9%):  73%|███████▎  | 11/15 [34:21<15:50, 237.73s/it]Average Metric: 10.06 / 12 (83.8%):  73%|███████▎  | 11/15 [36:29<15:50, 237.73s/it]Average Metric: 10.06 / 12 (83.8%):  80%|████████  | 12/15 [36:29<10:12, 204.31s/it]Average Metric: 11.06 / 13 (85.1%):  80%|████████  | 12/15 [39:06<10:12, 204.31s/it]Average Metric: 11.06 / 13 (85.1%):  87%|████████▋ | 13/15 [39:06<06:19, 189.87s/it]Average Metric: 11.86 / 14 (84.7%):  87%|████████▋ | 13/15 [40:50<06:19, 189.87s/it]Average Metric: 11.86 / 14 (84.7%):  93%|█████████▎| 14/15 [40:50<02:44, 164.11s/it]Average Metric: 12.78 / 15 (85.2%):  93%|█████████▎| 14/15 [43:47<02:44, 164.11s/it]Average Metric: 12.78 / 15 (85.2%): 100%|██████████| 15/15 [43:47<00:00, 167.98s/it]Average Metric: 12.78 / 15 (85.2%): 100%|██████████| 15/15 [43:47<00:00, 175.19s/it]
Predictor 0
i: # Nanozyme Kinetic Data Extraction with Chain-of-Thought Reasoning

You are an expert scientific data extraction assistant specializing in nanozyme research. Your task is to read scientific articles and extract structured kinetic and material property data using systematic reasoning.

## Phase 1: Document Understanding & Record Identification

**Before extracting any data, reason through these questions:**

1. **What is the primary nanozyme being studied?** Identify the main catalytic nanomaterial synthesized or characterized in this work (not literature references or control enzymes).

2. **What enzyme-like activities are demonstrated?** Determine which catalytic activities (peroxidase, catalase, oxidase, etc.) have steady-state kinetic parameters (Km, Vmax) calculated.

3. **How many distinct experimental conditions exist?** Identify unique combinations of: nanozyme + activity type + substrate + environmental conditions that warrant separate records.

**Create a separate record ONLY when:**
- A unique nanozyme is synthesized/characterized with kinetic data
- A distinct enzyme-like activity is demonstrated with Km/Vmax calculations
- Different substrates or conditions produce measurably different kinetic profiles

**Exclude from extraction:**
- Natural enzymes (HRP, native catalase) used only as controls
- Literature values transferred from other publications
- Activities without calculated Michaelis-Menten parameters (Km, Vmax)
- Intermediate states or physical mixtures lacking kinetic analysis

---

## Phase 2: Systematic Field Extraction with Validation

For each record, extract the following fields using this reasoning process:

### Catalytic Activity & Reaction Context
- **`activity`**: What enzyme function does this nanozyme mimic? (Convert abbreviations: POD→peroxidase, CAT→catalase, OXD→oxidase; remove '-like', '-mimic'; lowercase final value)
- **`reaction_type`**: Which substrates participate? (Format: 'varied_substrate + fixed_substrate', e.g., 'TMB + H2O2'; convert full names to formulas)

### Catalyst Properties
- **`formula`**: What is the core chemical composition? (Strip morphology descriptors like 'NPs', 'NRs'; preserve structural separators '@', '-')
- **`ccat_value`** & **`ccat_unit`**: What catalyst amount/concentration was used in kinetic assays? (Extract mass/concentration of entire composite, not individual components)
- **`surface`**: What coating/stabilizer forms the nanoparticle shell? (Extract intentional modifiers like PEG, BSA; ignore synthesis byproducts)

### Physical Dimensions (from TEM/SEM, NOT XRD/DLS)
- **`length`**, **`width`**, **`depth`** & corresponding **`_unit`** fields: What are the nanoparticle dimensions? (Prioritize average values over ranges; exclude crystallite sizes, hydrodynamic diameters, agglomerate sizes)
- **`syngony`**: What is the crystal system? (Map specific lattices to basic classes: 'fcc'→'cubic', 'fluorite'→'cubic')

### Kinetic Experiment Conditions
- **`ph`**: What is the exact buffer pH? (Extract fixed values only, not ranges; normalize '4.0'→'4')
- **`temperature`**: At what temperature were kinetics measured? (Extract exact values only, not ranges or 'room temperature')
- **`c_const`** & **`c_const_unit`**: What co-substrate concentration remained fixed? (Convert to mM for value; preserve original unit string)
- **`c_min`**, **`c_max`** & corresponding **`_unit`** fields: What substrate concentration range was tested? (Convert all to mM; extract min/max from varied substrate array)

### Kinetic Parameters
- **`km_value`** & **`km_unit`**: What is the Michaelis constant? (Remove trailing zeros: '120.0'→'120'; preserve unit string)
- **`vmax_value`** & **`vmax_unit`**: What is the maximum reaction rate? (Apply any factored multipliers from table headers; use decimal or E-notation)

---

## Phase 3: Quality Assurance Checks

**Before finalizing each record, verify:**

✓ **Completeness**: Are Km and Vmax both present? (Required for valid kinetic record)
✓ **Consistency**: Do units match across related fields? (e.g., c_min_unit = c_max_unit = 'mM')
✓ **Specificity**: Does this record represent actual experimental data from this study? (Not literature values)
✓ **Granularity**: Should this be split into multiple records? (Different substrates/conditions = separate records)
✓ **Null Handling**: Are missing fields marked as `null` rather than omitted or guessed?

---

## Output Format

Return your reasoning trace followed by a JSON array of extraction records. Each record must include all fields listed above, with `null` for unavailable data.

**Reasoning Structure:**
1. Document overview (main nanozyme, activities studied)
2. Record justification (why this combination deserves a separate record)
3. Field-by-field extraction with source evidence
4. Validation summary (QA checks passed/failed)

**Critical Reminder:** Prioritize accuracy over completeness. It is better to return `null` for uncertain fields than to extract incorrect values. Always ground extractions in explicit text evidence.
p: Extracted Data:


  0%|          | 0/15 [00:00<?, ?it/s]Average Metric: 0.81 / 1 (81.0%):   0%|          | 0/15 [02:07<?, ?it/s]Average Metric: 0.81 / 1 (81.0%):   7%|▋         | 1/15 [02:07<29:51, 127.94s/it]Average Metric: 1.81 / 2 (90.5%):   7%|▋         | 1/15 [03:11<29:51, 127.94s/it]Average Metric: 1.81 / 2 (90.5%):  13%|█▎        | 2/15 [03:11<19:29, 89.97s/it] Average Metric: 2.62 / 3 (87.5%):  13%|█▎        | 2/15 [04:24<19:29, 89.97s/it]Average Metric: 2.62 / 3 (87.5%):  20%|██        | 3/15 [04:24<16:25, 82.15s/it]Average Metric: 3.40 / 4 (85.1%):  20%|██        | 3/15 [06:22<16:25, 82.15s/it]Average Metric: 3.40 / 4 (85.1%):  27%|██▋       | 4/15 [06:22<17:41, 96.46s/it]Average Metric: 4.09 / 5 (81.8%):  27%|██▋       | 4/15 [08:04<17:41, 96.46s/it]Average Metric: 4.09 / 5 (81.8%):  33%|███▎      | 5/15 [08:05<16:26, 98.70s/it]Average Metric: 4.96 / 6 (82.7%):  33%|███▎      | 5/15 [10:05<16:26, 98.70s/it]Average Metric: 4.96 / 6 (82.7%):  40%|████      | 6/15 [10:05<15:53, 105.92s/it]Average Metric: 5.47 / 7 (78.2%):  40%|████      | 6/15 [14:05<15:53, 105.92s/it]Average Metric: 5.47 / 7 (78.2%):  47%|████▋     | 7/15 [14:05<19:59, 149.91s/it]Average Metric: 6.44 / 8 (80.5%):  47%|████▋     | 7/15 [18:08<19:59, 149.91s/it]Average Metric: 6.44 / 8 (80.5%):  53%|█████▎    | 8/15 [18:08<20:57, 179.58s/it]Average Metric: 7.40 / 9 (82.2%):  53%|█████▎    | 8/15 [19:44<20:57, 179.58s/it]Average Metric: 7.40 / 9 (82.2%):  60%|██████    | 9/15 [19:44<15:19, 153.25s/it]Average Metric: 8.26 / 10 (82.6%):  60%|██████    | 9/15 [24:50<15:19, 153.25s/it]Average Metric: 8.26 / 10 (82.6%):  67%|██████▋   | 10/15 [24:50<16:42, 200.41s/it]Average Metric: 8.94 / 11 (81.3%):  67%|██████▋   | 10/15 [25:50<16:42, 200.41s/it]Average Metric: 8.94 / 11 (81.3%):  73%|███████▎  | 11/15 [25:50<10:29, 157.41s/it]Average Metric: 9.92 / 12 (82.6%):  73%|███████▎  | 11/15 [34:01<10:29, 157.41s/it]Average Metric: 9.92 / 12 (82.6%):  80%|████████  | 12/15 [34:01<12:56, 258.90s/it]Average Metric: 10.58 / 13 (81.4%):  80%|████████  | 12/15 [36:26<12:56, 258.90s/it]Average Metric: 10.58 / 13 (81.4%):  87%|████████▋ | 13/15 [36:26<07:29, 224.52s/it]Average Metric: 11.46 / 14 (81.9%):  87%|████████▋ | 13/15 [39:10<07:29, 224.52s/it]Average Metric: 11.46 / 14 (81.9%):  93%|█████████▎| 14/15 [39:10<03:26, 206.24s/it]Average Metric: 12.40 / 15 (82.7%):  93%|█████████▎| 14/15 [42:33<03:26, 206.24s/it]Average Metric: 12.40 / 15 (82.7%): 100%|██████████| 15/15 [42:33<00:00, 205.22s/it]Average Metric: 12.40 / 15 (82.7%): 100%|██████████| 15/15 [42:33<00:00, 170.22s/it]
Predictor 0
i: # Nanozyme Kinetic Data Extraction with Chain-of-Thought Reasoning

You are an expert scientific data extraction assistant specializing in nanozyme research. Your task is to read scientific articles and extract structured kinetic and material property data using systematic reasoning.

## Phase 1: Document Understanding & Record Identification

**Before extracting any data, reason through these questions:**

1. **What is the primary nanozyme being studied?** Identify the main catalytic nanomaterial synthesized or characterized in this work (not literature references or control enzymes).

2. **What enzyme-like activities are demonstrated?** Determine which catalytic activities (peroxidase, catalase, oxidase, etc.) have steady-state kinetic parameters (Km, Vmax) calculated.

3. **How many distinct experimental conditions exist?** Identify unique combinations of: nanozyme + activity type + substrate + environmental conditions that warrant separate records.

**Create a separate record ONLY when:**
- A unique nanozyme is synthesized/characterized with kinetic data
- A distinct enzyme-like activity is demonstrated with Km/Vmax calculations
- Different substrates or conditions produce measurably different kinetic profiles

**Exclude from extraction:**
- Natural enzymes (HRP, native catalase) used only as controls
- Literature values transferred from other publications
- Activities without calculated Michaelis-Menten parameters (Km, Vmax)
- Intermediate states or physical mixtures lacking kinetic analysis

---

## Phase 2: Systematic Field Extraction with Validation

For each record, extract the following fields using this reasoning process:

### Catalytic Activity & Reaction Context
- **`activity`**: What enzyme function does this nanozyme mimic? (Convert abbreviations: POD→peroxidase, CAT→catalase, OXD→oxidase; remove '-like', '-mimic'; lowercase final value)
- **`reaction_type`**: Which substrates participate? (Format: 'varied_substrate + fixed_substrate', e.g., 'TMB + H2O2'; convert full names to formulas)

### Catalyst Properties
- **`formula`**: What is the core chemical composition? (Strip morphology descriptors like 'NPs', 'NRs'; preserve structural separators '@', '-')
- **`ccat_value`** & **`ccat_unit`**: What catalyst amount/concentration was used in kinetic assays? (Extract mass/concentration of entire composite, not individual components)
- **`surface`**: What coating/stabilizer forms the nanoparticle shell? (Extract intentional modifiers like PEG, BSA; ignore synthesis byproducts)

### Physical Dimensions (from TEM/SEM, NOT XRD/DLS)
- **`length`**, **`width`**, **`depth`** & corresponding **`_unit`** fields: What are the nanoparticle dimensions? (Prioritize average values over ranges; exclude crystallite sizes, hydrodynamic diameters, agglomerate sizes)
- **`syngony`**: What is the crystal system? (Map specific lattices to basic classes: 'fcc'→'cubic', 'fluorite'→'cubic')

### Kinetic Experiment Conditions
- **`ph`**: What is the exact buffer pH? (Extract fixed values only, not ranges; normalize '4.0'→'4')
- **`temperature`**: At what temperature were kinetics measured? (Extract exact values only, not ranges or 'room temperature')
- **`c_const`** & **`c_const_unit`**: What co-substrate concentration remained fixed? (Convert to mM for value; preserve original unit string)
- **`c_min`**, **`c_max`** & corresponding **`_unit`** fields: What substrate concentration range was tested? (Convert all to mM; extract min/max from varied substrate array)

### Kinetic Parameters
- **`km_value`** & **`km_unit`**: What is the Michaelis constant? (Remove trailing zeros: '120.0'→'120'; preserve unit string)
- **`vmax_value`** & **`vmax_unit`**: What is the maximum reaction rate? (Apply any factored multipliers from table headers; use decimal or E-notation)

---

## Phase 3: Quality Assurance Checks

**Before finalizing each record, verify:**

✓ **Completeness**: Are Km and Vmax both present? (Required for valid kinetic record)
✓ **Consistency**: Do units match across related fields? (e.g., c_min_unit = c_max_unit = 'mM')
✓ **Specificity**: Does this record represent actual experimental data from this study? (Not literature values)
✓ **Granularity**: Should this be split into multiple records? (Different substrates/conditions = separate records)
✓ **Null Handling**: Are missing fields marked as `null` rather than omitted or guessed?

---

## Output Format

Return your reasoning trace followed by a JSON array of extraction records. Each record must include all fields listed above, with `null` for unavailable data.

**Reasoning Structure:**
1. Document overview (main nanozyme, activities studied)
2. Record justification (why this combination deserves a separate record)
3. Field-by-field extraction with source evidence
4. Validation summary (QA checks passed/failed)

**Critical Reminder:** Prioritize accuracy over completeness. It is better to return `null` for uncertain fields than to extract incorrect values. Always ground extractions in explicit text evidence.
p: Extracted Data:


  0%|          | 0/15 [00:00<?, ?it/s]Average Metric: 0.81 / 1 (81.0%):   0%|          | 0/15 [02:02<?, ?it/s]Average Metric: 0.81 / 1 (81.0%):   7%|▋         | 1/15 [02:02<28:31, 122.24s/it]Average Metric: 1.67 / 2 (83.3%):   7%|▋         | 1/15 [03:41<28:31, 122.24s/it]Average Metric: 1.67 / 2 (83.3%):  13%|█▎        | 2/15 [03:41<23:35, 108.91s/it]Average Metric: 2.48 / 3 (82.7%):  13%|█▎        | 2/15 [04:54<23:35, 108.91s/it]Average Metric: 2.48 / 3 (82.7%):  20%|██        | 3/15 [04:54<18:27, 92.27s/it] Average Metric: 3.26 / 4 (81.5%):  20%|██        | 3/15 [07:05<18:27, 92.27s/it]Average Metric: 3.26 / 4 (81.5%):  27%|██▋       | 4/15 [07:05<19:46, 107.83s/it]Average Metric: 3.95 / 5 (78.9%):  27%|██▋       | 4/15 [08:51<19:46, 107.83s/it]Average Metric: 3.95 / 5 (78.9%):  33%|███▎      | 5/15 [08:51<17:49, 106.92s/it]Average Metric: 4.81 / 6 (80.2%):  33%|███▎      | 5/15 [11:13<17:49, 106.92s/it]Average Metric: 4.81 / 6 (80.2%):  40%|████      | 6/15 [11:13<17:50, 118.96s/it]Average Metric: 5.58 / 7 (79.7%):  40%|████      | 6/15 [16:15<17:50, 118.96s/it]Average Metric: 5.58 / 7 (79.7%):  47%|████▋     | 7/15 [16:15<23:48, 178.60s/it]Average Metric: 6.39 / 8 (79.8%):  47%|████▋     | 7/15 [20:27<23:48, 178.60s/it]Average Metric: 6.39 / 8 (79.8%):  53%|█████▎    | 8/15 [20:27<23:34, 202.11s/it]Average Metric: 7.34 / 9 (81.6%):  53%|█████▎    | 8/15 [21:58<23:34, 202.11s/it]Average Metric: 7.34 / 9 (81.6%):  60%|██████    | 9/15 [21:58<16:43, 167.33s/it]Average Metric: 8.23 / 10 (82.3%):  60%|██████    | 9/15 [25:43<16:43, 167.33s/it]Average Metric: 8.23 / 10 (82.3%):  67%|██████▋   | 10/15 [25:43<15:25, 185.17s/it]Average Metric: 8.92 / 11 (81.1%):  67%|██████▋   | 10/15 [26:51<15:25, 185.17s/it]Average Metric: 8.92 / 11 (81.1%):  73%|███████▎  | 11/15 [26:51<09:57, 149.39s/it]Average Metric: 9.86 / 12 (82.2%):  73%|███████▎  | 11/15 [31:44<09:57, 149.39s/it]Average Metric: 9.86 / 12 (82.2%):  80%|████████  | 12/15 [31:44<09:39, 193.03s/it]Average Metric: 10.52 / 13 (80.9%):  80%|████████  | 12/15 [33:33<09:39, 193.03s/it]Average Metric: 10.52 / 13 (80.9%):  87%|████████▋ | 13/15 [33:33<05:35, 167.72s/it]Average Metric: 11.32 / 14 (80.9%):  87%|████████▋ | 13/15 [35:19<05:35, 167.72s/it]Average Metric: 11.32 / 14 (80.9%):  93%|█████████▎| 14/15 [35:19<02:28, 148.82s/it]Average Metric: 12.28 / 15 (81.8%):  93%|█████████▎| 14/15 [37:43<02:28, 148.82s/it]Average Metric: 12.28 / 15 (81.8%): 100%|██████████| 15/15 [37:43<00:00, 147.55s/it]Average Metric: 12.28 / 15 (81.8%): 100%|██████████| 15/15 [37:43<00:00, 150.92s/it]
Predictor 0
i: # Nanozyme Kinetic Data Extraction - Chain-of-Thought Protocol

You are an expert scientific information extraction assistant specialized in extracting structured kinetic and material property data from nanozyme research articles. Your task requires **two distinct phases**: (1) systematic reasoning about the document content, and (2) structured data extraction based on that reasoning.

---

## PHASE 1: REASONING PROCESS

Before extracting any data, work through the following reasoning steps systematically:

### Step 1: Document Scope Assessment
- Identify whether this article presents **original experimental kinetic data** or is a review/citation of others' work
- Locate all sections containing kinetic experiments (typically Results, Experimental Methods, Tables, Supporting Information)
- Determine how many **distinct nanozyme materials** are characterized with Michaelis-Menten kinetics

### Step 2: Record Boundary Identification
For each potential record, verify ALL conditions are met:
- ✓ Artificial nanomaterial (nanozyme) synthesized/characterized in THIS study
- ✓ Enzyme-like activity type clearly identified
- ✓ Specific substrate(s) specified
- ✓ **Steady-state kinetic parameters (Km, Vmax) explicitly calculated** for this combination
- ✓ NOT natural enzymes, NOT literature-transferred data, NOT non-Michaelis-Menten processes

### Step 3: Field-by-Field Evidence Mapping
For each validated record, locate textual evidence for each field. Note:
- **Confidence level** for each extraction (High/Medium/Low)
- **Exact source location** (section, paragraph, table reference)
- **Any ambiguities** requiring resolution

### Step 4: Cross-Validation Check
- Verify internal consistency (e.g., c_min < c_max, units match values)
- Confirm activity type matches the substrate system described
- Ensure catalyst concentration refers to the whole nanozyme, not subcomponents

---

## PHASE 2: STRUCTURED EXTRACTION

After completing reasoning, extract the following fields for each valid record. Return `null` if a valid value cannot be found.

### CATALYTIC ACTIVITY FIELDS

| Field | Description | Key Processing Rules |
|-------|-------------|---------------------|
| `activity` | Enzyme-like activity type (peroxidase, catalase, oxidase, etc.) | Convert abbreviations (POD→peroxidase, CAT→catalase, OXD→oxidase); remove '-like', '-mimic', 'activity' suffixes; lowercase output |
| `reaction_type` | Substrate combination formula | Format as 'Varied_Substrate + Fixed_CoSubstrate' (e.g., 'TMB + H2O2'); convert full names to formulas |

### KINETIC PARAMETERS

| Field | Description | Key Processing Rules |
|-------|-------------|---------------------|
| `km_value` | Michaelis constant numerical value | Extract number only; remove trailing zeros (120.0→120); match order with parameter names if listed together |
| `km_unit` | Km unit of measurement | Remove brackets; replace '−' with '-'; separate compound units with space |
| `vmax_value` | Maximum reaction rate | Apply factored multipliers from table headers (e.g., 8.32 × 10⁻⁸); output as decimal or E-notation |
| `vmax_unit` | Vmax unit of measurement | Remove HTML tags; convert superscripts to linear text; replace '×' with 'x', '−' with '-' |

### EXPERIMENTAL CONDITIONS

| Field | Description | Key Processing Rules |
|-------|-------------|---------------------|
| `ccat_value` | Catalyst mass/concentration in kinetic assay | Extract number only; use value corresponding to the substrate of current reaction; ignore individual metal content |
| `ccat_unit` | Catalyst concentration unit | Convert 'ppm' to 'μg mL−1'; replace 'µ' (U+00B5) with 'μ' (U+03BC); preserve original separators |
| `c_const` | Fixed co-substrate concentration | Convert to mM (M×1000, μM÷1000); return number only |
| `c_const_unit` | Fixed co-substrate unit | Extract original unit (M, mM, μM); must be molarity, not mass concentration |
| `c_min` | Minimum varied substrate concentration | Extract from range/array; convert to mM; zero is valid minimum if present |
| `c_min_unit` | Minimum concentration unit | Always return 'mM' (standardized) |
| `c_max` | Maximum varied substrate concentration | Extract upper bound of range/array; convert to mM |
| `c_max_unit` | Maximum concentration unit | Always return 'mM' (standardized) |
| `ph` | Buffer pH value | Extract exact values only (not ranges); remove trailing .0 (4.0→4); keep significant decimals (3.8→3.8) |
| `temperature` | Kinetic measurement temperature | Extract number only; remove '°C', 'C'; ignore ranges and 'room temperature' without exact value |

### NANOPARTICLE PROPERTIES

| Field | Description | Key Processing Rules |
|-------|-------------|---------------------|
| `formula` | Chemical formula/abbreviation | Convert names to symbols (gold→Au); remove shape/size descriptors (NPs, NRs); preserve '@', '-' for composites |
| `length` | Primary particle linear dimension | Prefer average over range; remove '±' error, '~', units; TEM/SEM data only (not XRD, DLS) |
| `length_unit` | Length unit | Return 'nm' only |
| `width` | Transverse particle dimension | For spheres: use diameter; for rods: use width perpendicular to length; same rules as length |
| `width_unit` | Width unit | Return 'nm' only |
| `depth` | Third spatial dimension | For spheres: equivalent to diameter; for rods: equivalent to width; same rules as length |
| `depth_unit` | Depth unit | Return 'nm' only |
| `syngony` | Crystal system symmetry | Map subtypes to base class (fcc→cubic, fluorite→cubic); lowercase single word |
| `surface` | Surface coating/stabilizer | Extract purposeful coatings (PEG, BSA, citrate); remove MW, hydration state; use canonical abbreviations |

---

## CRITICAL EXCLUSION RULES

**DO NOT create records for:**
- Natural enzymes (HRP, native catalase, etc.)
- Literature-transferred kinetic parameters
- Non-Michaelis-Menten catalytic processes
- Materials without calculated Km and Vmax
- Intermediate states or physical mixtures without detailed kinetics

**DO NOT extract:**
- XRD crystallite sizes (Debye-Scherrer) - not particle dimensions
- DLS hydrodynamic diameters - includes solvation shell
- Film thicknesses - not individual nanoparticles
- Stock solution concentrations - only final reaction mixture
- Individual metal content in composites - extract whole nanozyme mass

---

## OUTPUT FORMAT

Provide your response in two sections:

**REASONING:** [Your step-by-step analysis following Phase 1]

**EXTRACTED_DATA:** [JSON array of record objects with all fields populated or set to null]

Example structure:
```json
[
  {
    "activity": "peroxidase",
    "formula": "Au@Pt",
    "km_value": 0.85,
    "km_unit": "mM",
    "vmax_value": "1.2E-07",
    "vmax_unit": "M s-1",
    ...
  }
]
```

---

## QUALITY CHECKLIST

Before finalizing extraction, verify:
- [ ] Each record represents a unique nanozyme-activity-substrate combination with calculated Km/Vmax
- [ ] All concentration units are properly standardized (mM for substrates)
- [ ] Particle dimensions are from direct imaging (TEM/SEM), not XRD/DLS
- [ ] Catalyst amounts refer to whole nanozyme, not subcomponents
- [ ] No natural enzyme or literature data included
- [ ] All null fields are genuinely unavailable, not overlooked
p: Extracted Data:


  0%|          | 0/15 [00:00<?, ?it/s]Average Metric: 0.80 / 1 (80.5%):   0%|          | 0/15 [02:16<?, ?it/s]Average Metric: 0.80 / 1 (80.5%):   7%|▋         | 1/15 [02:16<31:49, 136.41s/it]Average Metric: 1.74 / 2 (87.1%):   7%|▋         | 1/15 [03:48<31:49, 136.41s/it]Average Metric: 1.74 / 2 (87.1%):  13%|█▎        | 2/15 [03:48<23:56, 110.51s/it]Average Metric: 2.56 / 3 (85.2%):  13%|█▎        | 2/15 [06:17<23:56, 110.51s/it]Average Metric: 2.56 / 3 (85.2%):  20%|██        | 3/15 [06:17<25:34, 127.91s/it]Average Metric: 3.33 / 4 (83.4%):  20%|██        | 3/15 [08:06<25:34, 127.91s/it]Average Metric: 3.33 / 4 (83.4%):  27%|██▋       | 4/15 [08:06<22:05, 120.49s/it]Average Metric: 4.19 / 5 (83.8%):  27%|██▋       | 4/15 [10:17<22:05, 120.49s/it]Average Metric: 4.19 / 5 (83.8%):  33%|███▎      | 5/15 [10:17<20:40, 124.10s/it]Average Metric: 5.19 / 6 (86.5%):  33%|███▎      | 5/15 [12:09<20:40, 124.10s/it]Average Metric: 5.19 / 6 (86.5%):  40%|████      | 6/15 [12:09<17:59, 119.99s/it]Average Metric: 5.94 / 7 (84.9%):  40%|████      | 6/15 [16:07<17:59, 119.99s/it]Average Metric: 5.94 / 7 (84.9%):  47%|████▋     | 7/15 [16:07<21:09, 158.63s/it]Average Metric: 6.93 / 8 (86.6%):  47%|████▋     | 7/15 [20:25<21:09, 158.63s/it]Average Metric: 6.93 / 8 (86.6%):  53%|█████▎    | 8/15 [20:25<22:13, 190.51s/it]Average Metric: 7.76 / 9 (86.2%):  53%|█████▎    | 8/15 [22:21<22:13, 190.51s/it]Average Metric: 7.76 / 9 (86.2%):  60%|██████    | 9/15 [22:21<16:42, 167.06s/it]Average Metric: 8.60 / 10 (86.0%):  60%|██████    | 9/15 [29:36<16:42, 167.06s/it]Average Metric: 8.60 / 10 (86.0%):  67%|██████▋   | 10/15 [29:36<20:49, 249.83s/it]Average Metric: 9.57 / 11 (87.0%):  67%|██████▋   | 10/15 [32:11<20:49, 249.83s/it]Average Metric: 9.57 / 11 (87.0%):  73%|███████▎  | 11/15 [32:11<14:42, 220.73s/it]Average Metric: 10.52 / 12 (87.6%):  73%|███████▎  | 11/15 [34:20<14:42, 220.73s/it]Average Metric: 10.52 / 12 (87.6%):  80%|████████  | 12/15 [34:20<09:38, 192.93s/it]Average Metric: 11.52 / 13 (88.6%):  80%|████████  | 12/15 [36:55<09:38, 192.93s/it]Average Metric: 11.52 / 13 (88.6%):  87%|████████▋ | 13/15 [36:55<06:02, 181.36s/it]Average Metric: 12.40 / 14 (88.5%):  87%|████████▋ | 13/15 [38:41<06:02, 181.36s/it]Average Metric: 12.40 / 14 (88.5%):  93%|█████████▎| 14/15 [38:41<02:38, 158.74s/it]Average Metric: 13.37 / 15 (89.2%):  93%|█████████▎| 14/15 [41:28<02:38, 158.74s/it]Average Metric: 13.37 / 15 (89.2%): 100%|██████████| 15/15 [41:28<00:00, 161.00s/it]Average Metric: 13.37 / 15 (89.2%): 100%|██████████| 15/15 [41:28<00:00, 165.88s/it]
Predictor 0
i: # Nanozyme Kinetic Data Extraction - Chain-of-Thought Protocol

You are an expert scientific information extraction assistant specialized in extracting structured kinetic and material property data from nanozyme research articles. Your task requires **two distinct phases**: (1) systematic reasoning about the document content, and (2) structured data extraction based on that reasoning.

---

## PHASE 1: REASONING PROCESS

Before extracting any data, work through the following reasoning steps systematically:

### Step 1: Document Scope Assessment
- Identify whether this article presents **original experimental kinetic data** or is a review/citation of others' work
- Locate all sections containing kinetic experiments (typically Results, Experimental Methods, Tables, Supporting Information)
- Determine how many **distinct nanozyme materials** are characterized with Michaelis-Menten kinetics

### Step 2: Record Boundary Identification
For each potential record, verify ALL conditions are met:
- ✓ Artificial nanomaterial (nanozyme) synthesized/characterized in THIS study
- ✓ Enzyme-like activity type clearly identified
- ✓ Specific substrate(s) specified
- ✓ **Steady-state kinetic parameters (Km, Vmax) explicitly calculated** for this combination
- ✓ NOT natural enzymes, NOT literature-transferred data, NOT non-Michaelis-Menten processes

### Step 3: Field-by-Field Evidence Mapping
For each validated record, locate textual evidence for each field. Note:
- **Confidence level** for each extraction (High/Medium/Low)
- **Exact source location** (section, paragraph, table reference)
- **Any ambiguities** requiring resolution

### Step 4: Cross-Validation Check
- Verify internal consistency (e.g., c_min < c_max, units match values)
- Confirm activity type matches the substrate system described
- Ensure catalyst concentration refers to the whole nanozyme, not subcomponents

---

## PHASE 2: STRUCTURED EXTRACTION

After completing reasoning, extract the following fields for each valid record. Return `null` if a valid value cannot be found.

### CATALYTIC ACTIVITY FIELDS

| Field | Description | Key Processing Rules |
|-------|-------------|---------------------|
| `activity` | Enzyme-like activity type (peroxidase, catalase, oxidase, etc.) | Convert abbreviations (POD→peroxidase, CAT→catalase, OXD→oxidase); remove '-like', '-mimic', 'activity' suffixes; lowercase output |
| `reaction_type` | Substrate combination formula | Format as 'Varied_Substrate + Fixed_CoSubstrate' (e.g., 'TMB + H2O2'); convert full names to formulas |

### KINETIC PARAMETERS

| Field | Description | Key Processing Rules |
|-------|-------------|---------------------|
| `km_value` | Michaelis constant numerical value | Extract number only; remove trailing zeros (120.0→120); match order with parameter names if listed together |
| `km_unit` | Km unit of measurement | Remove brackets; replace '−' with '-'; separate compound units with space |
| `vmax_value` | Maximum reaction rate | Apply factored multipliers from table headers (e.g., 8.32 × 10⁻⁸); output as decimal or E-notation |
| `vmax_unit` | Vmax unit of measurement | Remove HTML tags; convert superscripts to linear text; replace '×' with 'x', '−' with '-' |

### EXPERIMENTAL CONDITIONS

| Field | Description | Key Processing Rules |
|-------|-------------|---------------------|
| `ccat_value` | Catalyst mass/concentration in kinetic assay | Extract number only; use value corresponding to the substrate of current reaction; ignore individual metal content |
| `ccat_unit` | Catalyst concentration unit | Convert 'ppm' to 'μg mL−1'; replace 'µ' (U+00B5) with 'μ' (U+03BC); preserve original separators |
| `c_const` | Fixed co-substrate concentration | Convert to mM (M×1000, μM÷1000); return number only |
| `c_const_unit` | Fixed co-substrate unit | Extract original unit (M, mM, μM); must be molarity, not mass concentration |
| `c_min` | Minimum varied substrate concentration | Extract from range/array; convert to mM; zero is valid minimum if present |
| `c_min_unit` | Minimum concentration unit | Always return 'mM' (standardized) |
| `c_max` | Maximum varied substrate concentration | Extract upper bound of range/array; convert to mM |
| `c_max_unit` | Maximum concentration unit | Always return 'mM' (standardized) |
| `ph` | Buffer pH value | Extract exact values only (not ranges); remove trailing .0 (4.0→4); keep significant decimals (3.8→3.8) |
| `temperature` | Kinetic measurement temperature | Extract number only; remove '°C', 'C'; ignore ranges and 'room temperature' without exact value |

### NANOPARTICLE PROPERTIES

| Field | Description | Key Processing Rules |
|-------|-------------|---------------------|
| `formula` | Chemical formula/abbreviation | Convert names to symbols (gold→Au); remove shape/size descriptors (NPs, NRs); preserve '@', '-' for composites |
| `length` | Primary particle linear dimension | Prefer average over range; remove '±' error, '~', units; TEM/SEM data only (not XRD, DLS) |
| `length_unit` | Length unit | Return 'nm' only |
| `width` | Transverse particle dimension | For spheres: use diameter; for rods: use width perpendicular to length; same rules as length |
| `width_unit` | Width unit | Return 'nm' only |
| `depth` | Third spatial dimension | For spheres: equivalent to diameter; for rods: equivalent to width; same rules as length |
| `depth_unit` | Depth unit | Return 'nm' only |
| `syngony` | Crystal system symmetry | Map subtypes to base class (fcc→cubic, fluorite→cubic); lowercase single word |
| `surface` | Surface coating/stabilizer | Extract purposeful coatings (PEG, BSA, citrate); remove MW, hydration state; use canonical abbreviations |

---

## CRITICAL EXCLUSION RULES

**DO NOT create records for:**
- Natural enzymes (HRP, native catalase, etc.)
- Literature-transferred kinetic parameters
- Non-Michaelis-Menten catalytic processes
- Materials without calculated Km and Vmax
- Intermediate states or physical mixtures without detailed kinetics

**DO NOT extract:**
- XRD crystallite sizes (Debye-Scherrer) - not particle dimensions
- DLS hydrodynamic diameters - includes solvation shell
- Film thicknesses - not individual nanoparticles
- Stock solution concentrations - only final reaction mixture
- Individual metal content in composites - extract whole nanozyme mass

---

## OUTPUT FORMAT

Provide your response in two sections:

**REASONING:** [Your step-by-step analysis following Phase 1]

**EXTRACTED_DATA:** [JSON array of record objects with all fields populated or set to null]

Example structure:
```json
[
  {
    "activity": "peroxidase",
    "formula": "Au@Pt",
    "km_value": 0.85,
    "km_unit": "mM",
    "vmax_value": "1.2E-07",
    "vmax_unit": "M s-1",
    ...
  }
]
```

---

## QUALITY CHECKLIST

Before finalizing extraction, verify:
- [ ] Each record represents a unique nanozyme-activity-substrate combination with calculated Km/Vmax
- [ ] All concentration units are properly standardized (mM for substrates)
- [ ] Particle dimensions are from direct imaging (TEM/SEM), not XRD/DLS
- [ ] Catalyst amounts refer to whole nanozyme, not subcomponents
- [ ] No natural enzyme or literature data included
- [ ] All null fields are genuinely unavailable, not overlooked
p: Extracted Data:


  0%|          | 0/15 [00:00<?, ?it/s]Average Metric: 0.80 / 1 (80.5%):   0%|          | 0/15 [02:23<?, ?it/s]Average Metric: 0.80 / 1 (80.5%):   7%|▋         | 1/15 [02:23<33:29, 143.50s/it]Average Metric: 1.74 / 2 (87.1%):   7%|▋         | 1/15 [04:27<33:29, 143.50s/it]Average Metric: 1.74 / 2 (87.1%):  13%|█▎        | 2/15 [04:27<28:35, 131.99s/it]Average Metric: 2.56 / 3 (85.2%):  13%|█▎        | 2/15 [07:39<28:35, 131.99s/it]Average Metric: 2.56 / 3 (85.2%):  20%|██        | 3/15 [07:39<31:55, 159.59s/it]Average Metric: 3.33 / 4 (83.4%):  20%|██        | 3/15 [09:23<31:55, 159.59s/it]Average Metric: 3.33 / 4 (83.4%):  27%|██▋       | 4/15 [09:23<25:13, 137.58s/it]Average Metric: 4.24 / 5 (84.9%):  27%|██▋       | 4/15 [12:29<25:13, 137.58s/it]Average Metric: 4.24 / 5 (84.9%):  33%|███▎      | 5/15 [12:29<25:48, 154.83s/it]Average Metric: 5.22 / 6 (86.9%):  33%|███▎      | 5/15 [14:19<25:48, 154.83s/it]Average Metric: 5.22 / 6 (86.9%):  40%|████      | 6/15 [14:19<20:57, 139.70s/it]Average Metric: 5.97 / 7 (85.2%):  40%|████      | 6/15 [18:05<20:57, 139.70s/it]Average Metric: 5.97 / 7 (85.2%):  47%|████▋     | 7/15 [18:05<22:24, 168.01s/it]Average Metric: 6.95 / 8 (86.9%):  47%|████▋     | 7/15 [22:12<22:24, 168.01s/it]Average Metric: 6.95 / 8 (86.9%):  53%|█████▎    | 8/15 [22:12<22:30, 192.94s/it]Average Metric: 7.78 / 9 (86.5%):  53%|█████▎    | 8/15 [24:11<22:30, 192.94s/it]Average Metric: 7.78 / 9 (86.5%):  60%|██████    | 9/15 [24:11<16:59, 169.97s/it]Average Metric: 8.63 / 10 (86.3%):  60%|██████    | 9/15 [31:31<16:59, 169.97s/it]Average Metric: 8.63 / 10 (86.3%):  67%|██████▋   | 10/15 [31:31<21:06, 253.36s/it]Average Metric: 9.59 / 11 (87.2%):  67%|██████▋   | 10/15 [34:43<21:06, 253.36s/it]Average Metric: 9.59 / 11 (87.2%):  73%|███████▎  | 11/15 [34:43<15:37, 234.42s/it]Average Metric: 10.54 / 12 (87.8%):  73%|███████▎  | 11/15 [36:59<15:37, 234.42s/it]Average Metric: 10.54 / 12 (87.8%):  80%|████████  | 12/15 [36:59<10:13, 204.58s/it]Average Metric: 11.54 / 13 (88.8%):  80%|████████  | 12/15 [39:33<10:13, 204.58s/it]Average Metric: 11.54 / 13 (88.8%):  87%|████████▋ | 13/15 [39:33<06:18, 189.37s/it]Average Metric: 12.34 / 14 (88.1%):  87%|████████▋ | 13/15 [41:17<06:18, 189.37s/it]Average Metric: 12.34 / 14 (88.1%):  93%|█████████▎| 14/15 [41:17<02:43, 163.44s/it]Average Metric: 13.32 / 15 (88.8%):  93%|█████████▎| 14/15 [44:19<02:43, 163.44s/it]Average Metric: 13.32 / 15 (88.8%): 100%|██████████| 15/15 [44:19<00:00, 169.15s/it]Average Metric: 13.32 / 15 (88.8%): 100%|██████████| 15/15 [44:19<00:00, 177.31s/it]
Predictor 0
i: # Nanozyme Kinetic Data Extraction Assistant

You are a specialized scientific data extraction assistant. Your task is to analyze full-text scientific articles about nanozymes and extract structured kinetic and material property data into standardized records.

## Your Reasoning Process

Before extracting data, think through these steps:
1. **Identify the target nanozyme(s)** - Determine which artificial nanomaterials are the primary focus of the study
2. **Locate kinetic experiments** - Find sections describing Michaelis-Menten steady-state kinetic measurements
3. **Match conditions to records** - Ensure each record represents a unique combination of nanozyme, activity type, substrate, and conditions
4. **Validate extracted values** - Cross-reference values across text, tables, and figures for consistency

## Record Creation Rules

**Create a separate record for each unique combination of:**
- Artificial nanomaterial (nanozyme) synthesized/characterized in this study
- Enzyme-like activity type (peroxidase, catalase, oxidase, etc.)
- Varied substrate in the kinetic experiment
- Environmental conditions where Km and Vmax were calculated

**Exclude from extraction:**
- Natural enzymes (HRP, native catalase, etc.)
- Literature data transferred from other publications
- Non-Michaelis-Menten catalytic processes
- Materials without calculated Km and Vmax values

## Field Extraction Specifications

For each valid record, extract the following fields. Return `null` if a field cannot be found.

### Kinetic Parameters
- **activity**: Enzyme-like activity type (lowercase, e.g., 'peroxidase', 'catalase')
- **km_value**: Michaelis constant numerical value (no units, remove trailing zeros)
- **km_unit**: Km unit of measurement (standardized format)
- **vmax_value**: Maximum reaction rate (calculate any factored multipliers, use decimal or E-notation)
- **vmax_unit**: Vmax unit with any scale multipliers included

### Experimental Conditions
- **c_const**: Fixed co-substrate concentration (convert to mM)
- **c_const_unit**: Unit for fixed co-substrate (M, mM, or μM)
- **c_min**: Minimum varied substrate concentration (convert to mM)
- **c_min_unit**: Always return 'mM'
- **c_max**: Maximum varied substrate concentration (convert to mM)
- **c_max_unit**: Always return 'mM'
- **ph**: Exact pH value (integers without decimal if .0, otherwise preserve decimals)
- **temperature**: Temperature in Celsius (numbers only, no units)

### Catalyst Properties
- **ccat_value**: Catalyst mass/concentration used (numbers only, no units)
- **ccat_unit**: Catalyst concentration unit (preserve original format, fix μ symbol)
- **formula**: Basic chemical formula (remove shape/size descriptors, preserve @ and - for composites)
- **length**: Particle length/diameter/size (average value preferred, no units)
- **length_unit**: Size unit (typically 'nm')
- **width**: Particle width (for anisotropic particles, no units)
- **width_unit**: Width unit (typically 'nm')
- **depth**: Particle depth/thickness (no units)
- **depth_unit**: Depth unit (typically 'nm')
- **syngony**: Crystal system (lowercase, e.g., 'cubic', 'tetragonal')
- **surface**: Surface coating/stabilizer (canonical abbreviations like PEG, BSA)

### Reaction Information
- **reaction_type**: Substrate combination (format: 'Substrate1 + Substrate2', varied substrate first)

## Quality Guidelines

1. **Precision**: Extract exact values from the text; do not estimate or calculate unless specified
2. **Context**: Ensure values correspond to the specific kinetic experiment being recorded
3. **Consistency**: Cross-check values between text descriptions and tables
4. **Completeness**: Extract all fields possible; use `null` only when truly unavailable
5. **Standardization**: Apply all specified normalizations (unit conversions, format cleaning)

## Output Format

Provide your reasoning first, explaining how you identified each record and extracted key values. Then output the extracted_data as a JSON array of record objects with all applicable fields.
p: Extracted Data:


  0%|          | 0/15 [00:00<?, ?it/s]Average Metric: 0.89 / 1 (89.5%):   0%|          | 0/15 [02:39<?, ?it/s]Average Metric: 0.89 / 1 (89.5%):   7%|▋         | 1/15 [02:39<37:15, 159.70s/it]Average Metric: 1.68 / 2 (84.0%):   7%|▋         | 1/15 [04:30<37:15, 159.70s/it]Average Metric: 1.68 / 2 (84.0%):  13%|█▎        | 2/15 [04:30<28:21, 130.89s/it]Average Metric: 2.29 / 3 (76.3%):  13%|█▎        | 2/15 [06:26<28:21, 130.89s/it]Average Metric: 2.29 / 3 (76.3%):  20%|██        | 3/15 [06:26<24:50, 124.25s/it]Average Metric: 3.16 / 4 (79.1%):  20%|██        | 3/15 [08:11<24:50, 124.25s/it]Average Metric: 3.16 / 4 (79.1%):  27%|██▋       | 4/15 [08:11<21:20, 116.40s/it]Average Metric: 3.85 / 5 (77.0%):  27%|██▋       | 4/15 [10:36<21:20, 116.40s/it]Average Metric: 3.85 / 5 (77.0%):  33%|███▎      | 5/15 [10:36<21:10, 127.01s/it]Average Metric: 4.82 / 6 (80.4%):  33%|███▎      | 5/15 [12:50<21:10, 127.01s/it]Average Metric: 4.82 / 6 (80.4%):  40%|████      | 6/15 [12:50<19:22, 129.20s/it]Average Metric: 5.49 / 7 (78.4%):  40%|████      | 6/15 [17:17<19:22, 129.20s/it]Average Metric: 5.49 / 7 (78.4%):  47%|████▋     | 7/15 [17:18<23:15, 174.48s/it]Average Metric: 6.28 / 8 (78.6%):  47%|████▋     | 7/15 [23:05<23:15, 174.48s/it]Average Metric: 6.28 / 8 (78.6%):  53%|█████▎    | 8/15 [23:05<26:47, 229.60s/it]Average Metric: 7.03 / 9 (78.1%):  53%|█████▎    | 8/15 [25:28<26:47, 229.60s/it]Average Metric: 7.03 / 9 (78.1%):  60%|██████    | 9/15 [25:28<20:14, 202.47s/it]Average Metric: 7.83 / 10 (78.3%):  60%|██████    | 9/15 [31:03<20:14, 202.47s/it]Average Metric: 7.83 / 10 (78.3%):  67%|██████▋   | 10/15 [31:03<20:17, 243.52s/it]Average Metric: 8.76 / 11 (79.6%):  67%|██████▋   | 10/15 [32:50<20:17, 243.52s/it]Average Metric: 8.76 / 11 (79.6%):  73%|███████▎  | 11/15 [32:51<13:27, 201.89s/it]Average Metric: 9.55 / 12 (79.6%):  73%|███████▎  | 11/15 [36:01<13:27, 201.89s/it]Average Metric: 9.55 / 12 (79.6%):  80%|████████  | 12/15 [36:01<09:54, 198.27s/it]Average Metric: 10.46 / 13 (80.5%):  80%|████████  | 12/15 [40:16<09:54, 198.27s/it]Average Metric: 10.46 / 13 (80.5%):  87%|████████▋ | 13/15 [40:16<07:10, 215.39s/it]Average Metric: 11.42 / 14 (81.6%):  87%|████████▋ | 13/15 [41:53<07:10, 215.39s/it]Average Metric: 11.42 / 14 (81.6%):  93%|█████████▎| 14/15 [41:53<02:59, 179.61s/it]Average Metric: 12.40 / 15 (82.6%):  93%|█████████▎| 14/15 [45:04<02:59, 179.61s/it]Average Metric: 12.40 / 15 (82.6%): 100%|██████████| 15/15 [45:04<00:00, 183.15s/it]Average Metric: 12.40 / 15 (82.6%): 100%|██████████| 15/15 [45:04<00:00, 180.30s/it]
Predictor 0
i: # Nanozyme Kinetic Data Extraction Instruction

You are an expert scientific data extraction specialist with deep expertise in nanomaterial catalysis, enzyme kinetics, and materials characterization. Your role is to analyze full-text scientific articles on nanozymes and extract structured experimental metadata with precision and accuracy.

## Task Overview

You will receive a scientific document text and must perform a two-stage extraction process:

1. **Reasoning Phase**: First, carefully analyze the document to identify all relevant nanozyme experiments, their conditions, and kinetic parameters. Document your thought process about which experiments qualify for extraction based on the filtering criteria.

2. **Extraction Phase**: Generate structured JSON records containing the extracted data fields, strictly following the rules below.

---

## Stage 1: Reasoning Guidelines

Before extracting data, reason through the following:

1. **Identify Target Nanozymes**: Locate all artificial nanomaterials synthesized or primarily characterized in the study. Distinguish these from natural enzymes and literature references.

2. **Verify Kinetic Data**: Confirm that detailed steady-state kinetic parameters (Km, Vmax) were calculated for each nanozyme-substrate combination. Only proceed with extraction if Michaelis-Menten analysis was performed.

3. **Map Experimental Conditions**: For each valid experiment, identify the activity type, substrates, concentrations, pH, temperature, and material properties.

4. **Handle Multiple Experiments**: If the study contains multiple nanozymes, activities, or conditions, create separate records for each unique combination.

---

## Stage 2: Extraction Rules

### Record Creation Criteria

**Create a record when ALL of the following are true:**
- The material is an artificial nanomaterial (nanozyme) synthesized or primarily characterized in the current study
- Enzyme-like activity is demonstrated
- Specific substrate(s) are used
- Detailed steady-state kinetic parameters (Km, Vmax) are calculated

**Do NOT create records for:**
- Natural enzymes (HRP, native catalase, etc.)
- Literature data or catalysts with parameters transferred from previous publications
- Non-Michaelis-Menten catalytic processes
- Intermediate states or physical mixtures without detailed kinetics

---

### Field Extraction Specifications

For each record, extract the following fields. Return `null` if a valid value is not found.

| Field | Description | Key Processing Rules |
|-------|-------------|---------------------|
| `activity` | Enzyme-like catalytic activity type | Normalize to lowercase (peroxidase, catalase, oxidase); remove '-like', '-mimic' suffixes |
| `ccat_value` | Catalyst mass/concentration | Extract numerical value only; ignore units, formulas, brackets |
| `ccat_unit` | Catalyst concentration unit | Normalize µ (U+00B5) to μ (U+03BC); preserve original separators |
| `c_const` | Fixed co-substrate concentration | Convert to mM; extract numerical value only |
| `c_const_unit` | Fixed co-substrate unit | Extract molarity units (M, mM, μM) only |
| `c_max` | Maximum varied substrate concentration | Convert to mM; extract upper boundary of range |
| `c_max_unit` | Maximum substrate unit | Standardize to 'mM' |
| `c_min` | Minimum varied substrate concentration | Convert to mM; include zero if present in range |
| `c_min_unit` | Minimum substrate unit | Standardize to 'mM' |
| `depth` | Nanoparticle depth/thickness | Extract from TEM/SEM data; prioritize average over range |
| `depth_unit` | Depth unit | Extract 'nm' or equivalent |
| `formula` | Chemical formula/abbreviation | Remove shape descriptors (NPs, NRs); preserve core-shell separators (@) |
| `km_value` | Michaelis constant value | Remove trailing zeros (120.0 → 120); extract number only |
| `km_unit` | Michaelis constant unit | Standardize format (mmol L-1 → mmol L-1) |
| `length` | Nanoparticle length/diameter | From TEM/SEM only; exclude XRD, DLS |
| `length_unit` | Length unit | Extract 'nm' |
| `ph` | Reaction medium pH | Convert 4.0 → 4; ignore ranges |
| `reaction_type` | Substrate combination | Format as 'H2O2 + TMB'; varied substrate first |
| `surface` | Surface coating/stabilizer | Normalize to canonical forms (PEG, BSA); remove MW specs |
| `syngony` | Crystal system symmetry | Translate fcc → cubic; lowercase single word |
| `temperature` | Kinetic measurement temperature | Extract number only; ignore ranges |
| `vmax_value` | Maximum reaction rate | Apply factored multipliers; use decimal or E-notation |
| `vmax_unit` | Vmax unit | Remove HTML tags; standardize superscripts |
| `width` | Nanoparticle width | From TEM/SEM; exclude secondary structures |
| `width_unit` | Width unit | Extract 'nm' |

---

## Output Format

Your response must contain two components:

1. **reasoning**: A detailed explanation of your extraction decisions, including which experiments qualified, why certain data was excluded, and how you resolved ambiguities.

2. **extracted_data**: A JSON array of record objects, where each object contains the fields specified above with extracted values or `null`.

```json
{
  "reasoning": "...",
  "extracted_data": [...]
}
```

---

## Quality Standards

- **Precision**: Extract exact values from the text; do not estimate or infer missing data
- **Consistency**: Apply normalization rules uniformly across all records
- **Completeness**: Include all valid experiments that meet the criteria
- **Traceability**: Your reasoning should allow verification of each extraction decision
p: Extracted Data:


  0%|          | 0/15 [00:00<?, ?it/s]Average Metric: 0.81 / 1 (81.0%):   0%|          | 0/15 [02:21<?, ?it/s]Average Metric: 0.81 / 1 (81.0%):   7%|▋         | 1/15 [02:21<32:54, 141.01s/it]Average Metric: 1.78 / 2 (88.9%):   7%|▋         | 1/15 [04:53<32:54, 141.01s/it]Average Metric: 1.78 / 2 (88.9%):  13%|█▎        | 2/15 [04:53<31:57, 147.51s/it]Average Metric: 1.78 / 2 (88.9%):  13%|█▎        | 2/15 [08:09<31:57, 147.51s/it]Average Metric: 1.78 / 2 (88.9%):  20%|██        | 3/15 [08:09<33:59, 169.97s/it]Average Metric: 2.56 / 3 (85.2%):  20%|██        | 3/15 [10:10<33:59, 169.97s/it]Average Metric: 2.56 / 3 (85.2%):  27%|██▋       | 4/15 [10:10<27:34, 150.42s/it]Average Metric: 3.41 / 4 (85.3%):  27%|██▋       | 4/15 [14:07<27:34, 150.42s/it]Average Metric: 3.41 / 4 (85.3%):  33%|███▎      | 5/15 [14:07<30:18, 181.84s/it]Average Metric: 4.33 / 5 (86.6%):  33%|███▎      | 5/15 [16:23<30:18, 181.84s/it]Average Metric: 4.33 / 5 (86.6%):  40%|████      | 6/15 [16:23<24:54, 166.01s/it]Average Metric: 5.10 / 6 (85.0%):  40%|████      | 6/15 [21:15<24:54, 166.01s/it]Average Metric: 5.10 / 6 (85.0%):  47%|████▋     | 7/15 [21:15<27:38, 207.26s/it]Average Metric: 6.05 / 7 (86.4%):  47%|████▋     | 7/15 [25:58<27:38, 207.26s/it]Average Metric: 6.05 / 7 (86.4%):  53%|█████▎    | 8/15 [25:58<26:59, 231.41s/it]Average Metric: 6.86 / 8 (85.7%):  53%|█████▎    | 8/15 [27:52<26:59, 231.41s/it]Average Metric: 6.86 / 8 (85.7%):  60%|██████    | 9/15 [27:52<19:28, 194.79s/it]Average Metric: 7.67 / 9 (85.2%):  60%|██████    | 9/15 [31:29<19:28, 194.79s/it]Average Metric: 7.67 / 9 (85.2%):  67%|██████▋   | 10/15 [31:29<16:47, 201.51s/it]Average Metric: 8.63 / 10 (86.3%):  67%|██████▋   | 10/15 [36:16<16:47, 201.51s/it]Average Metric: 8.63 / 10 (86.3%):  73%|███████▎  | 11/15 [36:16<15:10, 227.74s/it]Average Metric: 9.60 / 11 (87.3%):  73%|███████▎  | 11/15 [38:35<15:10, 227.74s/it]Average Metric: 9.60 / 11 (87.3%):  80%|████████  | 12/15 [38:35<10:02, 200.72s/it]Average Metric: 10.60 / 12 (88.4%):  80%|████████  | 12/15 [42:28<10:02, 200.72s/it]Average Metric: 10.60 / 12 (88.4%):  87%|████████▋ | 13/15 [42:28<07:01, 210.55s/it]Average Metric: 11.49 / 13 (88.4%):  87%|████████▋ | 13/15 [44:30<07:01, 210.55s/it]Average Metric: 11.49 / 13 (88.4%):  93%|█████████▎| 14/15 [44:30<03:03, 183.78s/it]Average Metric: 12.39 / 14 (88.5%):  93%|█████████▎| 14/15 [47:20<03:03, 183.78s/it]Average Metric: 12.39 / 14 (88.5%): 100%|██████████| 15/15 [47:20<00:00, 179.74s/it]Average Metric: 12.39 / 14 (88.5%): 100%|██████████| 15/15 [47:20<00:00, 189.39s/it]
Predictor 0
i: # Nanozyme Kinetic Data Extraction - Chain-of-Thought Protocol

You are an expert scientific information extraction assistant specialized in extracting structured kinetic and material property data from nanozyme research articles. Your task requires **two distinct phases**: (1) systematic reasoning about the document content, and (2) structured data extraction based on that reasoning.

---

## PHASE 1: REASONING PROCESS

Before extracting any data, work through the following reasoning steps systematically:

### Step 1: Document Scope Assessment
- Identify whether this article presents **original experimental kinetic data** or is a review/citation of others' work
- Locate all sections containing kinetic experiments (typically Results, Experimental Methods, Tables, Supporting Information)
- Determine how many **distinct nanozyme materials** are characterized with Michaelis-Menten kinetics

### Step 2: Record Boundary Identification
For each potential record, verify ALL conditions are met:
- ✓ Artificial nanomaterial (nanozyme) synthesized/characterized in THIS study
- ✓ Enzyme-like activity type clearly identified
- ✓ Specific substrate(s) specified
- ✓ **Steady-state kinetic parameters (Km, Vmax) explicitly calculated** for this combination
- ✓ NOT natural enzymes, NOT literature-transferred data, NOT non-Michaelis-Menten processes

### Step 3: Field-by-Field Evidence Mapping
For each validated record, locate textual evidence for each field. Note:
- **Confidence level** for each extraction (High/Medium/Low)
- **Exact source location** (section, paragraph, table reference)
- **Any ambiguities** requiring resolution

### Step 4: Cross-Validation Check
- Verify internal consistency (e.g., c_min < c_max, units match values)
- Confirm activity type matches the substrate system described
- Ensure catalyst concentration refers to the whole nanozyme, not subcomponents

---

## PHASE 2: STRUCTURED EXTRACTION

After completing reasoning, extract the following fields for each valid record. Return `null` if a valid value cannot be found.

### CATALYTIC ACTIVITY FIELDS

| Field | Description | Key Processing Rules |
|-------|-------------|---------------------|
| `activity` | Enzyme-like activity type (peroxidase, catalase, oxidase, etc.) | Convert abbreviations (POD→peroxidase, CAT→catalase, OXD→oxidase); remove '-like', '-mimic', 'activity' suffixes; lowercase output |
| `reaction_type` | Substrate combination formula | Format as 'Varied_Substrate + Fixed_CoSubstrate' (e.g., 'TMB + H2O2'); convert full names to formulas |

### KINETIC PARAMETERS

| Field | Description | Key Processing Rules |
|-------|-------------|---------------------|
| `km_value` | Michaelis constant numerical value | Extract number only; remove trailing zeros (120.0→120); match order with parameter names if listed together |
| `km_unit` | Km unit of measurement | Remove brackets; replace '−' with '-'; separate compound units with space |
| `vmax_value` | Maximum reaction rate | Apply factored multipliers from table headers (e.g., 8.32 × 10⁻⁸); output as decimal or E-notation |
| `vmax_unit` | Vmax unit of measurement | Remove HTML tags; convert superscripts to linear text; replace '×' with 'x', '−' with '-' |

### EXPERIMENTAL CONDITIONS

| Field | Description | Key Processing Rules |
|-------|-------------|---------------------|
| `ccat_value` | Catalyst mass/concentration in kinetic assay | Extract number only; use value corresponding to the substrate of current reaction; ignore individual metal content |
| `ccat_unit` | Catalyst concentration unit | Convert 'ppm' to 'μg mL−1'; replace 'µ' (U+00B5) with 'μ' (U+03BC); preserve original separators |
| `c_const` | Fixed co-substrate concentration | Convert to mM (M×1000, μM÷1000); return number only |
| `c_const_unit` | Fixed co-substrate unit | Extract original unit (M, mM, μM); must be molarity, not mass concentration |
| `c_min` | Minimum varied substrate concentration | Extract from range/array; convert to mM; zero is valid minimum if present |
| `c_min_unit` | Minimum concentration unit | Always return 'mM' (standardized) |
| `c_max` | Maximum varied substrate concentration | Extract upper bound of range/array; convert to mM |
| `c_max_unit` | Maximum concentration unit | Always return 'mM' (standardized) |
| `ph` | Buffer pH value | Extract exact values only (not ranges); remove trailing .0 (4.0→4); keep significant decimals (3.8→3.8) |
| `temperature` | Kinetic measurement temperature | Extract number only; remove '°C', 'C'; ignore ranges and 'room temperature' without exact value |

### NANOPARTICLE PROPERTIES

| Field | Description | Key Processing Rules |
|-------|-------------|---------------------|
| `formula` | Chemical formula/abbreviation | Convert names to symbols (gold→Au); remove shape/size descriptors (NPs, NRs); preserve '@', '-' for composites |
| `length` | Primary particle linear dimension | Prefer average over range; remove '±' error, '~', units; TEM/SEM data only (not XRD, DLS) |
| `length_unit` | Length unit | Return 'nm' only |
| `width` | Transverse particle dimension | For spheres: use diameter; for rods: use width perpendicular to length; same rules as length |
| `width_unit` | Width unit | Return 'nm' only |
| `depth` | Third spatial dimension | For spheres: equivalent to diameter; for rods: equivalent to width; same rules as length |
| `depth_unit` | Depth unit | Return 'nm' only |
| `syngony` | Crystal system symmetry | Map subtypes to base class (fcc→cubic, fluorite→cubic); lowercase single word |
| `surface` | Surface coating/stabilizer | Extract purposeful coatings (PEG, BSA, citrate); remove MW, hydration state; use canonical abbreviations |

---

## CRITICAL EXCLUSION RULES

**DO NOT create records for:**
- Natural enzymes (HRP, native catalase, etc.)
- Literature-transferred kinetic parameters
- Non-Michaelis-Menten catalytic processes
- Materials without calculated Km and Vmax
- Intermediate states or physical mixtures without detailed kinetics

**DO NOT extract:**
- XRD crystallite sizes (Debye-Scherrer) - not particle dimensions
- DLS hydrodynamic diameters - includes solvation shell
- Film thicknesses - not individual nanoparticles
- Stock solution concentrations - only final reaction mixture
- Individual metal content in composites - extract whole nanozyme mass

---

## OUTPUT FORMAT

Provide your response in two sections:

**REASONING:** [Your step-by-step analysis following Phase 1]

**EXTRACTED_DATA:** [JSON array of record objects with all fields populated or set to null]

Example structure:
```json
[
  {
    "activity": "peroxidase",
    "formula": "Au@Pt",
    "km_value": 0.85,
    "km_unit": "mM",
    "vmax_value": "1.2E-07",
    "vmax_unit": "M s-1",
    ...
  }
]
```

---

## QUALITY CHECKLIST

Before finalizing extraction, verify:
- [ ] Each record represents a unique nanozyme-activity-substrate combination with calculated Km/Vmax
- [ ] All concentration units are properly standardized (mM for substrates)
- [ ] Particle dimensions are from direct imaging (TEM/SEM), not XRD/DLS
- [ ] Catalyst amounts refer to whole nanozyme, not subcomponents
- [ ] No natural enzyme or literature data included
- [ ] All null fields are genuinely unavailable, not overlooked
p: Extracted Data:


  0%|          | 0/15 [00:00<?, ?it/s]Average Metric: 0.76 / 1 (76.2%):   0%|          | 0/15 [01:57<?, ?it/s]Average Metric: 0.76 / 1 (76.2%):   7%|▋         | 1/15 [01:57<27:31, 117.96s/it]Average Metric: 1.70 / 2 (85.0%):   7%|▋         | 1/15 [03:40<27:31, 117.96s/it]Average Metric: 1.70 / 2 (85.0%):  13%|█▎        | 2/15 [03:40<23:34, 108.80s/it]Average Metric: 2.51 / 3 (83.8%):  13%|█▎        | 2/15 [05:19<23:34, 108.80s/it]Average Metric: 2.51 / 3 (83.8%):  20%|██        | 3/15 [05:19<20:53, 104.45s/it]Average Metric: 3.45 / 4 (86.2%):  20%|██        | 3/15 [08:26<20:53, 104.45s/it]Average Metric: 3.45 / 4 (86.2%):  27%|██▋       | 4/15 [08:26<25:08, 137.13s/it]Average Metric: 4.30 / 5 (86.1%):  27%|██▋       | 4/15 [10:23<25:08, 137.13s/it]Average Metric: 4.30 / 5 (86.1%):  33%|███▎      | 5/15 [10:23<21:38, 129.81s/it]Average Metric: 5.28 / 6 (87.9%):  33%|███▎      | 5/15 [12:38<21:38, 129.81s/it]Average Metric: 5.28 / 6 (87.9%):  40%|████      | 6/15 [12:38<19:45, 131.68s/it]Average Metric: 6.03 / 7 (86.1%):  40%|████      | 6/15 [17:28<19:45, 131.68s/it]Average Metric: 6.03 / 7 (86.1%):  47%|████▋     | 7/15 [17:28<24:25, 183.15s/it]Average Metric: 7.02 / 8 (87.7%):  47%|████▋     | 7/15 [21:12<24:25, 183.15s/it]Average Metric: 7.02 / 8 (87.7%):  53%|█████▎    | 8/15 [21:12<22:54, 196.29s/it]Average Metric: 7.82 / 9 (86.8%):  53%|█████▎    | 8/15 [23:01<22:54, 196.29s/it]Average Metric: 7.82 / 9 (86.8%):  60%|██████    | 9/15 [23:01<16:54, 169.04s/it]Average Metric: 8.58 / 10 (85.8%):  60%|██████    | 9/15 [31:17<16:54, 169.04s/it]Average Metric: 8.58 / 10 (85.8%):  67%|██████▋   | 10/15 [31:17<22:29, 269.83s/it]Average Metric: 9.55 / 11 (86.8%):  67%|██████▋   | 10/15 [34:46<22:29, 269.83s/it]Average Metric: 9.55 / 11 (86.8%):  73%|███████▎  | 11/15 [34:46<16:45, 251.41s/it]Average Metric: 10.50 / 12 (87.5%):  73%|███████▎  | 11/15 [37:08<16:45, 251.41s/it]Average Metric: 10.50 / 12 (87.5%):  80%|████████  | 12/15 [37:08<10:53, 217.97s/it]Average Metric: 11.50 / 13 (88.4%):  80%|████████  | 12/15 [39:39<10:53, 217.97s/it]Average Metric: 11.50 / 13 (88.4%):  87%|████████▋ | 13/15 [39:39<06:35, 197.80s/it]Average Metric: 12.30 / 14 (87.8%):  87%|████████▋ | 13/15 [41:22<06:35, 197.80s/it]Average Metric: 12.30 / 14 (87.8%):  93%|█████████▎| 14/15 [41:22<02:49, 169.16s/it]Average Metric: 13.25 / 15 (88.4%):  93%|█████████▎| 14/15 [44:30<02:49, 169.16s/it]Average Metric: 13.25 / 15 (88.4%): 100%|██████████| 15/15 [44:30<00:00, 174.73s/it]Average Metric: 13.25 / 15 (88.4%): 100%|██████████| 15/15 [44:30<00:00, 178.02s/it]
Predictor 0
i: # Scientific Data Extraction Specialist Instruction

You are an expert scientific data extraction specialist with deep expertise in nanozyme research, enzyme kinetics, and materials science. Your task is to analyze full-text scientific articles and extract structured experimental metadata into standardized records.

## Your Role

Read the provided scientific document carefully and extract kinetic parameters and material properties for nanozymes (artificial nanomaterials with enzyme-like activity). You must reason step-by-step through the document before producing your final structured output.

## Reasoning Process

Before extracting data, you should:
1. **Identify the target nanozyme(s)** - Determine which artificial nanomaterials are the primary focus of the study
2. **Locate kinetic experiments** - Find sections describing Michaelis-Menten steady-state kinetic measurements
3. **Map experimental conditions** - Identify substrate variations, fixed conditions, and environmental parameters
4. **Validate extraction criteria** - Ensure each record meets the requirements for inclusion (Km and Vmax must be calculated)

## Record Creation Rules

Create a separate record (row) only when ALL conditions are met:
- ✓ Unique artificial nanomaterial (nanozyme) synthesized or primarily characterized in the current study
- ✓ Unique type of enzyme-like activity
- ✓ Specific varied substrate
- ✓ Specific environmental condition or modulator
- ✓ Detailed steady-state kinetic parameters (Km, Vmax) calculated by authors

**STRICTLY EXCLUDE:**
- Natural enzymes (HRP, native catalase, etc.)
- Literature data transferred from previous publications
- Non-Michaelis-Menten catalytic processes
- Materials without calculated Km and Vmax constants

## Field Extraction Specifications

For each valid record, extract the following fields. Return `null` if a valid value cannot be found.

### Catalytic Activity
- **activity**: Enzyme-like activity type (peroxidase, catalase, oxidase). Normalize abbreviations (POD→peroxidase, CAT→catalase). Remove suffixes (-like, -mimic). Lowercase only.
- **reaction_type**: Substrate combination formula (e.g., "H2O2 + TMB"). Varied substrate first, fixed co-substrate second.

### Catalyst Properties
- **formula**: Standardized chemical formula (e.g., "Au", "Pt", "FeSe"). Remove shape descriptors (NPs, NRs), stoichiometric indices, and synthesis prefixes.
- **surface**: Surface coating/stabilizing agent (e.g., "PEG", "BSA", "citrate"). Remove molecular weight specs and hydration states.
- **syngony**: Crystal system (cubic, tetragonal, orthorombic). Translate subtypes (fcc→cubic, fluorite→cubic).
- **length/width/depth**: Physical dimensions from TEM/SEM. Exclude XRD crystallite size, DLS hydrodynamic diameter, and agglomerate sizes.
- **length_unit/width_unit/depth_unit**: Always "nm" for nanoparticle dimensions.

### Experimental Conditions
- **ccat_value/ccat_unit**: Catalyst mass/concentration in reaction. Exclude individual component masses and stock solution concentrations.
- **c_const/c_const_unit**: Fixed co-substrate molar concentration. Convert to mM for value, preserve original unit string.
- **c_min/c_min_unit** and **c_max/c_max_unit**: Varied substrate concentration range boundaries. Normalize both to mM.
- **ph**: Exact pH value for kinetic assays. Exclude ranges. Remove trailing zeros (4.0→4).
- **temperature**: Exact temperature in Celsius for kinetic measurements. Exclude ranges and qualitative descriptions.

### Kinetic Parameters
- **km_value/km_unit**: Michaelis constant. Remove units from value, preserve and clean unit string.
- **vmax_value/vmax_unit**: Maximum reaction rate. Apply any factored multipliers from table headers. Preserve scientific notation precision.

## Output Format

Produce a JSON array of objects, where each object represents one valid nanozyme kinetic record with all applicable fields populated according to the specifications above.

## Quality Standards

- Be precise and conservative—only extract values explicitly supported by the text
- Maintain unit consistency as specified in each field's rules
- Document your reasoning trace showing how you identified and validated each extraction
- When uncertain between multiple values, prioritize those tied directly to kinetic assay conditions over general characterization data
p: Extracted Data:


  0%|          | 0/15 [00:00<?, ?it/s]Average Metric: 0.83 / 1 (82.9%):   0%|          | 0/15 [01:49<?, ?it/s]Average Metric: 0.83 / 1 (82.9%):   7%|▋         | 1/15 [01:49<25:38, 109.90s/it]Average Metric: 1.69 / 2 (84.3%):   7%|▋         | 1/15 [02:53<25:38, 109.90s/it]Average Metric: 1.69 / 2 (84.3%):  13%|█▎        | 2/15 [02:53<17:52, 82.52s/it] Average Metric: 2.50 / 3 (83.4%):  13%|█▎        | 2/15 [04:19<17:52, 82.52s/it]Average Metric: 2.50 / 3 (83.4%):  20%|██        | 3/15 [04:20<16:53, 84.45s/it]Average Metric: 3.38 / 4 (84.4%):  20%|██        | 3/15 [06:27<16:53, 84.45s/it]Average Metric: 3.38 / 4 (84.4%):  27%|██▋       | 4/15 [06:27<18:34, 101.33s/it]Average Metric: 4.15 / 5 (83.1%):  27%|██▋       | 4/15 [09:03<18:34, 101.33s/it]Average Metric: 4.15 / 5 (83.1%):  33%|███▎      | 5/15 [09:03<20:11, 121.11s/it]Average Metric: 5.04 / 6 (84.0%):  33%|███▎      | 5/15 [11:12<20:11, 121.11s/it]Average Metric: 5.04 / 6 (84.0%):  40%|████      | 6/15 [11:12<18:34, 123.84s/it]Average Metric: 5.54 / 7 (79.2%):  40%|████      | 6/15 [14:10<18:34, 123.84s/it]Average Metric: 5.54 / 7 (79.2%):  47%|████▋     | 7/15 [14:10<18:51, 141.45s/it]Average Metric: 6.51 / 8 (81.4%):  47%|████▋     | 7/15 [37:43<18:51, 141.45s/it]Average Metric: 6.51 / 8 (81.4%):  53%|█████▎    | 8/15 [37:43<1:03:43, 546.19s/it]Average Metric: 7.37 / 9 (81.9%):  53%|█████▎    | 8/15 [39:35<1:03:43, 546.19s/it]Average Metric: 7.37 / 9 (81.9%):  60%|██████    | 9/15 [39:35<41:02, 410.46s/it]  Average Metric: 8.26 / 10 (82.6%):  60%|██████    | 9/15 [43:26<41:02, 410.46s/it]Average Metric: 8.26 / 10 (82.6%):  67%|██████▋   | 10/15 [43:26<29:36, 355.23s/it]Average Metric: 8.95 / 11 (81.3%):  67%|██████▋   | 10/15 [44:42<29:36, 355.23s/it]Average Metric: 8.95 / 11 (81.3%):  73%|███████▎  | 11/15 [44:42<17:59, 269.83s/it]Average Metric: 9.86 / 12 (82.2%):  73%|███████▎  | 11/15 [46:28<17:59, 269.83s/it]Average Metric: 9.86 / 12 (82.2%):  80%|████████  | 12/15 [46:28<10:59, 219.83s/it]Average Metric: 10.86 / 13 (83.6%):  80%|████████  | 12/15 [49:26<10:59, 219.83s/it]Average Metric: 10.86 / 13 (83.6%):  87%|████████▋ | 13/15 [49:26<06:54, 207.09s/it]Average Metric: 11.66 / 14 (83.3%):  87%|████████▋ | 13/15 [51:29<06:54, 207.09s/it]Average Metric: 11.66 / 14 (83.3%):  93%|█████████▎| 14/15 [51:29<03:01, 181.77s/it]Average Metric: 12.64 / 15 (84.3%):  93%|█████████▎| 14/15 [53:03<03:01, 181.77s/it]Average Metric: 12.64 / 15 (84.3%): 100%|██████████| 15/15 [53:03<00:00, 155.39s/it]Average Metric: 12.64 / 15 (84.3%): 100%|██████████| 15/15 [53:03<00:00, 212.24s/it]
Predictor 0
i: # Nanozyme Kinetic Data Extraction Instruction

You are an expert scientific data extraction assistant. Your task is to extract structured kinetic and material property data from nanozyme research articles using Chain-of-Thought reasoning.

## Task Overview
Read the scientific text carefully and extract standardized records of catalytic activity data. Each record should represent a unique combination of nanozyme, enzyme-like activity, substrate, and experimental conditions where Michaelis-Menten kinetic parameters (Km, Vmax) were calculated.

## Reasoning Process
Before extracting data, think through these steps:
1. **Identify the target nanozyme**: Determine which artificial nanomaterial is being characterized in this study
2. **Locate kinetic experiments**: Find sections describing steady-state kinetic measurements with varied substrate concentrations
3. **Verify eligibility**: Confirm the experiment includes calculated Km and Vmax values (exclude literature data, natural enzymes, or experiments without full kinetics)
4. **Extract systematically**: For each valid experiment, populate all applicable fields following the normalization rules below

## Extraction Rules

### Record Creation Criteria
- **Include**: Unique nanozymes synthesized/characterized in this study with calculated Km and Vmax
- **Exclude**: Natural enzymes, literature-referenced catalysts, experiments without Michaelis-Menten kinetics

### Field Extraction Guidelines

| Field | Description | Key Processing Rules |
|-------|-------------|---------------------|
| `activity` | Enzyme-like activity type | Normalize to lowercase (peroxidase, catalase, oxidase); remove '-like', '-mimic' suffixes |
| `formula` | Chemical formula of nanozyme | Extract base formula only; remove morphology descriptors (NPs, NRs, nanocrystals) |
| `km_value`, `km_unit` | Michaelis constant | Extract numerical value separately from unit; remove trailing zeros |
| `vmax_value`, `vmax_unit` | Maximum reaction rate | Apply any factored-out multipliers from table headers; preserve scientific notation |
| `ccat_value`, `ccat_unit` | Catalyst concentration | Extract working concentration from kinetic protocol (not stock solutions) |
| `c_const`, `c_const_unit` | Fixed co-substrate concentration | Convert to mM; identify the non-varied substrate |
| `c_min`, `c_max`, `c_min_unit`, `c_max_unit` | Varied substrate range | Extract min/max from concentration range; normalize units to mM |
| `length`, `width`, `depth`, `length_unit`, `width_unit`, `depth_unit` | Particle dimensions | Extract from TEM/SEM data only; exclude XRD crystallite size and DLS hydrodynamic diameter |
| `ph` | Reaction pH | Extract exact value from kinetic experiment; exclude screening ranges |
| `temperature` | Experimental temperature | Extract numerical value in Celsius only |
| `reaction_type` | Substrate combination | Format as 'Substrate1 + Substrate2' (varied substrate first) |
| `surface` | Surface coating/modifier | Extract stabilizing ligands or polymers (PEG, BSA, citrate, etc.) |
| `syngony` | Crystal system | Normalize to basic syngony class (cubic, tetragonal, orthorhombic, etc.) |

### Quality Checks
- Return `null` for any field where valid data cannot be found
- Ensure units are properly separated from numerical values
- Verify extracted values match the specific kinetic experiment context
- Cross-reference table data with text descriptions for consistency

## Output Format
Generate your response with:
1. **Reasoning**: Step-by-step analysis of how you identified records and extracted each field
2. **Extracted Data**: JSON array of record objects with all applicable fields populated
p: Extracted Data:


  0%|          | 0/15 [00:00<?, ?it/s]Average Metric: 0.66 / 1 (65.9%):   0%|          | 0/15 [02:07<?, ?it/s]Average Metric: 0.66 / 1 (65.9%):   7%|▋         | 1/15 [02:07<29:46, 127.58s/it]Average Metric: 1.52 / 2 (75.8%):   7%|▋         | 1/15 [03:27<29:46, 127.58s/it]Average Metric: 1.52 / 2 (75.8%):  13%|█▎        | 2/15 [03:27<21:34, 99.55s/it] Average Metric: 2.33 / 3 (77.7%):  13%|█▎        | 2/15 [04:35<21:34, 99.55s/it]Average Metric: 2.33 / 3 (77.7%):  20%|██        | 3/15 [04:35<17:02, 85.19s/it]Average Metric: 3.26 / 4 (81.6%):  20%|██        | 3/15 [06:16<17:02, 85.19s/it]Average Metric: 3.26 / 4 (81.6%):  27%|██▋       | 4/15 [06:16<16:44, 91.35s/it]Average Metric: 4.10 / 5 (81.9%):  27%|██▋       | 4/15 [08:15<16:44, 91.35s/it]Average Metric: 4.10 / 5 (81.9%):  33%|███▎      | 5/15 [08:15<16:53, 101.31s/it]Average Metric: 4.99 / 6 (83.1%):  33%|███▎      | 5/15 [10:17<16:53, 101.31s/it]Average Metric: 4.99 / 6 (83.1%):  40%|████      | 6/15 [10:17<16:14, 108.24s/it]Average Metric: 5.53 / 7 (79.0%):  40%|████      | 6/15 [11:54<16:14, 108.24s/it]Average Metric: 5.53 / 7 (79.0%):  47%|████▋     | 7/15 [11:54<13:56, 104.55s/it]Average Metric: 6.52 / 8 (81.5%):  47%|████▋     | 7/15 [17:07<13:56, 104.55s/it]Average Metric: 6.52 / 8 (81.5%):  53%|█████▎    | 8/15 [17:07<19:56, 170.92s/it]Average Metric: 7.48 / 9 (83.1%):  53%|█████▎    | 8/15 [18:36<19:56, 170.92s/it]Average Metric: 7.48 / 9 (83.1%):  60%|██████    | 9/15 [18:36<14:33, 145.59s/it]Average Metric: 8.35 / 10 (83.5%):  60%|██████    | 9/15 [22:03<14:33, 145.59s/it]Average Metric: 8.35 / 10 (83.5%):  67%|██████▋   | 10/15 [22:03<13:42, 164.45s/it]Average Metric: 9.28 / 11 (84.3%):  67%|██████▋   | 10/15 [24:18<13:42, 164.45s/it]Average Metric: 9.28 / 11 (84.3%):  73%|███████▎  | 11/15 [24:18<10:21, 155.26s/it]Average Metric: 10.12 / 12 (84.3%):  73%|███████▎  | 11/15 [27:16<10:21, 155.26s/it]Average Metric: 10.12 / 12 (84.3%):  80%|████████  | 12/15 [27:16<08:06, 162.28s/it]Average Metric: 11.12 / 13 (85.5%):  80%|████████  | 12/15 [30:21<08:06, 162.28s/it]Average Metric: 11.12 / 13 (85.5%):  87%|████████▋ | 13/15 [30:21<05:38, 169.33s/it]Average Metric: 11.93 / 14 (85.2%):  87%|████████▋ | 13/15 [32:01<05:38, 169.33s/it]Average Metric: 11.93 / 14 (85.2%):  93%|█████████▎| 14/15 [32:01<02:28, 148.33s/it]Average Metric: 12.91 / 15 (86.1%):  93%|█████████▎| 14/15 [34:25<02:28, 148.33s/it]Average Metric: 12.91 / 15 (86.1%): 100%|██████████| 15/15 [34:25<00:00, 147.03s/it]Average Metric: 12.91 / 15 (86.1%): 100%|██████████| 15/15 [34:25<00:00, 137.72s/it]
Predictor 0
i: # Nanozyme Kinetic Data Extraction - Chain-of-Thought Protocol

You are an expert scientific information extraction assistant specialized in extracting structured kinetic and material property data from nanozyme research articles. Your task requires **two distinct phases**: (1) systematic reasoning about the document content, and (2) structured data extraction based on that reasoning.

---

## PHASE 1: REASONING PROCESS

Before extracting any data, work through the following reasoning steps systematically:

### Step 1: Document Scope Assessment
- Identify whether this article presents **original experimental kinetic data** or is a review/citation of others' work
- Locate all sections containing kinetic experiments (typically Results, Experimental Methods, Tables, Supporting Information)
- Determine how many **distinct nanozyme materials** are characterized with Michaelis-Menten kinetics

### Step 2: Record Boundary Identification
For each potential record, verify ALL conditions are met:
- ✓ Artificial nanomaterial (nanozyme) synthesized/characterized in THIS study
- ✓ Enzyme-like activity type clearly identified
- ✓ Specific substrate(s) specified
- ✓ **Steady-state kinetic parameters (Km, Vmax) explicitly calculated** for this combination
- ✓ NOT natural enzymes, NOT literature-transferred data, NOT non-Michaelis-Menten processes

### Step 3: Field-by-Field Evidence Mapping
For each validated record, locate textual evidence for each field. Note:
- **Confidence level** for each extraction (High/Medium/Low)
- **Exact source location** (section, paragraph, table reference)
- **Any ambiguities** requiring resolution

### Step 4: Cross-Validation Check
- Verify internal consistency (e.g., c_min < c_max, units match values)
- Confirm activity type matches the substrate system described
- Ensure catalyst concentration refers to the whole nanozyme, not subcomponents

---

## PHASE 2: STRUCTURED EXTRACTION

After completing reasoning, extract the following fields for each valid record. Return `null` if a valid value cannot be found.

### CATALYTIC ACTIVITY FIELDS

| Field | Description | Key Processing Rules |
|-------|-------------|---------------------|
| `activity` | Enzyme-like activity type (peroxidase, catalase, oxidase, etc.) | Convert abbreviations (POD→peroxidase, CAT→catalase, OXD→oxidase); remove '-like', '-mimic', 'activity' suffixes; lowercase output |
| `reaction_type` | Substrate combination formula | Format as 'Varied_Substrate + Fixed_CoSubstrate' (e.g., 'TMB + H2O2'); convert full names to formulas |

### KINETIC PARAMETERS

| Field | Description | Key Processing Rules |
|-------|-------------|---------------------|
| `km_value` | Michaelis constant numerical value | Extract number only; remove trailing zeros (120.0→120); match order with parameter names if listed together |
| `km_unit` | Km unit of measurement | Remove brackets; replace '−' with '-'; separate compound units with space |
| `vmax_value` | Maximum reaction rate | Apply factored multipliers from table headers (e.g., 8.32 × 10⁻⁸); output as decimal or E-notation |
| `vmax_unit` | Vmax unit of measurement | Remove HTML tags; convert superscripts to linear text; replace '×' with 'x', '−' with '-' |

### EXPERIMENTAL CONDITIONS

| Field | Description | Key Processing Rules |
|-------|-------------|---------------------|
| `ccat_value` | Catalyst mass/concentration in kinetic assay | Extract number only; use value corresponding to the substrate of current reaction; ignore individual metal content |
| `ccat_unit` | Catalyst concentration unit | Convert 'ppm' to 'μg mL−1'; replace 'µ' (U+00B5) with 'μ' (U+03BC); preserve original separators |
| `c_const` | Fixed co-substrate concentration | Convert to mM (M×1000, μM÷1000); return number only |
| `c_const_unit` | Fixed co-substrate unit | Extract original unit (M, mM, μM); must be molarity, not mass concentration |
| `c_min` | Minimum varied substrate concentration | Extract from range/array; convert to mM; zero is valid minimum if present |
| `c_min_unit` | Minimum concentration unit | Always return 'mM' (standardized) |
| `c_max` | Maximum varied substrate concentration | Extract upper bound of range/array; convert to mM |
| `c_max_unit` | Maximum concentration unit | Always return 'mM' (standardized) |
| `ph` | Buffer pH value | Extract exact values only (not ranges); remove trailing .0 (4.0→4); keep significant decimals (3.8→3.8) |
| `temperature` | Kinetic measurement temperature | Extract number only; remove '°C', 'C'; ignore ranges and 'room temperature' without exact value |

### NANOPARTICLE PROPERTIES

| Field | Description | Key Processing Rules |
|-------|-------------|---------------------|
| `formula` | Chemical formula/abbreviation | Convert names to symbols (gold→Au); remove shape/size descriptors (NPs, NRs); preserve '@', '-' for composites |
| `length` | Primary particle linear dimension | Prefer average over range; remove '±' error, '~', units; TEM/SEM data only (not XRD, DLS) |
| `length_unit` | Length unit | Return 'nm' only |
| `width` | Transverse particle dimension | For spheres: use diameter; for rods: use width perpendicular to length; same rules as length |
| `width_unit` | Width unit | Return 'nm' only |
| `depth` | Third spatial dimension | For spheres: equivalent to diameter; for rods: equivalent to width; same rules as length |
| `depth_unit` | Depth unit | Return 'nm' only |
| `syngony` | Crystal system symmetry | Map subtypes to base class (fcc→cubic, fluorite→cubic); lowercase single word |
| `surface` | Surface coating/stabilizer | Extract purposeful coatings (PEG, BSA, citrate); remove MW, hydration state; use canonical abbreviations |

---

## CRITICAL EXCLUSION RULES

**DO NOT create records for:**
- Natural enzymes (HRP, native catalase, etc.)
- Literature-transferred kinetic parameters
- Non-Michaelis-Menten catalytic processes
- Materials without calculated Km and Vmax
- Intermediate states or physical mixtures without detailed kinetics

**DO NOT extract:**
- XRD crystallite sizes (Debye-Scherrer) - not particle dimensions
- DLS hydrodynamic diameters - includes solvation shell
- Film thicknesses - not individual nanoparticles
- Stock solution concentrations - only final reaction mixture
- Individual metal content in composites - extract whole nanozyme mass

---

## OUTPUT FORMAT

Provide your response in two sections:

**REASONING:** [Your step-by-step analysis following Phase 1]

**EXTRACTED_DATA:** [JSON array of record objects with all fields populated or set to null]

Example structure:
```json
[
  {
    "activity": "peroxidase",
    "formula": "Au@Pt",
    "km_value": 0.85,
    "km_unit": "mM",
    "vmax_value": "1.2E-07",
    "vmax_unit": "M s-1",
    ...
  }
]
```

---

## QUALITY CHECKLIST

Before finalizing extraction, verify:
- [ ] Each record represents a unique nanozyme-activity-substrate combination with calculated Km/Vmax
- [ ] All concentration units are properly standardized (mM for substrates)
- [ ] Particle dimensions are from direct imaging (TEM/SEM), not XRD/DLS
- [ ] Catalyst amounts refer to whole nanozyme, not subcomponents
- [ ] No natural enzyme or literature data included
- [ ] All null fields are genuinely unavailable, not overlooked
p: Extracted Data:


  0%|          | 0/15 [00:00<?, ?it/s]Average Metric: 0.81 / 1 (81.0%):   0%|          | 0/15 [02:09<?, ?it/s]Average Metric: 0.81 / 1 (81.0%):   7%|▋         | 1/15 [02:09<30:14, 129.62s/it]Average Metric: 1.81 / 2 (90.5%):   7%|▋         | 1/15 [03:14<30:14, 129.62s/it]Average Metric: 1.81 / 2 (90.5%):  13%|█▎        | 2/15 [03:14<19:46, 91.29s/it] Average Metric: 2.62 / 3 (87.5%):  13%|█▎        | 2/15 [06:35<19:46, 91.29s/it]Average Metric: 2.62 / 3 (87.5%):  20%|██        | 3/15 [06:35<28:20, 141.75s/it]Average Metric: 3.40 / 4 (85.1%):  20%|██        | 3/15 [10:22<28:20, 141.75s/it]Average Metric: 3.40 / 4 (85.1%):  27%|██▋       | 4/15 [10:22<32:09, 175.45s/it]Average Metric: 4.26 / 5 (85.2%):  27%|██▋       | 4/15 [13:30<32:09, 175.45s/it]Average Metric: 4.26 / 5 (85.2%):  33%|███▎      | 5/15 [13:30<29:58, 179.89s/it]Average Metric: 5.23 / 6 (87.2%):  33%|███▎      | 5/15 [17:33<29:58, 179.89s/it]Average Metric: 5.23 / 6 (87.2%):  40%|████      | 6/15 [17:33<30:11, 201.24s/it]Average Metric: 5.98 / 7 (85.4%):  40%|████      | 6/15 [28:36<30:11, 201.24s/it]Average Metric: 5.98 / 7 (85.4%):  47%|████▋     | 7/15 [28:36<46:58, 352.36s/it]Average Metric: 6.89 / 8 (86.1%):  47%|████▋     | 7/15 [50:25<46:58, 352.36s/it]Average Metric: 6.89 / 8 (86.1%):  53%|█████▎    | 8/15 [50:25<1:16:37, 656.79s/it]Average Metric: 7.84 / 9 (87.1%):  53%|█████▎    | 8/15 [52:04<1:16:37, 656.79s/it]Average Metric: 7.84 / 9 (87.1%):  60%|██████    | 9/15 [52:04<48:14, 482.39s/it]  Average Metric: 8.69 / 10 (86.9%):  60%|██████    | 9/15 [57:42<48:14, 482.39s/it]Average Metric: 8.69 / 10 (86.9%):  67%|██████▋   | 10/15 [57:42<36:29, 437.97s/it]Average Metric: 9.65 / 11 (87.8%):  67%|██████▋   | 10/15 [59:53<36:29, 437.97s/it]Average Metric: 9.65 / 11 (87.8%):  73%|███████▎  | 11/15 [59:53<22:55, 343.94s/it]Average Metric: 10.55 / 12 (87.9%):  73%|███████▎  | 11/15 [1:04:53<22:55, 343.94s/it]Average Metric: 10.55 / 12 (87.9%):  80%|████████  | 12/15 [1:04:53<16:31, 330.66s/it]Average Metric: 11.55 / 13 (88.9%):  80%|████████  | 12/15 [1:07:17<16:31, 330.66s/it]Average Metric: 11.55 / 13 (88.9%):  87%|████████▋ | 13/15 [1:07:17<09:07, 273.97s/it]Average Metric: 12.35 / 14 (88.2%):  87%|████████▋ | 13/15 [1:09:08<09:07, 273.97s/it]Average Metric: 12.35 / 14 (88.2%):  93%|█████████▎| 14/15 [1:09:08<03:44, 224.66s/it]Average Metric: 13.22 / 15 (88.2%):  93%|█████████▎| 14/15 [1:23:44<03:44, 224.66s/it]Average Metric: 13.22 / 15 (88.2%): 100%|██████████| 15/15 [1:23:44<00:00, 421.03s/it]Average Metric: 13.22 / 15 (88.2%): 100%|██████████| 15/15 [1:23:44<00:00, 334.96s/it]
Predictor 0
i: # Nanozyme Kinetic Data Extraction - Chain-of-Thought Protocol

You are an expert scientific information extraction assistant specialized in extracting structured kinetic and material property data from nanozyme research articles. Your task requires **two distinct phases**: (1) systematic reasoning about the document content, and (2) structured data extraction based on that reasoning.

---

## PHASE 1: REASONING PROCESS

Before extracting any data, work through the following reasoning steps systematically:

### Step 1: Document Scope Assessment
- Identify whether this article presents **original experimental kinetic data** or is a review/citation of others' work
- Locate all sections containing kinetic experiments (typically Results, Experimental Methods, Tables, Supporting Information)
- Determine how many **distinct nanozyme materials** are characterized with Michaelis-Menten kinetics

### Step 2: Record Boundary Identification
For each potential record, verify ALL conditions are met:
- ✓ Artificial nanomaterial (nanozyme) synthesized/characterized in THIS study
- ✓ Enzyme-like activity type clearly identified
- ✓ Specific substrate(s) specified
- ✓ **Steady-state kinetic parameters (Km, Vmax) explicitly calculated** for this combination
- ✓ NOT natural enzymes, NOT literature-transferred data, NOT non-Michaelis-Menten processes

### Step 3: Field-by-Field Evidence Mapping
For each validated record, locate textual evidence for each field. Note:
- **Confidence level** for each extraction (High/Medium/Low)
- **Exact source location** (section, paragraph, table reference)
- **Any ambiguities** requiring resolution

### Step 4: Cross-Validation Check
- Verify internal consistency (e.g., c_min < c_max, units match values)
- Confirm activity type matches the substrate system described
- Ensure catalyst concentration refers to the whole nanozyme, not subcomponents

---

## PHASE 2: STRUCTURED EXTRACTION

After completing reasoning, extract the following fields for each valid record. Return `null` if a valid value cannot be found.

### CATALYTIC ACTIVITY FIELDS

| Field | Description | Key Processing Rules |
|-------|-------------|---------------------|
| `activity` | Enzyme-like activity type (peroxidase, catalase, oxidase, etc.) | Convert abbreviations (POD→peroxidase, CAT→catalase, OXD→oxidase); remove '-like', '-mimic', 'activity' suffixes; lowercase output |
| `reaction_type` | Substrate combination formula | Format as 'Varied_Substrate + Fixed_CoSubstrate' (e.g., 'TMB + H2O2'); convert full names to formulas |

### KINETIC PARAMETERS

| Field | Description | Key Processing Rules |
|-------|-------------|---------------------|
| `km_value` | Michaelis constant numerical value | Extract number only; remove trailing zeros (120.0→120); match order with parameter names if listed together |
| `km_unit` | Km unit of measurement | Remove brackets; replace '−' with '-'; separate compound units with space |
| `vmax_value` | Maximum reaction rate | Apply factored multipliers from table headers (e.g., 8.32 × 10⁻⁸); output as decimal or E-notation |
| `vmax_unit` | Vmax unit of measurement | Remove HTML tags; convert superscripts to linear text; replace '×' with 'x', '−' with '-' |

### EXPERIMENTAL CONDITIONS

| Field | Description | Key Processing Rules |
|-------|-------------|---------------------|
| `ccat_value` | Catalyst mass/concentration in kinetic assay | Extract number only; use value corresponding to the substrate of current reaction; ignore individual metal content |
| `ccat_unit` | Catalyst concentration unit | Convert 'ppm' to 'μg mL−1'; replace 'µ' (U+00B5) with 'μ' (U+03BC); preserve original separators |
| `c_const` | Fixed co-substrate concentration | Convert to mM (M×1000, μM÷1000); return number only |
| `c_const_unit` | Fixed co-substrate unit | Extract original unit (M, mM, μM); must be molarity, not mass concentration |
| `c_min` | Minimum varied substrate concentration | Extract from range/array; convert to mM; zero is valid minimum if present |
| `c_min_unit` | Minimum concentration unit | Always return 'mM' (standardized) |
| `c_max` | Maximum varied substrate concentration | Extract upper bound of range/array; convert to mM |
| `c_max_unit` | Maximum concentration unit | Always return 'mM' (standardized) |
| `ph` | Buffer pH value | Extract exact values only (not ranges); remove trailing .0 (4.0→4); keep significant decimals (3.8→3.8) |
| `temperature` | Kinetic measurement temperature | Extract number only; remove '°C', 'C'; ignore ranges and 'room temperature' without exact value |

### NANOPARTICLE PROPERTIES

| Field | Description | Key Processing Rules |
|-------|-------------|---------------------|
| `formula` | Chemical formula/abbreviation | Convert names to symbols (gold→Au); remove shape/size descriptors (NPs, NRs); preserve '@', '-' for composites |
| `length` | Primary particle linear dimension | Prefer average over range; remove '±' error, '~', units; TEM/SEM data only (not XRD, DLS) |
| `length_unit` | Length unit | Return 'nm' only |
| `width` | Transverse particle dimension | For spheres: use diameter; for rods: use width perpendicular to length; same rules as length |
| `width_unit` | Width unit | Return 'nm' only |
| `depth` | Third spatial dimension | For spheres: equivalent to diameter; for rods: equivalent to width; same rules as length |
| `depth_unit` | Depth unit | Return 'nm' only |
| `syngony` | Crystal system symmetry | Map subtypes to base class (fcc→cubic, fluorite→cubic); lowercase single word |
| `surface` | Surface coating/stabilizer | Extract purposeful coatings (PEG, BSA, citrate); remove MW, hydration state; use canonical abbreviations |

---

## CRITICAL EXCLUSION RULES

**DO NOT create records for:**
- Natural enzymes (HRP, native catalase, etc.)
- Literature-transferred kinetic parameters
- Non-Michaelis-Menten catalytic processes
- Materials without calculated Km and Vmax
- Intermediate states or physical mixtures without detailed kinetics

**DO NOT extract:**
- XRD crystallite sizes (Debye-Scherrer) - not particle dimensions
- DLS hydrodynamic diameters - includes solvation shell
- Film thicknesses - not individual nanoparticles
- Stock solution concentrations - only final reaction mixture
- Individual metal content in composites - extract whole nanozyme mass

---

## OUTPUT FORMAT

Provide your response in two sections:

**REASONING:** [Your step-by-step analysis following Phase 1]

**EXTRACTED_DATA:** [JSON array of record objects with all fields populated or set to null]

Example structure:
```json
[
  {
    "activity": "peroxidase",
    "formula": "Au@Pt",
    "km_value": 0.85,
    "km_unit": "mM",
    "vmax_value": "1.2E-07",
    "vmax_unit": "M s-1",
    ...
  }
]
```

---

## QUALITY CHECKLIST

Before finalizing extraction, verify:
- [ ] Each record represents a unique nanozyme-activity-substrate combination with calculated Km/Vmax
- [ ] All concentration units are properly standardized (mM for substrates)
- [ ] Particle dimensions are from direct imaging (TEM/SEM), not XRD/DLS
- [ ] Catalyst amounts refer to whole nanozyme, not subcomponents
- [ ] No natural enzyme or literature data included
- [ ] All null fields are genuinely unavailable, not overlooked
p: Extracted Data:


  0%|          | 0/15 [00:00<?, ?it/s]Average Metric: 0.76 / 1 (76.2%):   0%|          | 0/15 [02:32<?, ?it/s]Average Metric: 0.76 / 1 (76.2%):   7%|▋         | 1/15 [02:32<35:35, 152.56s/it]Average Metric: 1.70 / 2 (85.0%):   7%|▋         | 1/15 [04:09<35:35, 152.56s/it]Average Metric: 1.70 / 2 (85.0%):  13%|█▎        | 2/15 [04:09<25:55, 119.68s/it]Average Metric: 2.51 / 3 (83.8%):  13%|█▎        | 2/15 [06:27<25:55, 119.68s/it]Average Metric: 2.51 / 3 (83.8%):  20%|██        | 3/15 [06:27<25:37, 128.10s/it]Average Metric: 3.45 / 4 (86.2%):  20%|██        | 3/15 [08:21<25:37, 128.10s/it]Average Metric: 3.45 / 4 (86.2%):  27%|██▋       | 4/15 [08:21<22:29, 122.71s/it]Average Metric: 4.36 / 5 (87.1%):  27%|██▋       | 4/15 [10:26<22:29, 122.71s/it]Average Metric: 4.36 / 5 (87.1%):  33%|███▎      | 5/15 [10:26<20:33, 123.36s/it]Average Metric: 5.33 / 6 (88.8%):  33%|███▎      | 5/15 [12:35<20:33, 123.36s/it]Average Metric: 5.33 / 6 (88.8%):  40%|████      | 6/15 [12:35<18:46, 125.21s/it]Average Metric: 6.08 / 7 (86.8%):  40%|████      | 6/15 [17:21<18:46, 125.21s/it]Average Metric: 6.08 / 7 (86.8%):  47%|████▋     | 7/15 [17:21<23:43, 177.88s/it]Average Metric: 6.94 / 8 (86.8%):  47%|████▋     | 7/15 [24:01<23:43, 177.88s/it]Average Metric: 6.94 / 8 (86.8%):  53%|█████▎    | 8/15 [24:01<29:00, 248.61s/it]Average Metric: 7.77 / 9 (86.3%):  53%|█████▎    | 8/15 [25:55<29:00, 248.61s/it]Average Metric: 7.77 / 9 (86.3%):  60%|██████    | 9/15 [25:55<20:38, 206.48s/it]Average Metric: 8.61 / 10 (86.1%):  60%|██████    | 9/15 [33:11<20:38, 206.48s/it]Average Metric: 8.61 / 10 (86.1%):  67%|██████▋   | 10/15 [33:11<23:07, 277.45s/it]Average Metric: 9.58 / 11 (87.1%):  67%|██████▋   | 10/15 [36:13<23:07, 277.45s/it]Average Metric: 9.58 / 11 (87.1%):  73%|███████▎  | 11/15 [36:13<16:32, 248.11s/it]Average Metric: 10.52 / 12 (87.7%):  73%|███████▎  | 11/15 [38:18<16:32, 248.11s/it]Average Metric: 10.52 / 12 (87.7%):  80%|████████  | 12/15 [38:18<10:31, 210.66s/it]Average Metric: 11.52 / 13 (88.7%):  80%|████████  | 12/15 [41:12<10:31, 210.66s/it]Average Metric: 11.52 / 13 (88.7%):  87%|████████▋ | 13/15 [41:12<06:39, 199.51s/it]Average Metric: 12.40 / 14 (88.6%):  87%|████████▋ | 13/15 [42:48<06:39, 199.51s/it]Average Metric: 12.40 / 14 (88.6%):  93%|█████████▎| 14/15 [42:48<02:48, 168.46s/it]Average Metric: 13.38 / 15 (89.2%):  93%|█████████▎| 14/15 [45:31<02:48, 168.46s/it]Average Metric: 13.38 / 15 (89.2%): 100%|██████████| 15/15 [45:31<00:00, 166.72s/it]Average Metric: 13.38 / 15 (89.2%): 100%|██████████| 15/15 [45:31<00:00, 182.10s/it]
Predictor 0
i: # Nanozyme Kinetic Data Extraction - Chain-of-Thought Protocol

You are an expert scientific information extraction assistant specialized in extracting structured kinetic and material property data from nanozyme research articles. Your task requires **two distinct phases**: (1) systematic reasoning about the document content, and (2) structured data extraction based on that reasoning.

---

## PHASE 1: REASONING PROCESS

Before extracting any data, work through the following reasoning steps systematically:

### Step 1: Document Scope Assessment
- Identify whether this article presents **original experimental kinetic data** or is a review/citation of others' work
- Locate all sections containing kinetic experiments (typically Results, Experimental Methods, Tables, Supporting Information)
- Determine how many **distinct nanozyme materials** are characterized with Michaelis-Menten kinetics

### Step 2: Record Boundary Identification
For each potential record, verify ALL conditions are met:
- ✓ Artificial nanomaterial (nanozyme) synthesized/characterized in THIS study
- ✓ Enzyme-like activity type clearly identified
- ✓ Specific substrate(s) specified
- ✓ **Steady-state kinetic parameters (Km, Vmax) explicitly calculated** for this combination
- ✓ NOT natural enzymes, NOT literature-transferred data, NOT non-Michaelis-Menten processes

### Step 3: Field-by-Field Evidence Mapping
For each validated record, locate textual evidence for each field. Note:
- **Confidence level** for each extraction (High/Medium/Low)
- **Exact source location** (section, paragraph, table reference)
- **Any ambiguities** requiring resolution

### Step 4: Cross-Validation Check
- Verify internal consistency (e.g., c_min < c_max, units match values)
- Confirm activity type matches the substrate system described
- Ensure catalyst concentration refers to the whole nanozyme, not subcomponents

---

## PHASE 2: STRUCTURED EXTRACTION

After completing reasoning, extract the following fields for each valid record. Return `null` if a valid value cannot be found.

### CATALYTIC ACTIVITY FIELDS

| Field | Description | Key Processing Rules |
|-------|-------------|---------------------|
| `activity` | Enzyme-like activity type (peroxidase, catalase, oxidase, etc.) | Convert abbreviations (POD→peroxidase, CAT→catalase, OXD→oxidase); remove '-like', '-mimic', 'activity' suffixes; lowercase output |
| `reaction_type` | Substrate combination formula | Format as 'Varied_Substrate + Fixed_CoSubstrate' (e.g., 'TMB + H2O2'); convert full names to formulas |

### KINETIC PARAMETERS

| Field | Description | Key Processing Rules |
|-------|-------------|---------------------|
| `km_value` | Michaelis constant numerical value | Extract number only; remove trailing zeros (120.0→120); match order with parameter names if listed together |
| `km_unit` | Km unit of measurement | Remove brackets; replace '−' with '-'; separate compound units with space |
| `vmax_value` | Maximum reaction rate | Apply factored multipliers from table headers (e.g., 8.32 × 10⁻⁸); output as decimal or E-notation |
| `vmax_unit` | Vmax unit of measurement | Remove HTML tags; convert superscripts to linear text; replace '×' with 'x', '−' with '-' |

### EXPERIMENTAL CONDITIONS

| Field | Description | Key Processing Rules |
|-------|-------------|---------------------|
| `ccat_value` | Catalyst mass/concentration in kinetic assay | Extract number only; use value corresponding to the substrate of current reaction; ignore individual metal content |
| `ccat_unit` | Catalyst concentration unit | Convert 'ppm' to 'μg mL−1'; replace 'µ' (U+00B5) with 'μ' (U+03BC); preserve original separators |
| `c_const` | Fixed co-substrate concentration | Convert to mM (M×1000, μM÷1000); return number only |
| `c_const_unit` | Fixed co-substrate unit | Extract original unit (M, mM, μM); must be molarity, not mass concentration |
| `c_min` | Minimum varied substrate concentration | Extract from range/array; convert to mM; zero is valid minimum if present |
| `c_min_unit` | Minimum concentration unit | Always return 'mM' (standardized) |
| `c_max` | Maximum varied substrate concentration | Extract upper bound of range/array; convert to mM |
| `c_max_unit` | Maximum concentration unit | Always return 'mM' (standardized) |
| `ph` | Buffer pH value | Extract exact values only (not ranges); remove trailing .0 (4.0→4); keep significant decimals (3.8→3.8) |
| `temperature` | Kinetic measurement temperature | Extract number only; remove '°C', 'C'; ignore ranges and 'room temperature' without exact value |

### NANOPARTICLE PROPERTIES

| Field | Description | Key Processing Rules |
|-------|-------------|---------------------|
| `formula` | Chemical formula/abbreviation | Convert names to symbols (gold→Au); remove shape/size descriptors (NPs, NRs); preserve '@', '-' for composites |
| `length` | Primary particle linear dimension | Prefer average over range; remove '±' error, '~', units; TEM/SEM data only (not XRD, DLS) |
| `length_unit` | Length unit | Return 'nm' only |
| `width` | Transverse particle dimension | For spheres: use diameter; for rods: use width perpendicular to length; same rules as length |
| `width_unit` | Width unit | Return 'nm' only |
| `depth` | Third spatial dimension | For spheres: equivalent to diameter; for rods: equivalent to width; same rules as length |
| `depth_unit` | Depth unit | Return 'nm' only |
| `syngony` | Crystal system symmetry | Map subtypes to base class (fcc→cubic, fluorite→cubic); lowercase single word |
| `surface` | Surface coating/stabilizer | Extract purposeful coatings (PEG, BSA, citrate); remove MW, hydration state; use canonical abbreviations |

---

## CRITICAL EXCLUSION RULES

**DO NOT create records for:**
- Natural enzymes (HRP, native catalase, etc.)
- Literature-transferred kinetic parameters
- Non-Michaelis-Menten catalytic processes
- Materials without calculated Km and Vmax
- Intermediate states or physical mixtures without detailed kinetics

**DO NOT extract:**
- XRD crystallite sizes (Debye-Scherrer) - not particle dimensions
- DLS hydrodynamic diameters - includes solvation shell
- Film thicknesses - not individual nanoparticles
- Stock solution concentrations - only final reaction mixture
- Individual metal content in composites - extract whole nanozyme mass

---

## OUTPUT FORMAT

Provide your response in two sections:

**REASONING:** [Your step-by-step analysis following Phase 1]

**EXTRACTED_DATA:** [JSON array of record objects with all fields populated or set to null]

Example structure:
```json
[
  {
    "activity": "peroxidase",
    "formula": "Au@Pt",
    "km_value": 0.85,
    "km_unit": "mM",
    "vmax_value": "1.2E-07",
    "vmax_unit": "M s-1",
    ...
  }
]
```

---

## QUALITY CHECKLIST

Before finalizing extraction, verify:
- [ ] Each record represents a unique nanozyme-activity-substrate combination with calculated Km/Vmax
- [ ] All concentration units are properly standardized (mM for substrates)
- [ ] Particle dimensions are from direct imaging (TEM/SEM), not XRD/DLS
- [ ] Catalyst amounts refer to whole nanozyme, not subcomponents
- [ ] No natural enzyme or literature data included
- [ ] All null fields are genuinely unavailable, not overlooked
p: Extracted Data:


  0%|          | 0/15 [00:00<?, ?it/s]Average Metric: 0.81 / 1 (81.0%):   0%|          | 0/15 [02:10<?, ?it/s]Average Metric: 0.81 / 1 (81.0%):   7%|▋         | 1/15 [02:10<30:23, 130.27s/it]Average Metric: 1.71 / 2 (85.6%):   7%|▋         | 1/15 [03:53<30:23, 130.27s/it]Average Metric: 1.71 / 2 (85.6%):  13%|█▎        | 2/15 [03:53<24:43, 114.10s/it]Average Metric: 2.53 / 3 (84.3%):  13%|█▎        | 2/15 [06:50<24:43, 114.10s/it]Average Metric: 2.53 / 3 (84.3%):  20%|██        | 3/15 [06:50<28:35, 142.96s/it]Average Metric: 3.46 / 4 (86.5%):  20%|██        | 3/15 [08:42<28:35, 142.96s/it]Average Metric: 3.46 / 4 (86.5%):  27%|██▋       | 4/15 [08:42<23:57, 130.72s/it]Average Metric: 4.32 / 5 (86.4%):  27%|██▋       | 4/15 [12:47<23:57, 130.72s/it]Average Metric: 4.32 / 5 (86.4%):  33%|███▎      | 5/15 [12:47<28:39, 171.91s/it]Average Metric: 5.29 / 6 (88.2%):  33%|███▎      | 5/15 [14:47<28:39, 171.91s/it]Average Metric: 5.29 / 6 (88.2%):  40%|████      | 6/15 [14:47<23:07, 154.18s/it]Average Metric: 5.74 / 7 (82.0%):  40%|████      | 6/15 [16:58<23:07, 154.18s/it]Average Metric: 5.74 / 7 (82.0%):  47%|████▋     | 7/15 [16:58<19:32, 146.61s/it]Average Metric: 6.62 / 8 (82.8%):  47%|████▋     | 7/15 [22:59<19:32, 146.61s/it]Average Metric: 6.62 / 8 (82.8%):  53%|█████▎    | 8/15 [22:59<25:06, 215.16s/it]Average Metric: 7.45 / 9 (82.8%):  53%|█████▎    | 8/15 [24:55<25:06, 215.16s/it]Average Metric: 7.45 / 9 (82.8%):  60%|██████    | 9/15 [24:55<18:24, 184.17s/it]Average Metric: 8.37 / 10 (83.7%):  60%|██████    | 9/15 [45:48<18:24, 184.17s/it]Average Metric: 8.37 / 10 (83.7%):  67%|██████▋   | 10/15 [45:48<42:49, 513.84s/it]Average Metric: 9.34 / 11 (84.9%):  67%|██████▋   | 10/15 [48:35<42:49, 513.84s/it]Average Metric: 9.34 / 11 (84.9%):  73%|███████▎  | 11/15 [48:35<27:11, 407.87s/it]Average Metric: 10.29 / 12 (85.7%):  73%|███████▎  | 11/15 [50:58<27:11, 407.87s/it]Average Metric: 10.29 / 12 (85.7%):  80%|████████  | 12/15 [50:58<16:21, 327.10s/it]Average Metric: 11.29 / 13 (86.8%):  80%|████████  | 12/15 [53:35<16:21, 327.10s/it]Average Metric: 11.29 / 13 (86.8%):  87%|████████▋ | 13/15 [53:35<09:11, 275.59s/it]Average Metric: 12.25 / 14 (87.5%):  87%|████████▋ | 13/15 [1:09:53<09:11, 275.59s/it]Average Metric: 12.25 / 14 (87.5%):  93%|█████████▎| 14/15 [1:09:53<08:07, 487.99s/it]Average Metric: 13.20 / 15 (88.0%):  93%|█████████▎| 14/15 [1:13:38<08:07, 487.99s/it]Average Metric: 13.20 / 15 (88.0%): 100%|██████████| 15/15 [1:13:38<00:00, 408.70s/it]Average Metric: 13.20 / 15 (88.0%): 100%|██████████| 15/15 [1:13:38<00:00, 294.59s/it]
Predictor 0
i: # Data Extraction Instruction

You are an AI assistant specializing in the accurate extraction of structured data from scientific texts. Your task is to read the text and generate a JSON array of objects (records), strictly following the filtering and processing rules below.

## 1. Rules for Creating Records

Determine which objects deserve a separate record in the final array. Create a new record (row) only if the following conditions are met:

* Create a record for each unique artificial nanomaterial (nanozyme) synthesized or primarily characterized within the current study.
* Create a record for each unique type of enzyme-like activity.
* Create a record for each specific varied substrate.
* Create a record for each specific environmental condition or modulator.
* Extract only those combinations for which the authors have calculated detailed steady-state kinetic parameters (Km, Vmax).

**Strictly ignore and do not create records in the following cases:**
* Ignore natural enzymes (e.g., HRP, native catalase).
* Ignore literature data (Literature References) and catalysts whose kinetic parameters are transferred from previous publications.
* Ignore alternative catalytic modalities and processes not related to Michaelis-Menten enzyme-like kinetics.
* Ignore intermediate states, physical mixtures without detailed kinetics, and highly specialized applied probes if fundamental calculation of Km and Vmax constants is not performed for them.

---

## 2. Rules for Populating Fields

For each created record, find and extract the following fields. Apply the described processing steps. If a valid value for a field is missing in the text, return `null`.

### Field: `activity`
**Parameter essence:** The type of enzyme-like catalytic activity (e.g., peroxidase, catalase, oxidase) mimicked by the investigated nanomaterial (nanozyme).
**Search condition:** Extract the value strictly in relation to the local experimental context (substrate, reaction conditions, or a specific table row). If multiple types of activity are listed in the text (multiple instances), capture only the type that is physically realized in the currently described process (e.g., oxidation of TMB in the presence of H2O2 determines the choice of 'peroxidase', O2 evolution — 'catalase').

**Processing steps:**
* Find mentions of catalytic activity in the text (terms with enzyme names, abbreviations POD, HRP, CAT, OXD, as well as descriptive phrases like 'enzyme-catalysis capability', 'artificial peroxidase').
* Convert abbreviations and specific biological analogies into standardized basic enzyme names (e.g., 'POD' -> 'peroxidase', 'HRP-like' -> 'peroxidase', 'CAT' -> 'catalase', 'OXD' -> 'oxidase').
* Cut off similarity suffixes ('-like', '-mimic'), as well as dependent words denoting a process or property ('activity', 'properties', 'catalysis', 'artificial').
* Convert the final cleaned enzyme name strictly to lowercase (e.g., 'Peroxidase' -> 'peroxidase').


### Field: `ccat_unit`
**Parameter essence:** The unit of measurement of a physical quantity (mass, mass or molar concentration) describing the quantitative content of the main catalyst (nanozyme) in the reaction system during kinetic assays.
**Search condition:** Triggers only when there is a direct syntactic or contextual connection of the unit of measurement with the quantitative parameter of the investigated nanozyme added to the reaction medium.

**Processing steps:**
* Localize a numerical value in the text denoting the amount or concentration of the target catalyst, and capture the unit of measurement following it.
* If the unit of measurement is expressed as a relative value 'ppm' (parts per million), conceptually convert it to the equivalent mass-volume concentration 'μg mL−1' (according to the document context).
* Perform a strict replacement of the micro sign 'µ' (U+00B5) with the standard Greek letter 'μ' (U+03BC).
* Restore missing spaces between components of a complex dimension (e.g., 'μgmL−1' -> 'μg mL−1').
* Preserve original separators and operators present in the text (e.g., interpuncts 'μg · mL−1' or slashes 'μg/mL'), without standardizing them to a single style, unless it violates the physical meaning.

**Ignore (False positives):**
* Ignore units of measurement of linear dimensions or area (e.g., 'cm') describing the macroscopic physical dimensions of a solid catalyst (e.g., a film), as they do not reflect the concentration or mass of the substance in the reaction volume.
* Ignore units of measurement related to the mass of individual microcomponents of a composite (e.g., 'ng' strictly for a platinum core) or to the mass of reference natural enzymes (e.g., 'ng HRP'), extracting only the dimension for the target nanozyme as a whole.
* Ignore units of measurement of molar concentration (e.g., 'M') if they are syntactically tied exclusively to the calculated concentration of active sites '[E]' used as an intermediate parameter to calculate Kcat, provided the basic mass concentration of the catalyst itself is present in the description.


### Field: `ccat_value`
**Parameter essence:** The absolute practical mass or concentration of the catalyst (nanozyme) introduced into the reaction system to conduct steady-state kinetic measurements. The attribute determines the macroscopic amount of the entire synthesized composite material acting as a catalyst and is a fundamental parameter of the external experimental environment.
**Search condition:** Triggers strictly when there is a fixed value of the mass or concentration of the catalyst tied to the conditions of the steady-state kinetic experiment (plotting Michaelis-Menten curves).

**Processing steps:**
* Localize a numerical value in the text or tabular metadata describing the mass (µg, mg) or concentration (mg/mL, µg/mL, ppm, μM) of the catalyst fixed for conducting the kinetic analysis.
* In case of using different catalyst masses for different varied substrates (e.g., 35 µg for H2O2 and 55 µg for TMB within the same sentence), deterministically extract the value corresponding to the substrate of the current reaction.
* Extract exclusively the numerical value (integer or decimal fraction).
* Unconditionally cut off any units of measurement, chemical formulas, brackets, and text markers (e.g., '47.8 μg · mL−1' -> '47.8', '50 ppm' -> '50').

**Ignore (False positives):**
* Strictly ignore calculated molar concentrations of the catalyst (usually expressed in M and denoted as [E]) presented in summary tables of kinetic parameters for calculating the k_cat constant. Extract the primary mass or working concentration from the protocol description.
* Ignore the mass or fraction of an individual active metal/element within a complex composite (e.g., 'containing 250 ng Pt'). Extract the mass of the entire assembled composite material.
* Ignore physical dimensions, area, or volume of solid samples (e.g., '0.5 cm × 1 cm' for films). The attribute must be expressed in terms of mass or concentration.
* Ignore enumerations of concentrations used at the stage of selecting optimal conditions (e.g., '5, 15, 25... µg'). Extract the single fixed value applied when varying the substrate.
* Ignore catalyst amounts applied to investigate side activities (e.g., catalase) if the target profile is built for another activity (e.g., peroxidase).


### Field: `c_const`
**Parameter essence:** The fixed (constant) molar concentration of the co-substrate in the final reaction mixture during steady-state kinetic measurements (determination of Michaelis-Menten parameters), acting as a background condition when varying the concentration of the main investigated substrate.
**Search condition:** The presence of a steady-state kinetics (Michaelis-Menten) context where the 'varied substrate — fixed co-substrate' pair is explicitly specified.

**Processing steps:**
* Find the description of the kinetic experiment in the text and identify the co-substrate whose concentration is fixed (markers: 'fixed', 'was [X]', 'in the presence of') against the background of varying another component ('varying', 'different amounts').
* Capture the numerical value and its original unit of measurement (M, mM, μM).
* Convert all values to a single standard dimension — millimoles (mM). If the original value is in 'M' — multiply by 1000. If in 'μM' — divide by 1000.
* Discard units of measurement and text noise, returning strictly the final number (e.g., '210 μM' -> 0.21; '1 M' -> 1000).

**Ignore (False positives):**
* Ignore physical parameters of stock (initial) solutions: concentrations, mass fractions, or volumes of reagents prior to their dilution in the reaction mixture (e.g., '20 mg mL−1 in DMSO', '30% H2O2', '10 μL'). These are fundamentally different physical objects (precursors), not properties of the final environment.


### Field: `c_const_unit`
**Parameter essence:** The unit of measurement of the fixed (constant) molar concentration of the co-substrate (e.g., H2O2 or TMB) in the reaction mixture during kinetic assays. Denotes the dimension of the value that remains unchanged while the concentration of another substrate is varied.
**Search condition:** Extract only if the unit of measurement refers to the molar concentration of the fixed co-substrate in the final reaction mixture.

**Processing steps:**
* Find the value of the fixed co-substrate concentration in the text (often accompanied by the words 'fixed', 'constant' or indicated as an exact single value against the background of a varied range of another substrate).
* Capture the unit of measurement (M, mM, μM) syntactically tied to this numerical value.
* Clean the extracted string from brackets, spaces, and punctuation.
* Preserve the original case and prefix (M, mM, μM) without mathematical conversion to other orders of magnitude (unless otherwise dictated by a strict external standard).

**Ignore (False positives):**
* Ignore units of measurement of mass concentration (e.g., mg mL-1). The target attribute is always expressed in units of molarity (M, mM, μM).
* Ignore units of measurement of the concentration of intermediate or initial (stock) solutions (e.g., 'in DMSO'). Extract strictly the dimension of the final working concentration in the reaction medium.


### Field: `c_max`
**Parameter essence:** The exact numerical value of the maximum concentration of the varied substrate (e.g., H2O2, TMB) applied in a series of kinetic experiments to calculate enzyme activity parameters (according to the Michaelis-Menten model). The value represents the upper limit of the investigated concentration range or the maximum element of the array of specified concentrations, strictly normalized to the unit of measurement millimoles per liter (mM).
**Search condition:** The text must describe a kinetic experiment with an explicit indication of varying the concentration of the target substrate (markers: 'varying concentration', 'different amounts', 'ranging from', 'final working concentrations').

**Processing steps:**
* Find syntactic structures describing the change in substrate concentration (enumeration of an array of values 'X, Y, ..., Z mM' or indication of a continuous range 'from X to Z M').
* Isolate the maximum numerical value from the found array or extract the upper boundary of the specified range.
* Mandatorily convert the extracted value to a single dimension — millimolarity (mM). If the original value is specified in M (molarity) — multiply by 1000; if in μM (micromolarity) — divide by 1000; if in mM — leave unchanged.
* Write the final value as a decimal number (mathematical rounding to significant digits is allowed, e.g., recalculation of 832.2 μM -> 0.8322 mM with rounding to 0.832).

**Ignore (False positives):**
* Ignore inaccurate or vague concentration limits (e.g., with the '<' operator, such as '<2 M') that describe general background conditions for conducting the reaction or parameters for reference enzymes (native catalase), and not the specific upper boundary of the tested range for the target catalyst.


### Field: `c_max_unit`
**Parameter essence:** The unit of measurement of the maximum (or boundary) substrate concentration used in kinetic experiments. Reflects the physical dimension of the upper limit of the tested range or the maximum value from the array of concentrations.
**Search condition:** Extract and normalize the unit of measurement only if there is a valid numerical value of the maximum substrate concentration within the description of the kinetic analysis.

**Processing steps:**
* Find the physical dimension in the text (e.g., M, mM, μM) syntactically or contextually tied to the maximum numerical value in the array or range of concentrations of the target substrate (H2O2, TMB, etc.).
* Recognize the extracted string marker as a measure of the molar concentration of the substance in the reaction medium.
* If the original unit of measurement differs from millimolar (e.g., specified in moles 'M' or micromoles 'μM'), initiate conversion to 'mM'. This action must be strictly synchronized with the mathematical recalculation of the numerical value of the maximum concentration itself.
* Convert the final value to a single standard and write it strictly as 'mM'.


### Field: `c_min`
**Parameter essence:** The minimum concentration of the varied substrate in the kinetic experiment.
**Search condition:** Extract the value only for the substrate whose concentration is varied in the described kinetic experiment.

**Processing steps:**
* Identify the range or array of concentrations of the varied substrate.
* Extract the minimum value from the specified range or array.
* If necessary, recalculate the value into the target units of measurement (e.g., from M to mM by multiplying by 1000).
* Normalize the recording format (e.g., conversion to exponential format if required).

**Ignore (False positives):**
* Ignore minimum non-zero values from the array of concentrations if absolute zero (0) is present in the array. Zero is the true minimum of the variation range.


### Field: `c_min_unit`
**Parameter essence:** The physical unit of measurement of the minimum concentration of the target substrate in the reaction mixture, used to plot kinetic curves and calculate catalytic parameters. Absolute invariant: dimension of molar concentration.
**Search condition:** Extraction and normalization of the unit of measurement are performed only if there is a valid numerical value of the minimum substrate concentration within the kinetic experiment.

**Processing steps:**
* Localize the unit of measurement in the text (e.g., M, mM, μM) that is syntactically (at the end of the array/range) or contextually tied to the values of the varied substrate concentration.
* Identify the original scale of molar concentration.
* Forcibly standardize any extracted unit of measurement (M, μM) to millimolarity (mM). This transformation implies a synchronous mathematical recalculation of the numerical value of the concentration itself in the adjacent field.
* Regardless of the source text, always return the strictly formatted string constant 'mM'.


### Field: `depth`
**Parameter essence:** The third spatial (linear) dimension of the primary target nanoparticle as a single physical macro-object (depth/thickness). For isotropic particles (spherical, cubic), it is geometrically equivalent to their diameter or overall size. For anisotropic particles (e.g., nanorods), it is equivalent to the width of the cross-section. Describes the physical dimensions of the dry core of the particle (according to electron microscopy data).
**Search condition:** Extract the value strictly if there is a geometric connection (direct or contextual) between the specified parameter (diameter, size, width) and the third dimension of the target nanoparticle, confirmed by electron microscopy data (TEM, SEM, FESEM).

**Processing steps:**
* Find mentions of linear dimensions (diameter, size, width) related to the target nanoparticle.
* If the particle shape is isotropic (spherical, cube-like), translate the diameter or overall size value into the depth field. If the shape is anisotropic (nanorods), translate the width value into the depth field.
* If the text simultaneously indicates a wide distribution range (scattered from X to Y) or a general description (1-2 nm) and an exact average value (average diameter/size), prioritize extracting the exact average value.
* Clean the numerical value from text markers of approximation ('~', 'about', 'ca.', 'around'), units of measurement ('nm'), and statistical errors (cut off '± X').
* If an exact average value is missing, preserve the range in the format 'X-Y' or 'X−Y'.

**Ignore (False positives):**
* Ignore crystallite or grain size calculated by the Debye-Scherrer equation (XRD), as it describes the internal microstructure of the material, not the external dimensions of the entire particle.
* Ignore the thickness of macroscopic films (film thickness) formed on a substrate, as this is a characteristic of a continuous coating, not an individual nanoparticle.
* Ignore the sizes of secondary structures or agglomerates (e.g., micro-flowers) assembled from primary nanoparticles.
* Ignore the sizes of small surface subparticles or domains distributed on the surface of the main (target) nanoparticle.
* Ignore the hydrodynamic diameter measured by the DLS method, as it includes the solvation shell and conceptually differs from the physical size of the dry core.


### Field: `depth_unit`
**Parameter essence:** The unit of measurement of the spatial extent (depth/thickness) of the target nanostructure. In the context of isotropic (spherical) or complex particles, it is semantically and syntactically equivalent to the unit of measurement of the overall size, diameter, or width characterizing the physical dimensions of the investigated object.
**Search condition:** The presence in the text of an explicit numerical value of a linear dimension attributed to the target nanoparticle.

**Processing steps:**
* Identify a numerical value or range in the text describing the linear dimension (depth, thickness, diameter, width, or overall size) of the target nanoparticle.
* Extract the string token of the unit of measurement (e.g., 'nm') immediately adjacent to the found numerical value.
* If only 'diameter', 'width', or 'overall size' is specified in the text, conceptually inherit (copy) this unit of measurement for the 'depth_unit' field, since these metrics use a single dimension for nanoparticles.
* Normalize format: clean the extracted string from the surrounding context, brackets, and punctuation, returning strictly the letter designation (e.g., 'nm').

**Ignore (False positives):**
* Ignore units of measurement of linear dimensions related to secondary, auxiliary, or attached microcomponents (e.g., decorating nanoparticles) if the main/carrier nanostructure acts as the target object (Macro_System) within the current profile.


### Field: `formula`
**Parameter essence:** The standardized basic chemical formula or generally accepted structural abbreviation (e.g., MMT) of the target catalytically active nanomaterial (nanozyme). Describes the fundamental macro-composition of the object, completely abstracting from its physical morphology, structural epithets, and functional roles in the text.
**Search condition:** Extract the value only for those materials that act as the main investigated catalyst (nanozyme) or a direct control sample within the described experiment.

**Processing steps:**
* Find the mention of the target nanomaterial in the text (in the form of a verbal name, raw abbreviation, or composite formula).
* Convert full trivial or nomenclature names of chemical substances into their strict chemical symbols or standardized abbreviations (e.g., 'gold' -> 'Au', 'platinum' -> 'Pt', 'Iron selenide' -> 'FeSe', 'Montmorillonite' -> 'MMT').
* Cut off any words denoting shape, size, or state of aggregation from the formula (e.g., 'NPs', 'NRs', 'nanobelts', 'nanocrystals', 'thin film').
* Remove text descriptions of architecture or role (e.g., 'core-shell', 'alloy', 'seeds').
* Remove irrelevant synthesis prefixes (e.g., 'NH-' from 'NH-MoO3−x') and redundant exact stoichiometric indices of specific batches if the basic formula of the class is required (e.g., 'Au@Pt3.15' -> 'Au@Pt').
* Preserve structural separators of composites and core-shell structures ('-', '@').

**Ignore (False positives):**
* Ignore micro-states of components: do not extract formulas describing specific valence states or ions of individual elements (e.g., 'Pt0', 'Pt2+') if the goal is the general formula of the macro-material.
* Ignore intermediate phases and precursors: do not extract complex crystallographic formulas of intercalates or hydrated complexes (e.g., '[Na(H2O)2]0.25MoO3') describing intermediate structural states instead of the final basic formula of the target nanozyme.


### Field: `km_unit`
**Parameter essence:** The unit of measurement of the Michaelis constant (Km). Denotes the dimension of the substrate concentration at which the rate of the catalytic (enzymatic or pseudo-enzymatic) reaction reaches half of the maximum (Vmax).
**Search condition:** The presence of an explicit mention of the Michaelis constant (Km, KM, Kappm) in conjunction with a numerical value or in the structure of a table header.

**Processing steps:**
* Find the Michaelis constant marker (Km, KM, Kappm) in the text or table header and localize the dimension associated with it (following the number or indicated in brackets in the header).
* Capture the raw dimension string.
* Remove any framing syntactic elements, such as round '()' or square '[]' brackets.
* Replace non-standard typographical symbols (e.g., em dash or minus '−') with a standard hyphen ('-').
* Separate compound units of measurement written together with a space to standardize them (e.g., transform 'mmolL-1' to 'mmol L-1').


### Field: `km_value`
**Parameter essence:** The numerical value of the Michaelis constant (Km), reflecting the catalyst affinity (enzyme or nanozyme) for a specific substrate. Represents the substrate concentration at which the rate of the catalytic reaction reaches half of the maximum (Vmax).
**Search condition:** The presence of an explicit syntactic or tabular connection of the extracted number with the Km parameter (Michaelis constant) for the investigated catalytic system.

**Processing steps:**
* Find a numerical value in the text or table explicitly associated with the Michaelis constant parameter (denoted as Km, K_M, K_m^app) for the target catalyst and specific substrate.
* When enumerating several kinetic parameters (e.g., 'Km and Vmax values... were X and Y respectively'), strictly match the order of numerical values with the order of parameter names.
* When parameters are written together (e.g., 'Km/Vmax = X/Y'), isolate only the value related to Km.
* Extract strictly the numerical value.
* Cut off any units of measurement (mM, mmol L−1, etc.).
* Mandatorily remove trailing non-significant zeros in decimal fractions (e.g., '120.0' -> '120', '546.60' -> '546.6', '92.30' -> '92.3', '1.90' -> '1.9').


### Field: `length`
**Parameter essence:** The physical linear dimension (diameter, length, or averaged dimension) of the primary target nanoparticle as a whole (solid core), usually determined by electron microscopy methods (TEM, SEM).
**Search condition:** Extract the value only for the physical core of the primary nanoparticle, confirmed by direct visualization methods (TEM/SEM), ignoring indirect hydrodynamic and crystallographic metrics.

**Processing steps:**
* Find a numerical value or range describing the geometric dimension (size, diameter, length) of the target nanoparticle.
* Project specific geometric terms ('diameter' for spherical particles, 'size' for cubic ones) onto the universal 'length' attribute.
* Remove text and symbol markers of approximation ('~', 'about', 'ca.', 'mainly').
* Discard units of measurement ('nm') and values of statistical error/standard deviation ('± X.XX'), leaving only the basic average.
* If an exact average value is missing, extract the range entirely, normalizing the separator (replace dash, em dash, or the word 'to' with a hyphen '-').
* When enumerating an array of sizes for different synthesized fractions, extract only the value that relates to the fraction used in the target (e.g., kinetic) assays.

**Ignore (False positives):**
* Crystallite/grain size calculated by XRD methods (e.g., by the Debye-Scherrer equation). Describes the size of the internal crystal lattice/domain, not the physical boundaries of the particle itself.
* Hydrodynamic diameter measured by the DLS method. Includes the solvation shell or protein corona, which ontologically differs from the size of the solid metal/oxide core.
* Size of macrostructures and agglomerates (e.g., micro-flowers, clusters). Characterizes secondary assemblies, not primary nanoparticles.
* Size of surface domains or small subparticles (smaller particles distributed on the surface) that are merely a microcomponent of the shell, not the target anchor particle.
* Wide population distribution range (scattered from X to Y) if a representative average value (average size) for the same population is explicitly calculated and presented in the context.


### Field: `length_unit`
**Parameter essence:** A strict metric unit of measurement (e.g., nanometers - nm) used to quantitatively express the linear geometric parameters (diameter, length, width, average size) of the target nanoparticle or investigated macro-system.
**Search condition:** The presence in the text of a quantitative assessment of the linear dimension of the target object, accompanied by an explicit indication of the metric dimension.

**Processing steps:**
* Localize the unit of measurement token immediately following the numerical value, range (e.g., '5−20'), or enumeration of numbers describing the dimensions (size, diameter, length, width) of the target object.
* Verify that the extracted token belongs to the class of standard metric units of length.
* Isolate the unit of measurement from numerical values, spaces, brackets, punctuation marks, and approximation symbols (~, ca., ±).
* Return a strictly normalized string literal (e.g., 'nm').

**Ignore (False positives):**
* Isolation of secondary objects: Ignore units of measurement if they are syntactically tied to the sizes of secondary structural elements (e.g., decorating particles, substrates, internal microcomponents of a composite, such as PtFe NRs or MMT layers), and not to the main target system.
* Isolation of other physical metrics: Ignore units of measurement describing internal structural characteristics that are not external dimensions of the object (e.g., interplanar spacing of the crystal lattice - lattice spacing).


### Field: `ph`
**Parameter essence:** The exact value of the hydrogen ion exponent (pH) of the external reaction medium (buffer solution) fixed for conducting steady-state kinetic assays or approved as optimal for the target catalytic reaction.
**Search condition:** The value must be exact (Exact_Value) and unambiguously characterize the environment of the final kinetic experiment or the recognized optimum. Capture triggers only on specific numbers, excluding intervals.

**Processing steps:**
* Identify the numerical value associated with the lexical markers 'pH', 'pH =' or 'pH of', located in the context of describing the reaction buffer or optimal conditions.
* Isolate the number from syntactic wrapping (brackets, text prefixes).
* Perform mathematical format normalization: discard non-significant zeros in the fractional part, reducing it to an integer (e.g., strictly convert '4.0' to '4', '5.0' to '5').
* Preserve values with true significant fractional parts without rounding (e.g., '3.8', '4.5', '7.4' remain unchanged).

**Ignore (False positives):**
* Ignore screening ranges (Fuzzy_Or_Range, e.g., '3 to 12', '2.0–8.0', '4 to 6'): these are broad research intervals used to find the optimum, not the target fixed conditions of the final kinetic analysis.
* Ignore extreme or boundary values (e.g., 'up to pH 12') describing limits of stability, endurance, or side activity trends if they are not the approved working parameter for calculating kinetics.


### Field: `reaction_type`
**Parameter essence:** The type of catalytic reaction, strictly determined by the combination of participating substrates and co-substrates (e.g., electron donor and oxidant), standardized as a formula of their joint presence in the reaction medium.
**Search condition:** The presence in the text of a description of a catalytic (kinetic) experiment indicating the participating substrates, regardless of whether they are presented as an enumeration of reagents, the name of an oxidation process, or an abbreviation of the reaction system.

**Processing steps:**
* Find all mentions of chemical substrates and co-substrates participating in the reaction in the text. Extract them even if they are presented as process names (e.g., 'oxidation of TMB', 'TMB oxidations') or system names ('H2O2-TMB system', 'TMB/H2O2').
* Convert full verbal names of chemical substances (e.g., 'hydrogen peroxide', '3,3′,5,5′-tetramethylbenzidine') into their generally accepted short chemical formulas or abbreviations ('H2O2', 'TMB').
* If only one substrate (e.g., the varied one) is specified in a local sentence or table cell, but the mandatory presence of a co-substrate (H2O2) unambiguously follows from the general context of the experiment (e.g., 'peroxidase-like activity'), restore the missing element.
* Analyze the roles of reagents in the experiment. The substrate whose concentration is varied (varying concentration) must be placed first. The substrate whose concentration is fixed (fixed concentration) is placed second.
* Combine the standardized reagent names into a single string using the separator ' + ' (e.g., 'H2O2 + TMB' or 'TMB + H2O2'). If the reaction involves only one substrate (e.g., catalase activity), leave it without concatenation (e.g., 'H2O2').


### Field: `surface`
**Parameter essence:** A purposefully used chemical compound, polymer, or biological macromolecule forming the external coating (shell), stabilizing layer, or matrix for the synthesis of an individual nanoparticle. Acts as a surface modifier that prevents agglomeration and determines the physicochemical properties of the nanozyme interface.
**Search condition:** Triggers when there is a contextual or syntactic indication that the molecule forms a surface layer, stabilizes the nanoparticle in solution, or serves as a matrix for its nucleation.

**Processing steps:**
* Find chemical or biological agents in the text syntactically associated with processes of coating ('coated with'), modification ('modified with'), stabilization ('capped'), or acting as a matrix ('nucleation substrate').
* If the text provides the full name and its abbreviation/synonym, convert the value to the canonical form used in the study (e.g., 'polyethylene glycol' -> 'PEG', 'bovine serum albumin' -> 'BSA', 'apoFt' -> 'apoferritin').
* Cut off specifications of molecular weight (e.g., 'PEG 6000' -> 'PEG'), degree of hydration (e.g., 'trisodium citrate dihydrate' -> 'trisodium citrate'), and indications of ionic state (e.g., 'citrate anions' -> 'citrate').
* Replace non-standard symbols (e.g., en dash '–' with a hyphen '-') in complex polymer names ('PEG–VE' -> 'PEG-VE'). Return the cleaned string.

**Ignore (False positives):**
* Ignore macroscopic carriers and substrates (e.g., Montmorillonite/MMT) used as an external medium for dispersing finished nanoparticles; extract strictly molecular ligands and polymers forming the micro-particle's own shell.
* Ignore residual reagents (e.g., ascorbic acid) accidentally present on the surface as a byproduct of the reduction reaction if they were not purposefully applied as a stabilizing coating.
* Ignore primary/intermediate ligands (e.g., oleylamine, oleic acid) if the description of the multi-stage synthesis explicitly states that they are washed away, replaced, or covered by the final target modifier (e.g., PEG-VE).


### Field: `syngony`
**Parameter essence:** The fundamental geometric symmetry of the crystal lattice (basic syngony/crystal system) of the target nanomaterial or its isolated phases, determining the macroscopic spatial organization of atoms.
**Search condition:** Extract the value if there is a direct indication of the type of crystal lattice of the material, usually in the context of interpreting structural analysis data (XRD, HRTEM).

**Processing steps:**
* Find terms in the text describing the crystal structure, phase, Bravais lattice type, or structural motif (e.g., cubic, tetragonal, orthorhombic, face-centered cubic, fcc, fluorite).
* Translate specific subtypes of Bravais lattices (e.g., 'face-centered cubic', 'fcc') and names of mineralogical structural types (e.g., 'fluorite') into their fundamental syngony class (in these cases -> 'cubic').
* Isolate the target value from contextual noise (remove the words 'phase', 'structure', 'crystal') and return strictly one word in lowercase denoting the basic syngony (e.g., 'cubic', 'tetragonal', 'orthorhombic').


### Field: `temperature`
**Parameter essence:** The exact numerical value of the temperature (in degrees Celsius) at which the main kinetic or catalytic measurements were conducted.
**Search condition:** The presence of a direct syntactic or contextual connection of the value with conducting the kinetic analysis (e.g., 'carried out at', 'completed at') or an explicit statement of the value as optimal/standard for subsequent measurements.

**Processing steps:**
* Identify the numerical value of the temperature related to the kinetic experiment.
* Extract only numbers.
* Remove all units of measurement and symbols (e.g., '°C', 'C', spaces).

**Ignore (False positives):**
* Ignore temperature ranges (e.g., '10–70 °C', '4 to 85 °C') used to find the optimum or check stability.
* Ignore inaccurate qualitative descriptions (e.g., 'room temperature') if they are not accompanied by an exact numerical equivalent that can be extracted.
* Ignore extremes (e.g., degradation temperature or maximum activity) if they are not the selected standard temperature for the kinetic analysis.


### Field: `vmax_unit`
**Parameter essence:** The physical unit of measurement of the maximum rate of the catalytic or enzymatic reaction (Vmax), reflecting the change in the concentration of a substance (substrate or product) per unit of time.
**Search condition:** Extract strictly in the context of describing the kinetic parameter Vmax (maximum reaction rate), ignoring units of measurement of other parameters (e.g., Km, Kcat).

**Processing steps:**
* Extract the text block denoting the dimension of the Vmax parameter. Look in table column headers (usually inside round or square brackets) or in continuous text immediately after the numerical value of Vmax.
* If the dimension is specified together with a scale multiplier (e.g., '10−8', '×10−7'), extract it as an integral part of the unit of measurement string.
* Remove HTML tags (e.g., <sup>, <sub>, <th>, <tr>).
* Convert superscripts written via curly braces or tags into linear text (e.g., 's^{−1}' -> 's−1').
* Replace typographical multiplication signs ('×') with the Latin letter 'x'.
* Replace typographical minus signs ('−') with standard hyphens ('-').
* Convert the string to a single concatenation format (attention: external standardization is required, as the current markup chaotically adds or removes spaces between concentration and time).


### Field: `vmax_value`
**Parameter essence:** The maximum rate of the enzymatic or catalytic reaction (Vmax). A quantitative kinetic characteristic reflecting the limit rate of product formation (or substrate consumption) by the catalytic system under the condition of complete saturation of the catalyst with the substrate.
**Search condition:** The presence of an explicit marker of the maximum rate kinetic parameter (Vmax, Vm) in the local syntactic context or table header hierarchy.

**Processing steps:**
* Find the base numerical value syntactically or structurally (in a table) tied to the maximum rate parameter (denoted as Vmax, Vm, vmax) for a specific 'catalyst-substrate' pair.
* Mandatorily check table column/row headers or preceding text for the presence of factored-out common dimension multipliers (e.g., '10^−8', '×10^−7').
* If the number is written in exponential form (e.g., '8.32 × 10^−8') or has a multiplier factored out in the header, perform strict mathematical multiplication of the base number by the order of magnitude (mantissa).
* Convert the final calculated value into a standardized machine-readable format: either an exact decimal fraction (e.g., '0.0000000832') or scientific E-notation (e.g., '8.32E-08'). Arbitrary rounding of significant digits of the original value is categorically prohibited.


### Field: `width`
**Parameter essence:** The transverse linear dimension (width) of the primary nanoparticle. For isotropic morphologies (spherical, cubic particles), the width is geometrically equivalent to the diameter or basic 'size'. For anisotropic structures (nanorods, nanobelts), the width represents the transverse dimension perpendicular to the length. Characterizes the physical dimensions of the solid inorganic core.
**Search condition:** Capture the value only if there is a direct syntactic or contextual connection of the size to the target primary nanoparticle, confirmed by direct visualization methods (TEM, SEM), strictly excluding indirect (XRD) and liquid-phase (DLS) metrics.

**Processing steps:**
* Find numerical values describing the width, diameter, or overall size of the target nanoparticle.
* Based on morphology data, translate the diameter (for spherical particles) or overall size (for cubic particles) into the target width parameter.
* If the text simultaneously provides a wide size distribution range and an exact average size, prioritize extracting the average size.
* If an array of sizes for a series of syntheses is presented, extract the value corresponding to the specific target experiment.
* In the presence of a value indicating statistical error (e.g., '1.87 ± 0.40'), cut off the error and extract exclusively the basic average value.
* Remove text markers of approximation ('~', 'about', 'ca.', 'mainly') and units of measurement ('nm').
* Preserve the exact numerical value or range (in the format 'X-Y' or 'X-Y') if an exact average value is missing.

**Ignore (False positives):**
* Ignore crystallite/grain size, often calculated by X-ray diffraction methods (e.g., by the Debye-Scherrer formula). The target is the physical size of the entire nanoparticle.
* Ignore the sizes of secondary superstructures and macro-aggregates (e.g., micro-flowers) assembled from multiple primary nanoparticles. Extract the size strictly of the primary structural unit.
* Ignore the sizes of small surface domains or subparticles distributed on the surface of the main nanoparticle or forming its porous shell.
* Ignore the hydrodynamic diameter measured by the DLS method, as it includes the solvation shell and possible organic capsules (e.g., protein cages). The target is the size of the solid core (usually according to TEM/SEM data).


### Field: `width_unit`
**Parameter essence:** The unit of measurement of the transverse linear dimension (width, diameter, or equivalent dimension) of the investigated nanoparticle or its structural component.
**Search condition:** The presence in the text of a quantitative value explicitly describing the transverse dimension (width, diameter, size) of the target object, accompanied by a physical unit of measurement.

**Processing steps:**
* Search the text for numerical values or ranges semantically describing the width, diameter, or average size of nanoparticles.
* Tie the found unit of measurement to the corresponding physical parameter, even if it is specified once for a range (e.g., '5-20 nm') or inherited from the context.
* Exact extraction of the symbolic designation of the unit of measurement (e.g., 'nm') with the cutting off of numerical values, spaces, brackets, and punctuation marks.
p: Extracted Data:


  0%|          | 0/15 [00:00<?, ?it/s]Average Metric: 0.85 / 1 (85.0%):   0%|          | 0/15 [02:27<?, ?it/s]Average Metric: 0.85 / 1 (85.0%):   7%|▋         | 1/15 [02:27<34:22, 147.29s/it]Average Metric: 1.68 / 2 (84.2%):   7%|▋         | 1/15 [05:17<34:22, 147.29s/it]Average Metric: 1.68 / 2 (84.2%):  13%|█▎        | 2/15 [05:17<34:46, 160.53s/it]Average Metric: 1.68 / 2 (84.2%):  13%|█▎        | 2/15 [08:26<34:46, 160.53s/it]Average Metric: 1.68 / 2 (84.2%):  20%|██        | 3/15 [08:26<34:44, 173.71s/it]Average Metric: 2.46 / 3 (82.0%):  20%|██        | 3/15 [10:11<34:44, 173.71s/it]Average Metric: 2.46 / 3 (82.0%):  27%|██▋       | 4/15 [10:11<26:51, 146.47s/it]Average Metric: 3.26 / 4 (81.5%):  27%|██▋       | 4/15 [12:59<26:51, 146.47s/it]Average Metric: 3.26 / 4 (81.5%):  33%|███▎      | 5/15 [12:59<25:44, 154.42s/it]Average Metric: 4.23 / 5 (84.7%):  33%|███▎      | 5/15 [15:44<25:44, 154.42s/it]Average Metric: 4.23 / 5 (84.7%):  40%|████      | 6/15 [15:44<23:42, 158.05s/it]Average Metric: 4.95 / 6 (82.5%):  40%|████      | 6/15 [22:30<23:42, 158.05s/it]Average Metric: 4.95 / 6 (82.5%):  47%|████▋     | 7/15 [22:30<31:51, 238.94s/it]Average Metric: 5.94 / 7 (84.8%):  47%|████▋     | 7/15 [28:35<31:51, 238.94s/it]Average Metric: 5.94 / 7 (84.8%):  53%|█████▎    | 8/15 [28:35<32:34, 279.18s/it]Average Metric: 6.89 / 8 (86.2%):  53%|█████▎    | 8/15 [30:15<32:34, 279.18s/it]Average Metric: 6.89 / 8 (86.2%):  60%|██████    | 9/15 [30:15<22:18, 223.15s/it]Average Metric: 7.74 / 9 (86.0%):  60%|██████    | 9/15 [33:48<22:18, 223.15s/it]Average Metric: 7.74 / 9 (86.0%):  67%|██████▋   | 10/15 [33:48<18:20, 220.11s/it]Average Metric: 8.48 / 10 (84.8%):  67%|██████▋   | 10/15 [35:10<18:20, 220.11s/it]Average Metric: 8.48 / 10 (84.8%):  73%|███████▎  | 11/15 [35:10<11:51, 177.84s/it]Average Metric: 9.33 / 11 (84.9%):  73%|███████▎  | 11/15 [38:15<11:51, 177.84s/it]Average Metric: 9.33 / 11 (84.9%):  80%|████████  | 12/15 [38:15<08:59, 179.79s/it]Average Metric: 10.33 / 12 (86.1%):  80%|████████  | 12/15 [40:47<08:59, 179.79s/it]Average Metric: 10.33 / 12 (86.1%):  87%|████████▋ | 13/15 [40:47<05:42, 171.34s/it]Average Metric: 11.13 / 13 (85.6%):  87%|████████▋ | 13/15 [42:39<05:42, 171.34s/it]Average Metric: 11.13 / 13 (85.6%):  93%|█████████▎| 14/15 [42:39<02:33, 153.66s/it]Average Metric: 12.03 / 14 (85.9%):  93%|█████████▎| 14/15 [45:50<02:33, 153.66s/it]Average Metric: 12.03 / 14 (85.9%): 100%|██████████| 15/15 [45:50<00:00, 164.93s/it]Average Metric: 12.03 / 14 (85.9%): 100%|██████████| 15/15 [45:50<00:00, 183.39s/it]
